0000
0000
0000
0408
bf71
ca20
0008
0000
0008
0006
0008
000c
0008
0012
0008
0018
0008
001e
0008
0024
0008
002a
0008
0030
0000
0400
0000
0400
0000
0400
0000
0400
0000
0400
0000
0400
0000
0400
0000
0400
0000
0400
0000
0400
0000
0400
0000
0400
0000
0400
0008
0036
0008
003c
0008
0042
0008
0048
0008
004e
0008
0054
0008
005a
0000
0402
0008
0060
0008
0066
0008
006c
0008
0072
0008
0078
0008
007e
0008
0084
0008
008a
0008
0090
0008
0096
0008
009c
0008
00a2
0008
00a8
0008
00ae
0008
00b4
0000
0400
0000
0400
0000
0400
0000
0400
0000
0400
0000
0400
0000
0400
0000
0400
0000
0400
0000
0400
0000
0400
0000
0400
0000
0400
0000
0400
0000
0400
0000
0400
0000
0400
0000
0400
0000
0400
0000
0400
0000
0400
0000
0400
0000
0400
0000
0400
0000
0400
0000
0400
0000
0400
0000
0400
0000
0400
0000
0400
0000
0400
0000
0400
0000
0400
0000
0400
0000
0400
0000
0400
0000
0400
0000
0400
0000
0400
0000
0400
0000
0400
0000
0400
0000
0400
0000
0400
0000
0400
0000
0400
0000
0400
0000
0400
0000
0400
0000
0400
0000
0400
0000
0400
0000
0400
0000
0400
0000
0400
0000
0400
0000
0400
0000
0400
0000
0400
0000
0400
0000
0400
0000
0400
0000
0400
0000
0400
0000
0400
0000
0400
0000
0400
0000
0400
0000
0400
0000
0400
0000
0400
0000
0400
0000
0400
0000
0400
0000
0400
0000
0400
0000
0400
0000
0400
0000
0400
0000
0400
0000
0400
0000
0400
0000
0400
0000
0400
0000
0400
0000
0400
0000
0400
0000
0400
0000
0400
0000
0400
0000
0400
0000
0400
0000
0400
0000
0400
0000
0400
0000
0400
0000
0400
0000
0400
0000
0400
0000
0400
0000
0400
0000
0400
0000
0400
0000
0400
0000
0400
0000
0400
0000
0400
0000
0400
0000
0400
0000
0400
0000
0400
0000
0400
0000
0400
0000
0400
0000
0400
0000
0400
0000
0400
0000
0400
0000
0400
0000
0400
0000
0400
0000
0400
0000
0400
0000
0400
0000
0400
0000
0400
0000
0400
0000
0400
0000
0400
0000
0400
0000
0400
0000
0400
0000
0400
0000
0400
0000
0400
0000
0400
0000
0400
0000
0400
0000
0400
0000
0400
0000
0400
0000
0400
0000
0400
0000
0400
0000
0400
0000
0400
0000
0400
0000
0400
0000
0400
0000
0400
0000
0400
0000
0400
0000
0400
0000
0400
0000
0400
0000
0400
0000
0400
0000
0400
0000
0400
0000
0400
0000
0400
0000
0400
0000
0400
0000
0400
0000
0400
0000
0400
0000
0400
0000
0400
0000
0400
0000
0400
0000
0400
0000
0400
0000
0400
0010
23b0
0010
1aec
0010
1af6
0010
1b66
0010
1b70
0010
1bd6
0010
1be4
0010
1c92
0010
1c84
0010
248c
0010
3e64
0010
4268
0010
46aa
0010
48fe
0010
5156
0010
5364
0010
3cd2
0010
3d0e
0010
3d34
0010
3d5c
0010
3da0
0010
3e16
0010
3e1c
0010
466c
0010
48ac
0010
48be
0010
50fe
0010
5358
0010
5766
0010
57e6
0010
6116
0010
5cfe
0010
60b6
0010
60d0
0010
5794
4e73
6100
1c42
4e73
3e7c
0000
46fc
2600
13fc
0004
0080
001d
13fc
0000
0080
0007
13fc
0088
0080
001f
13fc
0000
0040
4019
13fc
0000
0027
0001
33fc
ffc6
0024
0000
33fc
fff0
0026
0000
13fc
0008
00a0
0005
13fc
0000
00a0
0007
6100
2f72
6100
2f5e
307c
000c
6100
1932
7e00
307c
0008
0708
0000
b043
6704
3e3c
ff00
307c
000d
6100
1918
323c
00ff
307c
0009
0708
0000
b043
6704
1e3c
00ff
3207
6600
191a
4dfa
1a08
7e09
2a5e
2c1e
7a00
383c
1111
3005
204d
3606
30c0
d044
51cb
fffa
3005
204d
3606
b058
670a
3228
fffe
b141
6600
18e8
d044
51cb
ffee
51cf
ffcc
6100
1b6c
0839
0002
0080
0009
6604
6000
1e52
1039
00b0
0005
4600
13c0
00b0
0005
4aa7
4a9f
b039
00b0
0005
6700
007c
6100
157c
6100
184a
41fa
1862
267c
0020
012e
323c
000f
6100
1824
31fc
0000
c000
4df9
00b0
0000
4bf9
00bc
0000
267c
0020
0400
3abc
0000
7e00
1e16
3807
c8fc
000c
d87c
000c
49f6
4000
4444
e444
5344
7c00
1c2e
0001
4dee
000a
7a00
6100
1762
78ff
5347
670c
49f9
00b0
0000
6100
1752
60f0
4a78
c000
6704
4e72
2600
1039
00b0
0005
4600
13c0
00b0
0005
4aa7
4a9f
b039
00b0
0005
660c
0839
0003
0080
0009
6700
0dd6
13fc
0001
0040
401b
4e72
2300
6100
065c
6100
0694
6100
0668
6100
0678
6100
069c
41fa
0138
227c
0040
0000
7e02
7c1f
2448
3a3c
0007
22da
51cd
fffc
51ce
fff2
41e8
0020
51cf
ffe8
41f9
0000
7a56
43f9
0028
0020
303c
0dbf
22d8
51c8
fffc
13fc
0000
0040
401b
4e72
2300
46fc
2600
207c
0000
b156
227c
0020
441a
7e23
7c0c
3a3c
0038
7800
6100
00c0
227c
0020
4d8a
7e32
7c05
3a3c
001a
383c
1000
6100
00aa
227c
0020
539a
7e24
7c01
3a3c
0036
383c
2000
6100
0094
31fc
ffff
fc80
7001
4e48
307c
c000
3c7c
fc00
224e
7000
727f
5241
4e43
31fc
000a
fc82
221e
6712
201e
225e
6100
003a
204a
4e4a
5378
fc82
66ea
7000
4e48
7000
2200
2400
2600
2800
2a00
2c00
2e00
2040
2240
2440
2640
2840
2a40
2c40
2e40
46fc
2700
4ef9
0008
00c0
4a78
fc80
6724
b3fc
0020
0000
651c
b3fc
0060
0000
6414
4278
fc80
48e7
c080
6100
0546
6100
052e
4cdf
0103
4e75
3407
3018
5240
d044
32c0
51ca
fff6
d2c5
51ce
ffee
4e75
0000
0fff
0f60
0960
0a00
0b00
0c00
0d00
0e00
0f00
0f00
0f00
0f00
0f00
0000
00f0
0000
0fff
0000
0000
0000
0000
0fea
0000
0ccc
0aaa
0888
0777
0666
0000
0000
0ff0
0000
0fff
0000
0000
0000
0000
0000
0000
00ff
00cf
00af
008d
006b
0000
0000
0000
6100
1322
227c
0000
f800
287c
0020
0000
247c
0028
0080
7e04
264c
3f3c
0018
6100
0022
47eb
00fc
5357
66f4
544f
584c
b9fc
0020
007c
65e2
6100
040a
287c
0020
0000
60d6
6100
14ee
6100
14ea
6100
14e6
6100
14e2
36c7
5247
36c7
5247
3747
007c
5247
3747
007e
5247
b3fc
0004
0000
6506
227c
0000
f800
be7c
1000
6508
247c
0028
0080
7e04
4e75
6100
042a
6100
0462
6100
0436
6100
0446
6100
046a
207c
0000
7256
227c
0028
0400
303c
01ff
22d8
51c8
fffc
41fa
03b0
227c
0040
0000
22d8
22d8
22d8
22d8
7000
207c
0020
0000
323c
3fff
3400
d47c
0020
30c2
5240
c07c
003f
51c9
fff0
6100
0362
6100
035e
41fa
0388
6100
4f1a
3a7c
c000
7002
6100
0040
6100
0348
7002
6100
0062
6100
033e
7003
6100
002c
6100
0334
7003
6100
004e
6100
032a
7004
6100
0018
6100
0320
7004
6100
003a
6100
0316
6100
0394
4e72
2600
3f00
6100
038a
7c00
2e3c
01ef
0000
363c
ffff
48e7
1300
6100
5450
4cdf
00c8
dc57
de57
bc7c
0180
65ea
301f
4e75
4840
2f00
6100
035c
7c00
2e3c
0000
017f
363c
ffff
48e7
1300
6100
5422
4cdf
00c8
dc97
de97
bcbc
01f0
0000
65e8
201f
4e75
6100
1190
6100
145e
41fa
0280
267c
0020
0c34
7205
6100
143a
41fa
0276
267c
0020
0d36
7204
6100
142a
41fa
026b
267c
0020
0e38
7203
6100
141a
41fa
025f
267c
0020
0f34
7205
6100
140a
7000
31c0
c000
31c0
c00c
11c0
c00f
11c0
c010
11fc
0004
c011
11fc
00ff
c00e
6100
013a
6100
0188
4e72
2300
1038
c00e
1239
0080
0009
11c1
c00e
1400
4600
c001
4601
c401
0800
0003
6706
6100
2a62
600a
0802
0003
6704
6100
2a4c
0802
0002
6716
6100
01a0
3038
c00c
5240
c07c
0003
31c0
c00c
6100
0180
c47c
0030
e44a
3038
c00c
e948
d440
4efb
2002
6000
ff9e
6000
003a
6000
004c
6000
0032
6000
ff8e
6000
0056
6000
0068
6000
004e
6000
ff7e
6000
0072
6000
0082
6000
006a
6000
ff6e
6000
008a
6000
0090
6000
0082
3038
c000
5240
c07c
03ff
31c0
c000
6100
0084
6000
ff4c
3038
c000
5340
c07c
03ff
31c0
c000
6100
006e
6000
ff36
1038
c010
5200
c03c
000f
11c0
c010
6100
00aa
6000
ff20
1038
c010
5300
c07c
000f
11c0
c010
6100
0094
6000
ff0a
1038
c011
5200
c03c
0007
11c0
c011
617e
6000
fef6
1038
c011
5300
c03c
0007
11c0
c011
616a
6000
fee2
5238
c00f
610e
6000
fed8
5338
c00f
6104
6000
fece
3038
c000
6100
00c6
21c3
c002
41f8
c002
267c
0020
0c40
7203
6100
1294
1238
c00f
6100
00b2
31c3
c006
41f8
c006
267c
0020
0f40
7201
6100
1278
7e00
1038
c00f
1c00
e14e
1c00
3006
4846
3c00
3038
c000
4e45
4e75
1238
c010
6100
007c
31c3
c008
1238
c011
6100
0070
31c3
c00a
41f8
c008
267c
0020
0d40
7201
6100
1236
41f8
c00a
267c
0020
0e40
7201
6100
1226
1038
c011
e948
8038
c010
6000
28c4
611a
30bc
0054
317c
0055
0080
4e75
610c
30bc
0020
317c
0020
0080
4e75
3038
c00c
d07c
000c
e148
d07c
0030
207c
0020
0000
d0c0
4e75
3200
e049
6102
3200
3401
e84a
6102
3401
e18b
c47c
000f
163b
2019
4e75
536f
756e
6420
4e6f
7465
204f
6374
204c
6576
656c
2030
3132
3334
3536
3738
3941
4243
4445
4600
0839
0002
0080
0009
66f6
303c
4e20
51c8
fffe
0839
0002
0080
0009
67f6
4e75
07d4
0ccb
00ff
0998
0bba
0000
000f
0fff
0000
7fff
100f
20f0
4f00
30ff
5f0f
6ff0
7fff
100f
20f0
4f00
30ff
5f0f
6ff0
0fff
0a00
7fff
100f
20f0
4f00
30ff
5f0f
6ff0
7fff
100f
20f0
4f00
30ff
5f0f
6ff0
0000
7200
207c
0020
0000
303c
2803
20c1
51c8
fffc
4e75
7200
207c
0028
0000
303c
7fff
20c1
51c8
fffc
4e75
7200
207c
0040
0000
303c
087f
20c1
51c8
fffc
4e75
7200
207c
0020
c000
303c
07ff
20c1
51c8
fffc
4e75
72ff
207c
0060
0000
303c
ffff
20c1
51c8
fffc
4e75
2a7c
00b0
0001
7001
4e48
082d
0000
0000
66f8
1b7c
00d0
0000
082d
0000
0000
66f8
1b7c
00c0
0006
1b7c
00fe
0000
082d
0000
0000
66f8
1b7c
008a
0006
1b7c
00fd
0000
6100
0c16
6500
003a
307c
c000
082d
0000
0000
66f8
1b7c
00e0
0000
082d
0000
0008
660a
082d
0001
0008
67f0
600c
10ed
0006
082d
0001
0008
67e2
13fc
0000
00b0
000b
4e75
2f08
303c
0050
d040
5340
3f00
2a7c
00b0
0001
7001
4e48
082d
0004
0008
6700
0cb2
082d
0000
0000
66f8
1b7c
00d0
0000
082d
0000
0000
66f8
1b7c
00c0
0006
1b7c
00fe
0000
082d
0000
0000
66f8
1b7c
008a
0006
1b7c
00fd
0000
6100
0b00
7e00
247c
0000
64b8
3a17
204a
6100
0b6e
6100
005c
082d
0002
0000
6600
0c72
5247
be7c
0050
6706
be7c
008c
6604
6100
0ad0
303c
0320
51c8
fffe
51cd
ffd0
6100
0ac0
3c1f
245f
7e00
204a
7601
6100
09de
6500
0c56
6100
0966
54cb
fff2
6500
0c4a
5247
51ce
ffe4
13fc
0000
00b0
000b
4e75
3f18
7c01
082d
0000
0000
66f8
1b7c
00f4
0000
7800
6100
009a
7400
1418
2248
2049
7802
6100
008c
3007
e208
6100
0bbc
082d
0001
0008
6600
0be2
3007
c03c
0001
6100
0ba8
082d
0001
0008
6600
0bce
1006
5206
6100
0b96
082d
0001
0008
6600
0bbc
1018
6100
0b86
082d
0001
0008
6600
0bac
7804
6100
003e
3218
1018
6100
0b6e
082d
0001
0008
56c9
fff4
6600
0b90
7801
6100
0022
51ca
ff8c
5288
5357
6600
ff7e
548f
103c
004e
6100
0b44
082d
0001
0008
67f4
4e75
7200
1218
1018
082d
0000
0008
660c
082d
0001
0008
67f0
6000
0b50
1b40
0006
51c9
ffe6
51cc
ffdc
4e75
1439
00b0
0005
4602
13c2
00b0
0005
4aa7
4a9f
b439
00b0
0005
6600
007a
2a7c
00b0
0001
2400
2801
082d
0000
0000
66f8
1b7c
00d0
0000
082d
0000
0000
66f8
1b7c
00c0
0006
1b7c
00fe
0000
082d
0000
0000
66f8
1b7c
008a
0006
1b7c
00fd
0000
2204
2002
6100
0908
2448
6100
0786
6500
0aec
41f2
6000
203c
0000
2f00
9046
7c00
9280
6404
d081
7200
5340
12d8
51c8
fffc
5247
4a81
66d4
4e75
6100
08e2
33c7
00bc
0000
41f9
00b0
0000
d1c6
203c
0004
0000
9086
7c00
9280
6404
d081
7200
12d8
5380
64fa
5247
4a81
66d4
4e75
1439
00b0
0005
4602
13c2
00b0
0005
4aa7
4a9f
b439
00b0
0005
6600
ffb4
2a7c
00b0
0001
2400
2801
082d
0000
0000
66f8
1b7c
00d0
0000
082d
0000
0000
66f8
1b7c
00c0
0006
1b7c
00fe
0000
082d
0000
0000
66f8
1b7c
008a
0006
1b7c
00fd
0000
2204
2002
6100
0842
2448
be28
2f00
6700
ff3c
6000
ff30
1439
00b0
0005
4602
13c2
00b0
0005
4aa7
4a9f
b439
00b0
0005
6600
00a6
2a7c
00b0
0001
2400
2801
082d
0004
0008
6700
09ca
082d
0000
0000
66f8
1b7c
00d0
0000
082d
0000
0000
66f8
1b7c
00c0
0006
1b7c
00fe
0000
082d
0000
0000
66f8
1b7c
008a
0006
1b7c
00fd
0000
2204
2002
6100
07c6
2448
6100
0644
6500
09aa
41f2
6000
203c
0000
2f00
9046
7c00
9280
6404
d081
7200
5340
3400
10d9
51c8
fffc
7601
6100
0710
6500
0988
6100
0698
54cb
fff2
6500
097c
5247
4a81
670c
b2bc
0000
2f00
64bc
6000
ffb2
4e75
1039
00b0
0005
4600
13c0
00b0
0005
4aa7
4a9f
b039
00b0
0005
6600
00b2
2a7c
00b0
0001
3f01
2f09
082d
0000
0000
66f8
1b7c
00d0
0000
082d
0000
0000
66f8
1b7c
00c0
0006
1b7c
00fe
0000
082d
0000
0000
66f8
1b7c
008a
0006
1b7c
00fd
0000
7e00
2448
6100
0592
6408
7e00
6100
01c8
6008
6100
01ee
6400
0030
7e01
6100
057a
640a
7e01
6100
01b0
6000
003e
6100
01d4
6500
0036
7e00
6100
0656
6500
08ce
6100
05de
6500
08c6
6010
7e01
6100
0738
6100
05ce
6404
6100
015e
204a
225f
321f
5341
12d8
51c9
fffc
4e75
5c8f
44fc
0001
4e75
3c01
7e00
6100
01b0
6400
002e
3e3c
2000
6100
01a4
6500
003e
41f9
00b8
2000
45f9
00b8
0000
303c
07ff
24d8
51c8
fffc
6100
01ac
6500
0ca4
6012
6100
01a2
640c
6100
0184
6100
0198
6500
0c90
5346
12d8
51ce
fffc
4e75
44fc
0001
4e75
1039
00b0
0005
4600
13c0
00b0
0005
4aa7
4a9f
b039
00b0
0005
6600
0080
2a7c
00b0
0001
2801
082d
0004
0008
6700
07e4
082d
0000
0000
66f8
1b7c
00d0
0000
082d
0000
0000
66f8
1b7c
00c0
0006
1b7c
00fe
0000
082d
0000
0000
66f8
1b7c
008a
0006
1b7c
00fd
0000
2204
2448
5341
10d9
51c9
fffc
6100
00c6
7e00
6100
054c
6506
6100
04d6
6404
6100
0066
7e01
6100
053a
6506
6100
04c4
6404
6100
0054
4e75
2448
2648
5341
10d9
51c9
fffc
204a
343c
0ffe
6100
0090
204b
45f9
00b8
0000
303c
07ff
24d8
51c8
fffc
204b
45f9
00b8
0000
303c
0fff
3218
341a
b541
56c8
fff8
6600
0ba4
6100
008c
6100
00a0
6500
0b98
4e75
3f3c
0005
6100
001c
6100
04d0
6500
0748
6100
0458
6408
5357
66ea
6000
073a
548f
4e75
082d
0004
0008
6700
06fc
6100
0580
2f08
207c
0000
64b8
6100
05f2
6100
fae0
082d
0002
0000
6600
06f6
205f
4e75
204a
343c
177e
7000
3218
b340
e248
6404
0a40
8810
51ca
fff2
b050
6706
3080
44fc
0001
4e75
41f9
00b8
0000
d0c7
343c
0ffe
60d4
41f9
00b8
0000
43f9
00b8
2000
303c
07ff
24d8
51c8
fffc
4e75
41f9
00b8
0000
45f9
00b8
2000
303c
0fff
3218
341a
b541
56c8
fff8
6704
44fc
0001
4e75
013e
02be
04be
063e
083e
093e
0a3e
1222
1322
1256
1356
14be
15be
16be
0c3e
0dbe
13fc
0001
0040
401b
4e72
2300
6100
f888
6100
f8c0
6100
f894
6100
f8a4
6100
f8c8
41fa
f854
6100
43c6
13fc
0000
0040
401b
4e72
2300
46fc
2600
3a7c
c000
41f9
0000
6db0
49fa
ff9c
7e0a
267c
0020
4000
d6dc
6100
079a
51cf
fff2
41f9
0000
70ce
7e02
267c
0020
4000
d6dc
6100
0782
51cf
fff2
203c
0064
00c0
6100
0daa
49fa
0f26
301c
d07c
0064
321c
d27c
00c0
6100
43e0
203c
0134
00c0
6100
0d8c
49fa
0f0e
301c
d07c
0134
321c
d27c
00c0
6100
43c2
548c
301c
d07c
0134
321c
d27c
00c0
6100
43b0
2a7c
00b0
0001
082d
0000
0000
66f8
1b7c
00d0
0000
082d
0000
0000
66f8
1b7c
00c0
0006
1b7c
00fe
0000
082d
0000
0000
66f8
1b7c
008a
0006
1b7c
00fd
0000
6100
f72c
7001
6100
0492
640a
7000
6100
048a
6000
ffec
082d
0004
0008
6700
002c
6100
f78e
7000
6100
0472
41f9
0000
6fb6
49fa
fed0
6100
01c6
41f9
0000
70ce
49fa
febc
6100
01b4
6000
ffb8
3e3c
0050
de47
be7c
000a
6400
002c
6100
f756
7000
6100
043a
41f9
0000
6fb6
49fa
fe98
6100
018e
41f9
0000
70ce
49fa
fe84
6100
017c
6000
ff80
3f07
7e00
3f07
6100
f726
41f9
0000
7086
49fa
fe6e
6100
0164
3e1f
3c17
bc7c
0028
6504
3c3c
0028
5346
287c
fff4
0000
347c
c000
6100
015a
303c
0bbf
204a
28d8
51c8
fffc
5247
51ce
ffec
3f07
7000
6100
03ca
6100
f6dc
41f9
0000
7166
49fa
fe1e
6100
0116
6100
f648
7001
6100
03ae
640a
7000
6100
03a6
6000
ffec
082d
0004
0008
6600
002c
6100
f6aa
7000
6100
038e
41f9
0000
7018
49fa
fdec
6100
00e2
41f9
0000
7166
49fa
fdd8
6100
00d0
6000
ffb8
6100
f680
41f9
0000
70aa
49fa
fdc8
6100
00be
3e1f
3c17
bc7c
0028
6504
3c3c
0028
9e46
5346
287c
fff4
0000
347c
c000
3f06
303c
0bbf
204a
20dc
51c8
fffc
6100
fcc0
5247
3c1f
51ce
ffe8
7000
6100
0320
0457
0028
6300
0058
3f07
6100
f628
41f9
0000
70ce
49fa
fd6a
6100
0062
6100
f594
7001
6100
02fa
640a
7000
6100
02f2
6000
ffec
082d
0004
0008
6700
001e
6100
f5f6
7000
6100
02da
41f9
0000
6fb6
49fa
fd38
6100
002e
6000
ffb8
3e1f
6000
feae
6100
f5d4
544f
41f9
0000
720a
49fa
fd1a
6100
0010
6100
f53e
4e40
6000
fd10
7e02
6002
7e01
267c
0020
4000
d6dc
6100
04ea
51cf
fff2
4e75
082d
0007
0008
6700
0332
204a
3a3c
0004
2401
6100
01d8
2202
082d
0000
0000
66f8
1b7c
0001
0004
082d
0000
0000
66f8
1b7c
0006
0006
103c
0096
0807
0000
6704
08c0
0003
082d
0000
0000
66f8
1b40
0000
343c
2eff
6100
02b6
10c0
082d
0001
0008
56ca
fff2
1087
082d
0000
0000
66f8
102d
0000
c03c
00fc
670e
204a
6100
0150
51cd
ff92
44fc
0001
4e75
082d
0007
0008
6700
02ac
204a
082d
0000
0000
66f8
1b7c
0001
0004
082d
0000
0000
66f8
1b7c
0006
0006
103c
0096
0807
0000
6704
08c0
0003
082d
0000
0000
66f8
1b40
0000
343c
2eff
6100
023c
b018
661c
082d
0001
0008
56ca
fff0
082d
0000
0000
66f8
102d
0000
c03c
00fc
6704
44fc
0001
4e75
082d
0007
0008
6700
023c
204a
3a3c
0004
2401
6100
00e2
2202
082d
0000
0000
66f8
1b7c
0001
0004
082d
0000
0000
66f8
1b7c
0006
0006
103c
00b6
0807
0000
6704
08c0
0003
082d
0000
0000
66f8
1b40
0000
343c
2eff
1018
6100
01d6
082d
0001
0008
56ca
fff2
1087
082d
0000
0000
66f8
102d
0000
c03c
00fc
670e
204a
6100
005a
51cd
ff92
44fc
0001
4e75
2c00
8cfc
2f00
3e06
5447
4846
4e75
2c00
33fc
0000
00bc
0000
7000
1039
00b0
0000
c0fc
000c
d07c
008a
dc80
2e06
4847
e44f
ccbc
fffc
0000
4e75
323c
003c
6106
51c9
fffc
4e75
303c
2710
51c8
fffe
4e75
082d
0000
0000
66f8
1b7c
0000
0000
082d
0001
0008
67f8
082d
0006
0008
6600
0162
4e75
1007
e208
b02d
0002
6404
6100
ffd2
7001
3207
e209
082d
0000
0000
66f8
1b41
0006
3207
c23c
0001
e509
d23c
000a
1b41
000a
082d
0000
0000
66f8
1b7c
0014
0000
082d
0001
0008
67f8
082d
0004
0000
670c
6100
ff8e
51c8
ffbc
6000
011e
4e75
3207
e209
b22d
0002
6404
6100
ff76
082d
0000
0000
66f8
1b41
0006
082d
0000
0000
66f8
1b7c
0010
0000
3207
c23c
0001
e509
d23c
000a
1b41
000a
082d
0001
0008
67f8
4e75
4a40
660a
13fc
0000
00b0
000b
4e75
13fc
000a
00b0
000b
6100
ff12
0839
0007
00b0
0009
6658
2a7c
00b0
0001
082d
0000
0000
66f8
1b7c
00d0
0000
082d
0000
0000
66f8
1b7c
00c0
0006
1b7c
00fe
0000
082d
0000
0000
66f8
1b7c
008a
0006
1b7c
00fd
0000
1b7c
001a
000a
6100
fed8
3e3c
0002
6100
ff4e
082d
0007
0008
6700
0036
8040
4e75
082d
0000
0008
660a
082d
0001
0008
67f0
4e75
102d
0006
4e75
082d
0000
0008
660a
082d
0001
0008
67f0
4e75
1b40
0006
4e75
303c
0000
6000
0036
303c
0001
6000
002e
303c
0002
6000
0026
303c
0004
6000
001e
303c
0003
6000
0016
303c
0005
6000
000e
303c
0006
6000
0006
303c
0007
3e7c
0000
46fc
2600
3f00
6100
007e
301f
207c
0000
6524
d040
41f0
0000
d0d0
247c
0028
0080
7e04
267c
0020
0c3c
6100
00c4
267c
0020
0dbc
6100
00ba
4e40
7000
4e48
08b9
0007
0020
a008
7401
363c
0080
6100
0024
5042
51cb
fff8
13fc
0080
0020
a008
7400
363c
0040
6100
000c
4e71
51cb
fff8
6000
ffce
323c
0300
e158
13c0
0080
000f
e158
d042
51c9
fff2
4e75
13fc
0004
0080
001d
6100
f182
6100
f192
6100
f1a2
6100
f1b2
6100
f1c2
33fc
ffff
0060
0000
227c
0040
0000
343c
00ff
47fa
f11c
244b
7207
22da
51c9
fffc
51ca
fff4
13fc
0000
0040
401b
4e75
2248
7000
3219
670c
c27c
7000
e959
d03b
1006
60f0
4e75
0101
0201
0202
0202
6100
ffe0
c07c
fffe
96c0
7000
3018
6602
4e75
3200
e788
2240
d241
6b00
0026
d241
6a00
0048
d241
6a00
001a
6100
017a
5089
6100
0174
36c7
5247
3747
007e
5247
6000
ffca
6100
0162
6100
015e
6100
015a
6100
0156
36c7
5247
36c7
5247
3747
007c
5247
3747
007e
5247
6000
ffa2
6100
013a
3747
0080
5247
548b
6000
ff92
6100
ff66
c07c
fffe
96c0
7000
3018
6602
4e75
3200
e788
2240
d241
6b00
0024
d241
6a00
003e
d241
6a00
0018
6100
00f2
47eb
0080
5089
6100
00e8
47eb
ff82
6000
ffcc
6100
00dc
548b
6100
00d6
47eb
007e
6100
00ce
548b
6100
00c8
47eb
ff82
6000
ffac
47eb
0080
6100
00b8
47eb
ff82
6000
ff9c
6100
fef6
c07c
fffe
d040
d040
9e40
7000
3018
6602
4e75
284b
425c
38fc
003f
240a
ea8a
c47c
3fff
38c2
38c6
3200
e788
2240
d241
6b00
0030
d241
6a00
005a
d241
6a00
0024
4847
3007
d07c
1000
38c0
4847
38c7
5047
6100
0068
5089
6100
0062
47eb
0010
6000
ffac
4847
3007
d07c
1000
38c0
4847
3007
d07c
1000
38c0
de7c
0010
6100
003e
6100
003a
6100
0036
6100
0032
47eb
0010
6000
ff7c
4847
3007
5040
38c0
4847
38c7
5047
6100
0018
47eb
0010
6000
ff62
7000
3013
eb88
d0bc
0028
0000
2440
7407
1019
7200
d000
e951
d000
e951
d000
e951
d000
d341
34c1
4841
d000
e951
d000
e951
d000
e951
d000
d341
34c1
51ca
ffd4
4e75
6100
000c
528c
6100
0006
da46
4e75
41fa
00ae
7204
6100
0068
204e
7203
6100
0060
588e
3606
204c
3204
3a85
6100
00ac
5343
6712
5245
3a85
91fc
0004
0000
72ff
6100
009a
60ea
3abc
0000
41fa
007e
b05e
670a
41fa
007c
31fc
ffff
c000
7205
6100
0020
200b
3200
c27c
007f
b27c
0078
650a
c07c
ff80
d07c
0180
2640
9a46
5245
4e75
7000
1018
d040
36c0
5240
3740
007e
51c9
fff2
4e75
227c
0001
9400
247c
0028
0800
3e3c
00bf
6100
ff2a
5089
51cf
fff8
4e75
496e
6974
6961
6c20
524f
4d20
5465
7374
2052
4f4d
2020
5241
4d20
2047
6f6f
6420
2042
6164
2020
323c
fffc
7000
0508
0000
5888
b540
e248
6404
0a40
8810
51c9
ffee
4e75
2808
3a01
46fc
2600
6100
fcc6
207c
0000
6810
247c
0028
0080
267c
0020
0140
7e04
6100
fd16
267c
0020
02c0
6100
fd0c
267c
0020
0540
2044
3205
43fa
0108
b1d1
6506
b1e9
0004
6506
43e9
000a
60f0
41e9
0008
d0d0
3418
3010
c041
671c
48e7
6080
2068
0002
6100
fcd4
200b
c07c
ff80
d07c
01c0
2640
4cdf
0106
5c88
51ca
ffda
4e72
2600
3a01
46fc
2600
6100
fc48
6100
ff16
207c
0000
6810
247c
0028
2000
267c
0020
0140
3e3c
0100
6100
fc92
267c
0020
02c0
6100
fc88
267c
0020
0536
3205
c27c
ff00
670e
43f9
00b0
0002
6112
ca7c
00ff
6708
43f9
00b0
0006
6104
4e72
2600
41fa
fef7
7203
6100
feac
2049
7203
6100
fea4
47eb
0170
4e75
0008
0000
0000
ffff
000a
0000
0000
ffff
fff0
0000
0000
ffff
fff2
0000
0000
ffff
0020
0000
0000
5007
0020
c000
0000
0fff
0028
0000
0000
ffff
0040
0000
0000
10ff
0060
0000
0000
ffff
0062
0000
0000
ffff
0000
0000
0003
ffff
0066
0008
0000
000a
0000
006a
000a
0000
000c
0000
007a
fff0
0000
fff2
0000
008a
fff2
0000
0004
0000
009a
0020
0000
0021
0000
00aa
0028
0000
0029
0000
00ae
0029
0000
002a
0000
00b2
0040
0000
0040
2200
00b6
0060
0000
0062
0000
00ba
0062
0000
0064
0000
00ca
0001
00ff
0000
6c18
ff00
0000
6c24
0003
000f
0000
6c30
00f0
0000
6c3c
0f00
0000
6c48
f000
0000
6c54
0003
000f
0000
6c60
00f0
0000
6c6c
0f00
0000
6c78
f000
0000
6c84
0003
000f
0000
6c90
00f0
0000
6c9c
0f00
0000
6ca8
f000
0000
6cb4
0003
000f
0000
6cc0
00f0
0000
6ccc
0f00
0000
6cd8
f000
0000
6ce4
0001
00ff
0000
6d68
ff00
0000
6d74
0001
00ff
0000
6d80
ff00
0000
6d8c
0001
00ff
0000
6d98
ff00
0000
6da4
0001
00ff
0000
6d50
ff00
0000
6d5c
0003
000f
0000
6cf0
00f0
0000
6cfc
0f00
0000
6d08
f000
0000
6d14
0003
000f
0000
6d20
00f0
0000
6d2c
0f00
0000
6d38
f000
0000
6d44
41fa
0014
227c
0008
0000
303c
005c
32d8
51c8
fffc
4e75
4ef9
0000
0400
4ef9
0000
0400
4ef9
0000
0400
4ef9
0000
0400
4ef9
0000
0400
4ef9
0000
0400
4ef9
0000
0400
4ef9
0000
0400
4ef9
0000
0400
4ef9
0000
2116
4ef9
0000
2116
4ef9
0000
2116
4ef9
0000
2116
4ef9
0000
2116
4ef9
0000
2116
4ef9
0000
2116
4ef9
0000
212a
4ef9
0000
2130
4ef9
0000
2136
4ef9
0000
2170
4ef9
0000
2176
4ef9
0000
2182
4ef9
0000
2196
4ef9
0000
2142
4ef9
0000
217c
4ef9
0000
213c
4ef9
0000
0400
4ef9
0000
0400
4ef9
0000
0400
4ef9
0000
0400
4ef9
0000
0400
3f00
303c
0080
51c8
fffe
4a39
00a0
0005
301f
4e73
6100
ebca
4e73
6100
ee9c
4e73
6100
ed5e
4e73
6100
ee1e
4e73
1239
00b0
0005
4601
13c1
00b0
0005
4aa7
4a9f
b239
00b0
0005
6606
6100
f7b0
6506
422f
0001
4e73
1f7c
0001
0001
4e73
6100
f888
4e73
6100
1172
4e73
6100
11c6
4e73
6100
ef0c
6506
422f
0001
4e73
1f7c
0001
0001
4e73
6100
f01e
4e73
2f00
4dfa
0048
301e
6604
588f
4e75
4efb
0002
4e75
6004
6012
601e
2c1e
dc97
2e1e
de97
361e
6100
3b3c
60dc
2e1e
de97
3a1e
361e
6100
35c4
60ce
301e
d057
321e
d26f
0002
284e
6100
3604
548e
60ba
0002
0000
0000
0050
0000
ffff
0002
0050
0000
0050
0048
ffff
0002
0050
0048
0048
0050
ffff
0002
0048
0050
0000
0050
ffff
0002
0000
0050
0000
0000
ffff
0002
0010
0050
0010
0038
1111
0002
0010
0038
0040
0038
1111
0002
0040
0038
0040
0050
1111
0002
0040
0050
0010
0050
1111
0002
0030
003c
0038
003c
ffff
0002
0038
003c
0038
004c
ffff
0002
0038
004c
0030
004c
ffff
0002
0030
004c
0030
003c
ffff
0002
0044
0008
0049
0008
ffff
0002
0049
0008
0049
000c
ffff
0002
0049
000c
0044
000c
ffff
0002
0044
000c
0044
0008
ffff
0002
0005
0003
000c
0003
1111
0002
000c
0003
000c
000d
1111
0002
000c
000d
0005
000d
1111
0002
0005
000d
0005
0003
1111
0002
0005
0008
000c
0008
1111
0004
0028
0028
000b
1111
0006
0028
0028
1111
0006
0028
0004
ffff
0006
0028
0046
1111
0006
0034
0046
ffff
0000
000a
0006
2222
000a
0009
2222
000a
0006
ffff
0004
0504
0102
0302
0606
0606
3f3c
0000
13fc
0004
0080
001d
13fc
0008
00a0
0005
6100
fcf6
6100
1068
33fc
ffc6
0024
0000
33fc
fff0
0026
0000
13fc
0001
0040
401b
4e72
2300
41fa
ffba
227c
0040
4001
2018
01c9
0000
2018
01c9
0008
2018
01c9
0010
6100
0020
3e3c
0100
43fa
165c
6100
144a
6100
00ec
7e01
43fa
168e
6100
143c
6000
01be
13fc
0001
0040
401b
303c
3e80
51c8
fffe
6100
e84e
6100
e85e
6100
e86e
6100
e87e
6100
e88e
33fc
ffff
0060
0000
41fa
15a6
7e0b
2c3c
0040
0000
2248
d2d8
3c18
2446
7007
24d9
51c8
fffc
51cf
ffee
13fc
0000
0040
401b
303c
3e80
51c8
fffe
227c
0001
9600
247c
0028
0040
7e13
6100
f876
5089
51cf
fff8
2848
7e16
7c03
205c
365c
d7fc
0020
4000
6100
f6c0
de7c
1000
51ce
ffec
7c0f
207c
0020
4098
7000
6100
134c
6100
1348
5488
51ce
fff4
247c
0028
1000
3c3c
1111
7000
7407
6100
1340
6100
133c
6100
1338
4840
d046
51ca
ffee
7e00
6100
1338
6100
1334
6100
1330
6000
132c
13fc
0001
0040
401b
303c
3e80
51c8
fffe
6100
e772
6100
e782
6100
e792
6100
e7a2
6100
e7b2
33fc
ffff
0060
0000
41fa
153a
6100
32a8
13fc
0000
0040
401b
303c
3e80
51c8
fffe
2c3c
0000
0000
2e3c
01ef
0000
7a10
383c
0017
363c
1111
6100
3816
dc45
de45
51cc
fff2
2c3c
0000
017f
2e3c
01ef
017f
363c
1111
6100
37fa
2c3c
0000
0000
2e3c
0000
017f
7a10
4845
383c
001e
363c
1111
6100
37de
dc85
de85
51cc
fff2
2c3c
01ef
0000
2e3c
01ef
017f
363c
1111
6100
37c2
2c3c
0008
0008
7a10
3e3c
001e
383c
0017
363c
1111
6100
3b62
dc45
51cc
fff4
3c3c
0008
4846
dc45
4846
51cf
ffe2
4e75
13fc
0001
0040
401b
4e72
2300
6100
e6aa
6100
e692
41fa
1472
6100
31e0
13fc
0000
0040
401b
4e72
2300
4dfa
0222
3f3c
0011
6100
020e
5357
66f8
267c
0020
4194
41f9
0000
3ca4
6100
f5be
267c
0020
41d0
41f9
0000
3cba
6100
f5ae
41f9
0000
3b74
267c
0020
430a
2a4b
4280
1018
6738
b03c
000d
673a
b03c
00ff
6700
003e
b03c
0020
6700
001c
d07c
0c80
eb88
2240
6100
f68c
47eb
0080
5089
6100
f682
47eb
ff80
d6fc
0002
6000
ffc4
d6fc
000a
6000
ffbc
264d
47eb
0100
6000
ffb0
7e01
43fa
140e
7000
3007
c07c
ff80
e448
d0bc
0040
0000
2040
4e72
2300
2091
2151
0020
7000
3007
eb88
d0bc
0028
0000
2440
207c
0000
68ae
47f9
0020
153c
6100
f48c
47f9
0020
16bc
6100
f482
7800
7a00
13fc
0000
ffff
b002
207c
0080
0009
1210
13c1
ffff
b000
207c
0080
0009
0c39
0001
ffff
b002
660a
1010
0800
0002
6600
01ce
1239
ffff
b000
1010
1e00
1400
4600
c001
1202
13c2
ffff
b000
0800
0002
6700
000a
13fc
0001
ffff
b002
4bf9
0000
2858
6100
0088
4bf9
0000
2840
1e39
0080
0001
6100
0078
4bf9
0000
2848
1e39
0080
0003
6100
0068
4bf9
0000
2850
1e39
0080
0005
6100
0058
6100
0006
6000
ff7e
5205
ca3c
001f
6702
4e75
3204
5301
c23c
0001
41f9
0000
2866
e149
267c
0020
4364
d6c1
6100
f442
7004
e928
13c0
0080
0007
41f9
0000
2860
3204
e149
267c
0020
4364
d6c1
6100
f422
5204
c83c
0001
4e75
4286
e20f
6500
000a
6100
0014
6000
0006
6100
0016
5206
bc3c
0008
66e6
4e75
41f9
0000
2860
6000
0008
41f9
0000
2866
4281
1235
6800
e809
eb49
4283
1635
6800
c63c
000f
e14b
267c
0020
4322
d6c1
d6c3
6100
f3c8
4e75
2c1e
2e1e
363c
1111
6000
3548
0024
0014
0124
0014
012c
0014
01ac
0014
0024
002c
0124
002c
012c
002c
01ac
002c
012c
0054
01ac
0054
0024
0134
0124
0134
0024
0014
0024
0134
0124
0014
0124
0134
012c
0014
012c
0054
01ac
0014
01ac
0054
006c
002c
006c
0134
0084
002c
0084
0134
00a4
002c
00a4
0134
00ec
002c
00ec
0134
0104
002c
0104
0134
0174
002c
0174
0054
018c
002c
018c
0054
0001
0203
0405
0607
1011
1213
1415
1617
0809
0a0b
1819
1a1b
0c0d
0e0f
1c1d
1e1f
333c
3338
0000
3280
3280
0000
13fc
0000
0080
0007
13fc
0001
0040
401b
4e72
2300
6100
e3a2
6100
e38a
207c
0000
6b88
247c
0061
0000
267c
0060
0010
3c3c
0800
2e3c
0008
0100
6100
f330
23fc
0000
7fff
0040
2004
33fc
0203
0060
8000
33fc
100f
0040
0002
33fc
20f0
0040
0402
33fc
4f00
0040
0802
33fc
30ff
0040
0c02
33fc
ffff
0060
1000
41fa
0ea0
6100
0dd6
41fa
0e0c
227c
0060
0000
22d8
22d8
22d8
227c
0001
3820
247c
0028
0040
7e07
6100
f388
51cf
fffa
08b9
0007
0020
a008
13fc
0080
0020
a00a
13fc
0080
0020
a00c
13fc
0080
0020
a00e
207c
0020
0000
203c
0002
0003
223c
0004
0005
6100
0b72
d0bc
1000
1000
d2bc
1000
1000
6100
0b62
203c
2006
2007
223c
2008
2009
6100
0b52
d0bc
1000
1000
d2bc
1000
1000
6100
0b42
13fc
0000
0040
401b
4e72
2300
303c
003c
6100
0ec0
6600
0210
6100
0b44
4e72
2300
51c8
ffee
13fc
0080
0020
a008
08b9
0007
0020
a00c
303c
003c
6100
0e98
6600
01e8
6100
0b32
4e72
2300
51c8
ffee
207c
0020
c000
70ff
323c
07ff
20c0
51c9
fffc
13fc
0080
0020
a00c
08b9
0007
0020
a00a
303c
003c
6100
0e5e
6600
01ae
6100
0b0e
4e72
2300
51c8
ffee
13fc
0080
0020
a00a
08b9
0007
0020
a00e
303c
003c
6100
0e36
6600
0186
6100
0afe
4e72
2300
51c8
ffee
207c
0020
c000
70ff
7200
343c
017f
20c0
51ca
fffc
343c
027f
20c1
51ca
fffc
343c
017f
20c0
51ca
fffc
343c
027f
20c1
51ca
fffc
13fc
0007
0040
4019
33fc
00f8
0022
0000
08b9
0007
0020
a008
08b9
0007
0020
a00a
08b9
0007
0020
a00c
303c
003c
6100
0dc4
6600
0114
6100
0a48
6100
0a5a
6100
0a6c
6100
0a80
4e72
2300
51c8
ffe2
303c
8000
33c0
0020
a000
33c0
0020
a002
33c0
0020
a004
33c0
0020
a006
7000
23c0
0020
a008
23c0
0020
a00a
23c0
0020
a00c
23c0
0020
a00e
3c3c
003c
7a00
6100
0d68
6600
00b8
3205
6100
0a56
da7c
0010
4e72
2300
51ce
ffe8
6100
0acc
3c3c
003c
7a00
6100
0d44
6600
0094
3205
6100
0a3c
da7c
0010
4e72
2300
51ce
ffe8
6100
0ab0
3c3c
003c
7a00
6100
0d20
6600
0070
3205
6100
0a22
da7c
0010
4e72
2300
51ce
ffe8
6100
0a94
3c3c
003c
7a00
6100
0cfc
6600
004c
3205
6100
0a08
da7c
0010
4e72
2300
51ce
ffe8
6100
0a78
3c3c
003c
7a00
6100
0cd8
6600
0028
3205
6100
0a12
da7c
0010
4e72
2300
51ce
ffe8
13fc
0002
0040
401b
303c
003c
4e72
2300
51c8
fffa
13fc
0001
0040
401b
4e72
2300
13fc
0000
0040
4019
6100
e072
6100
e05a
6100
e092
6100
e0a2
6100
0cae
207c
0040
2002
20d9
20d9
20d9
20d9
227c
0060
8000
22fc
0002
0304
22fc
0506
0708
4299
4299
13fc
0000
0040
401b
4e72
2300
247c
0028
0080
7e04
207c
0000
6bae
47f9
0020
00bc
6100
eee2
227c
0060
0010
22fc
0002
003f
22fc
0800
0800
32fc
0020
7e00
6100
09cc
33fc
ffff
0060
0020
41fa
0ac6
227c
0060
0000
22d8
22d8
22d8
7e00
3f07
6100
09ac
3007
7e01
e16f
6100
09cc
3e1f
303c
003c
6100
0bee
6600
01be
4e72
2300
51c8
fff2
5247
be7c
0007
65d2
13fc
0050
0060
0018
13fc
0050
0060
001a
7e20
6100
0998
08f9
0007
0060
001a
303c
003c
6100
0bb4
6600
0184
4e72
2300
51c8
fff2
08f9
0007
0060
0018
303c
003c
6100
0b98
6600
0168
4e72
2300
51c8
fff2
08b9
0007
0060
0018
08b9
0007
0060
001a
3e3c
003f
6100
0b74
6600
0144
33c7
0060
0012
4e72
2300
5247
be7c
00c2
65e6
6100
0b5a
6600
012a
33c7
0060
0012
4e72
2300
5547
64ea
33fc
ffff
0060
0000
41fa
09f8
227c
0040
2004
303c
001f
22d8
51c8
fffc
7002
323c
003f
207c
0060
8000
10c0
5200
51c9
fffa
7000
207c
0061
0000
323c
001f
20c0
51c9
fffc
d0bc
1111
1111
64ee
227c
0009
0000
3e3c
1020
3c3c
1008
7a00
383c
000b
6100
0920
66fa
6100
093e
64fa
6100
0926
66fa
6100
0932
64fa
51cc
ffe6
207c
0060
0010
227c
0009
0000
30fc
0002
3e3c
0800
3c3c
0800
7a00
780b
7603
720f
600e
780b
7603
720f
3028
fff0
5240
30c0
30fc
003f
30c6
5846
30c7
30f1
5000
30f1
5002
30c5
da7c
000c
5488
51c9
ffdc
3c3c
0800
5247
51cb
ffd0
3e3c
0800
51cc
ffc6
33fc
0001
0060
0000
701e
6100
0a60
6600
0030
4e72
2300
51c8
fff2
383c
003b
6100
0a4c
6600
001c
6100
0854
51cc
fff2
701e
6100
0a3a
6600
000a
4e72
2300
51c8
fff2
13fc
0080
0080
000f
13fc
0001
0040
401b
4e72
2300
6100
ddf2
6100
ddda
6100
de12
6100
de22
6100
0a2e
13fc
0000
0040
401b
4e72
2300
247c
0028
0080
7e04
207c
0000
6bc6
47f9
0020
00bc
6100
ec86
6100
0562
43fa
0638
7007
3f00
1e00
1c3c
0009
1019
6100
046c
1019
6100
056a
301f
51c8
ffe8
7027
1203
c23c
007f
7403
6100
05a6
5340
51ca
fff8
1203
c23c
00bf
7403
6100
0594
5340
51ca
fff8
6100
0994
6600
011c
3f03
247c
0028
0400
7e20
41f9
0000
6bd6
47f9
0020
0c3c
6100
ec1a
7e07
6100
03ca
6100
096c
6600
00f4
247c
0028
0400
7e20
41f9
0000
6be0
47f9
0020
0c3c
6100
ebf4
7e03
6100
03a4
6100
0946
6600
00ce
247c
0028
0400
7e20
41f9
0000
6bec
47f9
0020
0c3c
6100
ebce
7027
1203
7403
6100
0516
5340
51ca
fff8
7e07
6100
036e
6100
0910
6600
0098
247c
0028
0400
7e20
41f9
0000
6bfa
47f9
0020
0c3c
426b
fff4
426b
0074
6100
eb90
7000
323c
001f
24c0
51c9
fffc
7e07
6100
046e
3c3c
0000
41fa
0492
3206
e049
3001
c07c
000f
b07c
000c
650a
dc7c
1000
cc7c
f0ff
60e6
c27c
00f0
d230
0000
103c
002f
6100
049e
103c
0037
1206
6100
0494
303c
03e7
51c8
fffe
6100
0892
6600
000a
5846
bc7c
7fff
65b4
7e07
6100
041e
701e
4e72
2300
51c8
fffa
6100
dc3a
247c
0028
0080
7e04
207c
0000
6c06
47f9
0020
00bc
6100
eafe
7001
343c
0100
13c0
0080
000f
323c
0800
51c9
fffe
13fc
0000
0080
000f
323c
0800
51c9
fffe
51ca
ffe0
e308
64d6
23fc
0000
305a
0008
0044
13fc
0003
00a0
0003
207c
0000
b7f6
33d8
00a0
0000
3e18
7c00
13fc
0004
00a0
0005
46fc
2200
4a47
6afc
13fc
0008
00a0
0005
6000
002c
4a39
00a0
0005
5347
1010
4646
6a0e
c03c
00f0
e208
13c0
0080
000f
4e73
e908
5288
e208
13c0
0080
000f
4e73
6100
0336
6100
db86
6100
07e2
247c
0028
0080
7e04
207c
0000
6904
47f9
0020
00bc
6100
ea46
47f9
0020
01bc
6100
ea3c
47f9
0020
033c
6100
ea32
47f9
0020
043c
6100
ea28
41f9
0000
6b44
47f9
0020
0b3c
6100
ea18
47f9
0020
0c3c
6100
ea0e
46fc
2600
4df9
0000
1ea6
7e09
383c
1111
2a5e
2c1e
7a00
3005
204d
3606
30c0
d044
51cb
fffa
3005
204d
3606
b058
670c
3228
fffe
b141
6704
6000
ec9c
d044
51cb
ffec
da7c
1111
64d0
51cf
ffc8
6100
dae4
6100
daf4
6100
db04
6100
db14
6100
db24
33fc
ffff
0060
0000
6100
0728
247c
0028
0080
7e04
207c
0000
6864
47f9
0020
00bc
6100
e98c
47f9
0020
023c
6100
e982
4e40
3e3c
0100
43fa
0880
6100
066e
6100
da94
6100
06f0
247c
0028
0080
7e04
41f9
0000
69b0
47f9
0020
00bc
6100
e954
47f9
0020
01bc
6100
e94a
47f9
0020
02bc
6100
e940
47f9
0020
03bc
6100
e936
47f9
0020
053c
6100
e92c
47f9
0020
063c
6100
e922
47f9
0020
073c
6100
e918
6100
0652
6100
da34
247c
0028
0080
7e04
41f9
0000
6b44
47f9
0020
0b3c
6100
e8f8
47f9
0020
0c3c
6100
e8ee
41fa
0684
43f9
fff0
0000
303c
003f
22d8
51c8
fffc
4278
c000
13fc
0006
0080
001d
4e72
2300
1038
c001
5200
6740
11c0
c001
b038
c000
67ea
13fc
0004
0080
001d
6100
d9d0
247c
0028
0080
7e04
41f9
0000
67d0
47f9
0020
0b3c
6100
e894
47f9
0020
0c3c
6100
e88a
6100
05c4
6000
f0d0
13fc
0004
0080
001d
6100
d99a
247c
0028
0080
7e04
41f9
0000
6b12
47f9
0020
0b3c
6100
e85e
47f9
0020
0c3c
6100
e854
6100
058e
6000
f09a
7c03
6100
0136
701e
4e72
2300
51c8
fffa
6100
0132
5347
51ce
ffea
7c03
5247
6100
011a
51ce
fff8
701e
4e72
2300
51c8
fffa
7c03
6100
0110
5347
51ce
fff8
701e
4e72
2300
51c8
fffa
4e75
eb48
7200
3200
c07c
03ff
c27c
fc00
e589
d240
d2bc
0002
0000
2041
103c
0020
d007
7200
6100
0130
d03c
0018
6100
0128
1618
7040
d007
7403
6100
00f2
1203
c27c
0007
d241
d241
4ebb
1042
740f
6100
00de
103c
0020
d007
1203
6000
00fc
eb48
7200
3200
c07c
03ff
c27c
fc00
e589
d240
d2bc
0002
0000
2041
7060
d007
1218
5888
c27c
0007
d241
d241
4efb
1002
6000
001e
6000
001a
6000
0016
6000
0012
6000
001a
6000
0022
6000
001e
6000
0026
7402
6100
007e
7400
6000
0086
7401
6100
0072
7401
6000
007a
7400
6100
0066
7402
6000
006e
7403
6000
0068
13fc
0080
0080
000f
41fa
00ce
6000
0006
41fa
0088
1018
6602
4e75
1218
6164
60f4
6108
d23c
0078
6000
005a
7008
1207
6000
0052
1200
c27c
000f
123b
1012
c07c
00f0
d240
103c
0028
d007
6000
0038
0001
0204
0506
0809
0a0c
0d0e
1218
6100
0026
5000
51ca
fff6
4e75
1218
d206
6a0a
4a06
6a04
7200
6002
727f
6100
000a
5000
51ca
ffe8
4e75
0839
0007
0080
0103
66f6
13c0
0080
0101
13c1
0080
0103
4e75
0800
0801
0802
0803
0804
0805
0806
0807
0f00
107d
1100
1900
1980
1800
3000
3100
3200
3300
3400
3500
3600
3700
3800
3900
3a00
3b00
3c00
3d00
3e00
3f00
0000
2000
2100
2200
2300
2400
2500
2600
2700
0000
003b
0043
0046
004b
003b
0043
0046
004b
363c
001f
343c
001f
20c0
51ca
fffc
343c
001f
20c1
51ca
fffc
51cb
ffea
4e75
207c
0020
a000
7601
6100
004e
207c
0020
a008
6000
0044
207c
0020
a004
76ff
6100
0038
207c
0020
a00c
6000
002e
207c
0020
a002
7601
6100
0022
76ff
207c
0020
a00a
6000
0016
207c
0020
a006
76ff
6100
000a
7601
207c
0020
a00e
3210
3401
c27c
fe00
d443
c47c
01ff
d242
3081
4e75
2c7c
0020
8000
6000
001c
2c7c
0020
8400
6000
0012
2c7c
0020
8800
6000
0008
2c7c
0020
8c00
303c
01ff
c27c
07ff
3f00
3f01
6100
08a4
48c0
e188
4840
c07c
7fff
3cc0
321f
5041
301f
51c8
ffe0
4e75
2c7c
0020
8000
303c
01ff
c27c
07ff
3f00
3f01
6100
0876
48c0
e188
4840
c07c
7fff
3cc0
3d40
03fe
3d40
07fe
3d40
0bfe
321f
5041
301f
51c8
ffd4
4e75
207c
0020
8000
6016
207c
0020
8400
600e
207c
0020
8800
6006
207c
0020
8c00
303c
00ff
7200
20c1
51c8
fffc
4e75
227c
0060
0018
3007
e858
3211
c27c
0fff
8240
32c1
7201
ef69
e549
927c
0108
4441
c27c
0fff
8240
3281
4e75
3c07
5346
2a3c
1111
1111
3806
227c
0061
0000
2049
3606
7007
20c5
51c8
fffc
51cb
fff6
3007
eb48
d2c0
51cc
ffe8
dabc
1111
1111
5246
e24e
5346
64d0
4e75
207c
0060
0018
323c
000a
363c
02ff
3428
0004
30f1
2000
30f1
2002
5842
30c2
d0c1
51cb
ffec
4e72
2300
4e75
3387
5000
3386
5002
5845
5846
bc7c
11f0
4e75
3387
5000
3386
5002
5845
5946
bc7c
1008
4e75
3387
5000
3386
5002
5845
5847
3007
c07c
000f
b07c
0001
4e75
7000
1018
227c
0060
0000
7200
1218
3401
e94a
5300
6712
1218
3631
2000
c67c
3000
d641
3383
2000
60e6
3631
2000
c67c
3000
d67c
0100
3383
2000
4e75
4001
0000
0000
0000
017f
01ef
0222
0226
022a
022e
0262
0266
026a
026e
02a2
02a6
02aa
02ae
02e2
02e6
02ea
02ee
0622
0626
062a
062e
0662
0666
066a
066e
06a2
06a6
06aa
06ae
06e2
06e6
06ea
06ee
0a22
0a26
0a2a
0a2e
0a62
0a66
0a6a
0a6e
0aa2
0aa6
0aaa
0aae
0ae2
0ae6
0aea
0aee
0e22
0e26
0e2a
0e2e
0e62
0e66
0e6a
0e6e
0ea2
0ea6
0eaa
0eae
0ee2
0ee6
0eea
0eee
1201
0203
0405
0607
0809
0a0b
0c0d
0e0f
1011
1200
101c
d000
5400
30c0
5200
3140
007e
4e75
7207
24c0
51c9
fffc
4840
d046
4e75
3c3c
0080
365c
d7fc
0020
4000
6102
4e71
1e3c
0080
7817
204b
7007
3087
d0c6
51c8
fffa
5247
544b
51cc
ffee
de7c
1000
4e75
7000
3007
c07c
ff80
e448
d0bc
0040
0000
2040
4e72
2300
2091
2151
0020
7000
3007
eb88
d0bc
0028
0000
2440
207c
0000
68ae
47f9
0020
153c
6100
e2ce
47f9
0020
16bc
6100
e2c4
207c
0080
0009
1210
4e72
2300
1010
1400
4600
c001
1202
0800
0002
67ec
4e75
3f00
3f01
1039
0080
0009
1200
4600
c02f
0008
1f41
0008
0800
0002
40c1
302f
0002
3f41
0002
321f
4e77
43fa
0182
207c
0040
0000
2091
2151
0020
2151
0040
4e75
ffff
f000
0000
0074
0000
0000
0000
0000
0000
0000
0000
0000
0000
0000
0000
0000
0000
0000
0000
0000
0000
0000
0000
0000
0000
0000
0000
0000
0000
0000
0000
0000
0000
0000
0000
0000
0000
0000
0000
0000
0000
0000
0000
0000
0000
0000
0000
0000
0000
0000
0000
0000
0000
0000
0000
0000
0000
00e6
13fc
0008
00a0
0007
46fc
2300
41f9
0001
0000
6122
41f9
fffd
0000
611a
41f9
0020
2000
6112
41f9
0029
0000
610a
41f9
0061
0000
6102
60ca
203c
0123
4567
223c
1111
1111
343c
07ff
2248
20c0
d081
51ca
fffa
203c
0123
4567
343c
07ff
b099
6608
d081
51ca
fff8
4e75
21c9
c004
21c0
c008
4e72
2600
3f00
303c
0080
51c8
fffe
4a39
00a0
0007
5238
c000
301f
4e73
0070
0000
008c
0400
00a8
0800
00c4
0c00
00e0
0020
00fc
0420
0118
0820
0134
0c20
0150
1020
016c
1420
0188
1820
01a4
1c20
0000
6b5e
0382
0000
6b6a
0802
0000
6b72
0c82
0000
6b7e
1102
0301
0209
0207
0205
0203
0201
0109
0107
0105
0103
0101
0009
0007
0005
0003
0001
0218
0698
0b18
0f98
0000
7fff
100f
20f0
4f00
30ff
5f0f
6ff0
77f7
7f77
307f
570f
67f0
30f7
5f07
6f70
0000
100f
0000
0000
0000
0000
0000
0000
0000
0000
0000
0000
0000
0000
0000
0000
0000
20f0
0000
0000
0000
0000
0000
0000
0000
0000
0000
0000
0000
0000
0000
0000
0000
4f00
0000
0000
0000
0000
0000
0000
0000
0000
0000
0000
0000
0000
0000
0000
7fff
0fff
7eee
0eee
7ddd
0ddd
7ccc
0ccc
7bbb
0bbb
7aaa
0aaa
7999
0999
7888
0888
7777
0777
7666
0666
7555
0555
7444
0444
7333
0333
7222
0222
7111
0111
7000
0000
100f
000f
100e
000e
100d
000d
100c
000c
100b
000b
100a
000a
1009
0009
1008
0008
1007
0007
1006
0006
1005
0005
1004
0004
1003
0003
1002
0002
1001
0001
1000
0000
20f0
00f0
20e0
00e0
20d0
00d0
20c0
00c0
20b0
00b0
20a0
00a0
2090
0090
2080
0080
2070
0070
2060
0060
2050
0050
2040
0040
2030
0030
2020
0020
2010
0010
2000
0000
4f00
0f00
4e00
0e00
4d00
0d00
4c00
0c00
4b00
0b00
4a00
0a00
4900
0900
4800
0800
4700
0700
4600
0600
4500
0500
4400
0400
4300
0300
4200
0200
4100
0100
4000
0000
3150
2053
7720
2331
2020
3800
3250
2053
7720
2331
2020
4a00
2020
4c61
6d70
2023
3120
2037
0d00
2023
3220
2039
0000
2023
3220
204b
0000
2020
2332
2020
480d
0020
2333
2031
3000
0020
2333
2020
4c0d
0020
2334
2031
3100
0020
2334
2020
4d0d
2020
2020
446f
776e
2031
3200
2020
2020
446f
776e
2020
4e0d
0020
5570
2031
3300
0020
5570
2020
500d
2020
2052
6967
6874
2031
3400
2020
2052
6967
6874
2020
520d
2020
2020
4c65
6674
2031
3500
2020
2020
4c65
6674
2020
530d
0020
2020
2031
3600
0000
540d
0020
2020
2031
3700
0000
550d
0020
2020
2031
3800
0000
560d
0020
2020
2031
3900
0000
570d
2043
6f69
6e20
2331
2032
3000
5374
6172
7420
3150
2020
580d
0020
2332
2032
3100
0020
3250
2020
590d
2020
2020
5465
7374
2032
3200
0000
5a0d
2053
6572
7669
6365
2032
3300
0000
610d
ff00
2724
2738
2740
2754
2750
2680
2750
2714
274c
2750
0000
333c
3354
3350
3340
3354
3350
3280
3350
3314
334c
3350
0000
41fa
0190
7800
9042
6720
6a04
4440
7801
9243
6a04
4441
5444
6122
6146
e24c
6402
4440
e24c
6402
4441
4e75
7000
9243
6b06
323c
4000
4e75
323c
c000
4e75
b240
640e
48c1
d241
e199
82c0
5281
e249
4e75
48c0
d040
e198
80c1
5280
e248
323c
0200
9240
4e75
0c41
0101
6510
927c
0200
4441
c27c
00ff
6104
c141
4e75
c2bc
0000
01ff
d241
d241
d1c1
3218
3010
4e75
7800
9042
672e
6a04
4440
7801
9243
6a04
4441
5444
619c
e24c
640a
907c
0800
4440
c07c
07ff
e24c
640a
927c
0800
4441
c27c
07ff
4e75
9243
6b06
323c
0200
4e75
323c
0600
4e75
4a80
6700
0050
6a2a
4480
4a81
6a10
4481
6100
0052
6100
ff58
0641
0400
4e75
6100
0044
6100
ff4a
927c
0400
4441
c27c
07ff
4e75
4a81
6a16
4481
6100
002a
6100
ff30
927c
0800
4441
c27c
07ff
4e75
6100
0016
6000
ff1c
4a81
6b06
323c
0200
4e75
323c
0600
4e75
d080
6b06
d281
6af8
e289
e288
4840
4841
4e75
41fa
0450
6004
41fa
0046
3e01
c27c
01ff
0807
000a
6618
0807
0009
6700
ff02
303c
0200
9041
3200
6100
fef6
4440
4e75
0807
0009
660a
6100
fee8
4440
4441
4e75
303c
0200
9041
3200
6100
fed6
4441
4e75
0000
4000
0040
4000
0080
3fff
00c0
3fff
0100
3ffe
0140
3ffd
0180
3ffc
01c0
3ffa
0200
3ff8
0240
3ff6
0280
3ff4
02bf
3ff1
02ff
3fee
033f
3feb
037f
3fe8
03be
3fe4
03fe
3fe0
043e
3fdc
047d
3fd8
04bd
3fd3
04fc
3fce
053c
3fc9
057b
3fc4
05ba
3fbe
05f9
3fb8
0638
3fb2
0677
3fac
06b6
3fa6
06f5
3f9f
0734
3f98
0773
3f91
07b2
3f89
07f0
3f81
082f
3f7a
086d
3f71
08ab
3f69
08ea
3f60
0928
3f58
0966
3f4e
09a4
3f45
09e1
3f3c
0a1f
3f32
0a5d
3f28
0a9a
3f1e
0ad7
3f13
0b15
3f09
0b52
3efe
0b8f
3ef3
0bcb
3ee7
0c08
3edc
0c45
3ed0
0c81
3ec4
0cbd
3eb8
0cfa
3eac
0d36
3e9f
0d71
3e92
0dad
3e86
0de9
3e78
0e24
3e6b
0e60
3e5d
0e9b
3e50
0ed6
3e42
0f11
3e34
0f4b
3e25
0f86
3e17
0fc0
3e08
0ffa
3df9
1034
3dea
106e
3ddb
10a8
3dcb
10e1
3dbc
111b
3dac
1154
3d9c
118d
3d8c
11c6
3d7c
11fe
3d6b
1237
3d5a
126f
3d4a
12a7
3d39
12df
3d28
1317
3d16
134e
3d05
1386
3cf3
13bd
3ce1
13f4
3ccf
142b
3cbd
1461
3cab
1498
3c99
14ce
3c86
1504
3c73
153a
3c61
1570
3c4e
15a5
3c3b
15da
3c27
160f
3c14
1644
3c00
1679
3bed
16ad
3bd9
16e1
3bc5
1716
3bb1
1749
3b9d
177d
3b89
17b0
3b74
17e4
3b60
1817
3b4b
1849
3b36
187c
3b22
18ae
3b0d
18e0
3af8
1912
3ae2
1944
3acd
1976
3ab8
19a7
3aa2
19d8
3a8d
1a09
3a77
1a3a
3a61
1a6a
3a4b
1a9a
3a35
1aca
3a1f
1afa
3a09
1b2a
39f3
1b59
39dd
1b89
39c6
1bb7
39b0
1be6
3999
1c15
3983
1c43
396c
1c71
3955
1c9f
393e
1ccd
3927
1cfa
3910
1d28
38f9
1d55
38e2
1d81
38cb
1dae
38b4
1dda
389c
1e07
3885
1e33
386e
1e5e
3856
1e8a
383e
1eb5
3827
1ee0
380f
1f0b
37f7
1f36
37e0
1f60
37c8
1f8b
37b0
1fb5
3798
1fdf
3780
2008
3768
2032
3750
205b
3738
2084
3720
20ad
3708
20d5
36f0
20fe
36d7
2126
36bf
214e
36a7
2175
368f
219d
3676
21c4
365e
21ec
3646
2212
362d
2239
3615
2260
35fc
2286
35e4
22ac
35cb
22d2
35b3
22f8
359a
231d
3582
2342
3569
2368
3551
238c
3538
23b1
3520
23d6
3507
23fa
34ee
241e
34d6
2442
34bd
2466
34a4
2489
348c
24ad
3473
24d0
345b
24f3
3442
2515
3429
2538
3411
255a
33f8
257c
33df
259e
33c7
25c0
33ae
25e2
3396
2603
337d
2624
3364
2646
334c
2666
3333
2687
331b
26a8
3302
26c8
32ea
26e8
32d1
2708
32b8
2728
32a0
2747
3287
2767
326f
2786
3257
27a5
323e
27c4
3226
27e3
320d
2801
31f5
281f
31dd
283e
31c4
285c
31ac
2879
3194
2897
317b
28b5
3163
28d2
314b
28ef
3133
290c
311a
2929
3102
2946
30ea
2962
30d2
297e
30ba
299b
30a2
29b7
308a
29d2
3072
29ee
305a
2a0a
3042
2a25
302a
2a40
3012
2a5b
2ffb
2a76
2fe3
2a91
2fcb
2aab
2fb3
2ac6
2f9c
2ae0
2f84
2afa
2f6c
2b14
2f55
2b2e
2f3d
2b48
2f26
2b61
2f0e
2b7a
2ef7
2b94
2edf
2bad
2ec8
2bc6
2eb1
2bde
2e99
2bf7
2e82
2c10
2e6b
2c28
2e54
2c40
2e3d
2c58
2e26
2c70
2e0f
2c88
2df8
2ca0
2de1
2cb7
2dca
2cce
2db3
2ce6
2d9c
2cfd
2d85
2d14
2d6f
2d2b
2d58
2d41
2d41
0000
4000
0032
4000
0065
4000
0097
3fff
00c9
3fff
00fb
3ffe
012e
3ffd
0160
3ffc
0192
3ffb
01c4
3ffa
01f7
3ff8
0229
3ff7
025b
3ff5
028d
3ff3
02bf
3ff1
02f2
3fef
0324
3fec
0356
3fea
0388
3fe7
03bb
3fe4
03ed
3fe1
041f
3fde
0451
3fdb
0483
3fd7
04b5
3fd4
04e7
3fd0
051a
3fcc
054c
3fc8
057e
3fc4
05b0
3fbf
05e2
3fbb
0614
3fb6
0646
3fb1
0678
3fac
06aa
3fa7
06dc
3fa2
070e
3f9c
0740
3f97
0772
3f91
07a4
3f8b
07d6
3f85
0807
3f7f
0839
3f78
086b
3f72
089d
3f6b
08cf
3f64
0901
3f5d
0932
3f56
0964
3f4f
0996
3f47
09c7
3f40
09f9
3f38
0a2b
3f30
0a5c
3f28
0a8e
3f20
0abf
3f17
0af1
3f0f
0b23
3f06
0b54
3efd
0b85
3ef4
0bb7
3eeb
0be8
3ee2
0c1a
3ed8
0c4b
3ecf
0c7c
3ec5
0cae
3ebb
0cdf
3eb1
0d10
3ea7
0d41
3e9d
0d72
3e92
0da4
3e88
0dd5
3e7d
0e06
3e72
0e37
3e67
0e68
3e5c
0e99
3e50
0eca
3e45
0efb
3e39
0f2b
3e2d
0f5c
3e21
0f8d
3e15
0fbe
3e09
0fee
3dfc
101f
3df0
1050
3de3
1080
3dd6
10b1
3dc9
10e1
3dbc
1112
3daf
1142
3da1
1173
3d93
11a3
3d86
11d3
3d78
1204
3d6a
1234
3d5b
1264
3d4d
1294
3d3f
12c4
3d30
12f4
3d21
1324
3d12
1354
3d03
1384
3cf4
13b4
3ce4
13e4
3cd5
1413
3cc5
1443
3cb5
1473
3ca5
14a2
3c95
14d2
3c85
1501
3c74
1531
3c64
1560
3c53
1590
3c42
15bf
3c31
15ee
3c20
161d
3c0f
164c
3bfd
167c
3bec
16ab
3bda
16da
3bc8
1709
3bb6
1737
3ba4
1766
3b92
1795
3b7f
17c4
3b6d
17f2
3b5a
1821
3b47
184f
3b34
187e
3b21
18ac
3b0e
18db
3afa
1909
3ae6
1937
3ad3
1965
3abf
1993
3aab
19c1
3a97
19ef
3a82
1a1d
3a6e
1a4b
3a59
1a79
3a45
1aa7
3a30
1ad4
3a1b
1b02
3a06
1b30
39f0
1b5d
39db
1b8a
39c5
1bb8
39b0
1be5
399a
1c12
3984
1c3f
396e
1c6c
3958
1c99
3941
1cc6
392b
1cf3
3914
1d20
38fd
1d4d
38e6
1d79
38cf
1da6
38b8
1dd3
38a1
1dff
3889
1e2b
3871
1e58
385a
1e84
3842
1eb0
382a
1edc
3812
1f08
37f9
1f34
37e1
1f60
37c8
1f8c
37b0
1fb7
3797
1fe3
377e
200f
3765
203a
374b
2065
3732
2091
3718
20bc
36ff
20e7
36e5
2112
36cb
213d
36b1
2168
3697
2193
367d
21be
3662
21e8
3648
2213
362d
223d
3612
2268
35f7
2292
35dc
22bc
35c1
22e7
35a5
2311
358a
233b
356e
2365
3553
238e
3537
23b8
351b
23e2
34ff
240b
34e2
2435
34c6
245e
34aa
2488
348d
24b1
3470
24da
3453
2503
3436
252c
3419
2555
33fc
257e
33df
25a6
33c1
25cf
33a3
25f8
3386
2620
3368
2648
334a
2670
332c
2699
330d
26c1
32ef
26e9
32d0
2711
32b2
2738
3293
2760
3274
2788
3255
27af
3236
27d6
3217
27fe
31f8
2825
31d8
284c
31b9
2873
3199
289a
3179
28c1
3159
28e7
3139
290e
3119
2935
30f9
295b
30d8
2981
30b8
29a7
3097
29ce
3076
29f4
3055
2a19
3034
2a3f
3013
2a65
2ff2
2a8b
2fd0
2ab0
2faf
2ad6
2f8d
2afb
2f6c
2b20
2f4a
2b45
2f28
2b6a
2f06
2b8f
2ee4
2bb4
2ec2
2bd8
2e9f
2bfd
2e7d
2c21
2e5a
2c46
2e37
2c6a
2e15
2c8e
2df2
2cb2
2dcf
2cd6
2dab
2cfa
2d88
2d1e
2d65
2d41
2d41
41fa
003c
3001
c27c
0700
0801
0008
660c
c07c
00ff
d040
d270
0000
4e75
c07c
00ff
907c
0100
4440
c07c
00ff
d040
3030
0000
907c
0200
4440
c07c
00ff
d240
4e75
0000
0001
0003
0004
0005
0006
0008
0009
000a
000b
000d
000e
000f
0011
0012
0013
0014
0016
0017
0018
0019
001b
001c
001d
001e
0020
0021
0022
0024
0025
0026
0027
0029
002a
002b
002c
002e
002f
0030
0031
0033
0034
0035
0036
0037
0039
003a
003b
003c
003e
003f
0040
0041
0043
0044
0045
0046
0047
0049
004a
004b
004c
004d
004f
0050
0051
0052
0053
0055
0056
0057
0058
0059
005b
005c
005d
005e
005f
0060
0062
0063
0064
0065
0066
0067
0068
006a
006b
006c
006d
006e
006f
0070
0072
0073
0074
0075
0076
0077
0078
0079
007a
007c
007d
007e
007f
0080
0081
0082
0083
0084
0085
0086
0087
0089
008a
008b
008c
008d
008e
008f
0090
0091
0092
0093
0094
0095
0096
0097
0098
0099
009a
009b
009c
009d
009e
009f
00a0
00a1
00a2
00a3
00a4
00a5
00a6
00a7
00a8
00a9
00aa
00ab
00ac
00ad
00ae
00af
00b0
00b1
00b1
00b2
00b3
00b4
00b5
00b6
00b7
00b8
00b9
00ba
00bb
00bc
00bc
00bd
00be
00bf
00c0
00c1
00c2
00c3
00c3
00c4
00c5
00c6
00c7
00c8
00c9
00c9
00ca
00cb
00cc
00cd
00ce
00ce
00cf
00d0
00d1
00d2
00d3
00d3
00d4
00d5
00d6
00d7
00d7
00d8
00d9
00da
00db
00db
00dc
00dd
00de
00de
00df
00e0
00e1
00e1
00e2
00e3
00e4
00e4
00e5
00e6
00e7
00e7
00e8
00e9
00ea
00ea
00eb
00ec
00ec
00ed
00ee
00ef
00ef
00f0
00f1
00f1
00f2
00f3
00f3
00f4
00f5
00f5
00f6
00f7
00f8
00f8
00f9
00fa
00fa
00fb
00fb
00fc
00fd
00fd
00fe
00ff
00ff
0100
3001
927c
0200
4441
c27c
01ff
c07c
0600
d240
41fa
003e
c27c
03ff
3001
d241
d241
0800
0009
671a
c27c
07fc
671a
927c
0800
4441
c27c
07fc
2230
1000
4481
8040
4e75
2230
1000
4e75
223c
8000
0000
44fc
0001
4e75
0000
0000
0000
00c9
0000
0192
0000
025b
0000
0324
0000
03ed
0000
04b7
0000
0580
0000
0649
0000
0712
0000
07db
0000
08a5
0000
096e
0000
0a37
0000
0b01
0000
0bca
0000
0c94
0000
0d5d
0000
0e27
0000
0ef1
0000
0fba
0000
1084
0000
114e
0000
1218
0000
12e2
0000
13ac
0000
1477
0000
1541
0000
160c
0000
16d6
0000
17a1
0000
186c
0000
1937
0000
1a02
0000
1acd
0000
1b98
0000
1c64
0000
1d2f
0000
1dfb
0000
1ec7
0000
1f93
0000
205f
0000
212c
0000
21f8
0000
22c5
0000
2392
0000
245f
0000
252c
0000
25f9
0000
26c7
0000
2795
0000
2863
0000
2931
0000
29ff
0000
2ace
0000
2b9d
0000
2c6c
0000
2d3b
0000
2e0a
0000
2eda
0000
2faa
0000
307a
0000
314a
0000
321b
0000
32ec
0000
33bd
0000
348e
0000
3560
0000
3632
0000
3704
0000
37d7
0000
38aa
0000
397d
0000
3a50
0000
3b24
0000
3bf8
0000
3ccc
0000
3da0
0000
3e75
0000
3f4a
0000
4020
0000
40f6
0000
41cc
0000
42a2
0000
4379
0000
4450
0000
4528
0000
4600
0000
46d8
0000
47b1
0000
488a
0000
4963
0000
4a3d
0000
4b17
0000
4bf2
0000
4ccd
0000
4da8
0000
4e84
0000
4f60
0000
503d
0000
511a
0000
51f7
0000
52d5
0000
53b3
0000
5492
0000
5571
0000
5651
0000
5731
0000
5812
0000
58f3
0000
59d5
0000
5ab7
0000
5b99
0000
5c7c
0000
5d60
0000
5e44
0000
5f28
0000
600d
0000
60f3
0000
61d9
0000
62c0
0000
63a7
0000
648f
0000
6577
0000
6660
0000
674a
0000
6834
0000
691f
0000
6a0a
0000
6af6
0000
6be2
0000
6ccf
0000
6dbd
0000
6eab
0000
6f9a
0000
708a
0000
717a
0000
726b
0000
735d
0000
744f
0000
7542
0000
7635
0000
772a
0000
781f
0000
7914
0000
7a0b
0000
7b02
0000
7bfa
0000
7cf2
0000
7deb
0000
7ee6
0000
7fe0
0000
80dc
0000
81d8
0000
82d6
0000
83d4
0000
84d2
0000
85d2
0000
86d2
0000
87d4
0000
88d6
0000
89d9
0000
8adc
0000
8be1
0000
8ce7
0000
8ded
0000
8ef4
0000
8ffd
0000
9106
0000
9210
0000
931b
0000
9427
0000
9533
0000
9641
0000
9750
0000
9860
0000
9971
0000
9a83
0000
9b95
0000
9ca9
0000
9dbe
0000
9ed4
0000
9feb
0000
a103
0000
a21c
0000
a336
0000
a452
0000
a56e
0000
a68c
0000
a7ab
0000
a8ca
0000
a9eb
0000
ab0e
0000
ac31
0000
ad56
0000
ae7c
0000
afa3
0000
b0cb
0000
b1f5
0000
b31f
0000
b44c
0000
b579
0000
b6a8
0000
b7d8
0000
b909
0000
ba3c
0000
bb70
0000
bca6
0000
bddd
0000
bf15
0000
c04f
0000
c18a
0000
c2c7
0000
c405
0000
c545
0000
c686
0000
c7c9
0000
c90d
0000
ca53
0000
cb9a
0000
cce3
0000
ce2e
0000
cf7a
0000
d0c8
0000
d218
0000
d369
0000
d4bc
0000
d611
0000
d768
0000
d8c0
0000
da1a
0000
db76
0000
dcd4
0000
de33
0000
df95
0000
e0f8
0000
e25d
0000
e3c5
0000
e52e
0000
e699
0000
e806
0000
e976
0000
eae7
0000
ec5a
0000
edd0
0000
ef47
0000
f0c1
0000
f23d
0000
f3bb
0000
f53c
0000
f6bf
0000
f844
0000
f9cb
0000
fb55
0000
fce1
0000
fe6f
0001
0000
0001
0193
0001
0329
0001
04c2
0001
065c
0001
07fa
0001
099a
0001
0b3d
0001
0ce3
0001
0e8b
0001
1036
0001
11e4
0001
1394
0001
1548
0001
16fe
0001
18b7
0001
1a74
0001
1c33
0001
1df5
0001
1fbb
0001
2184
0001
234f
0001
251e
0001
26f1
0001
28c6
0001
2a9f
0001
2c7c
0001
2e5b
0001
303f
0001
3226
0001
3410
0001
35fe
0001
37f0
0001
39e5
0001
3bde
0001
3ddc
0001
3fdd
0001
41e1
0001
43ea
0001
45f7
0001
4809
0001
4a1e
0001
4c37
0001
4e55
0001
5077
0001
529e
0001
54c9
0001
56f9
0001
592d
0001
5b66
0001
5da4
0001
5fe6
0001
622e
0001
647a
0001
66cb
0001
6922
0001
6b7e
0001
6ddf
0001
7045
0001
72b1
0001
7523
0001
779a
0001
7a16
0001
7c99
0001
7f21
0001
81b0
0001
8444
0001
86df
0001
8980
0001
8c27
0001
8ed5
0001
9189
0001
9444
0001
9706
0001
99cf
0001
9c9f
0001
9f76
0001
a254
0001
a53a
0001
a827
0001
ab1c
0001
ae19
0001
b11d
0001
b42a
0001
b73f
0001
ba5c
0001
bd82
0001
c0b0
0001
c3e7
0001
c727
0001
ca70
0001
cdc3
0001
d11f
0001
d484
0001
d7f4
0001
db6d
0001
def1
0001
e27f
0001
e618
0001
e9bb
0001
ed69
0001
f123
0001
f4e8
0001
f8b9
0001
fc95
0002
007e
0002
0473
0002
0875
0002
0c83
0002
109f
0002
14c8
0002
18ff
0002
1d44
0002
2197
0002
25f9
0002
2a69
0002
2ee9
0002
3378
0002
3817
0002
3cc7
0002
4186
0002
4657
0002
4b3a
0002
502e
0002
5534
0002
5a4c
0002
5f78
0002
64b7
0002
6a0a
0002
6f71
0002
74ed
0002
7a7e
0002
8025
0002
85e3
0002
8bb7
0002
91a3
0002
97a7
0002
9dc4
0002
a3fa
0002
aa4a
0002
b0b5
0002
b73b
0002
bddd
0002
c49c
0002
cb78
0002
d273
0002
d98d
0002
e0c7
0002
e823
0002
efa0
0002
f740
0002
ff03
0003
06ec
0003
0efa
0003
1730
0003
1f8e
0003
2815
0003
30c7
0003
39a5
0003
42b0
0003
4beb
0003
5555
0003
5ef1
0003
68c1
0003
72c6
0003
7d01
0003
8776
0003
9224
0003
9d10
0003
a83a
0003
b3a5
0003
bf53
0003
cb47
0003
d783
0003
e409
0003
f0dd
0003
fe01
0004
0b79
0004
1947
0004
2770
0004
35f6
0004
44dd
0004
542a
0004
63e0
0004
7404
0004
849a
0004
95a8
0004
a732
0004
b93e
0004
cbd3
0004
def5
0004
f2ac
0005
06fe
0005
1bf4
0005
3194
0005
47e8
0005
5ef7
0005
76cd
0005
8f73
0005
a8f3
0005
c35b
0005
deb6
0005
fb11
0006
187c
0006
3707
0006
56c1
0006
77bd
0006
9a0f
0006
bdcc
0006
e30c
0007
09e8
0007
327b
0007
5ce3
0007
8940
0007
b7b7
0007
e870
0008
1b94
0008
5154
0008
89e5
0008
c580
0009
0468
0009
46e4
0009
8d46
0009
d7e7
000a
272e
000a
7b8f
000a
d58b
000b
35b7
000b
9cbc
000c
0b5e
000c
827e
000d
0320
000d
8e74
000e
25e0
000e
cb0a
000f
7fe9
0010
46d6
0011
22ae
0012
16ef
0013
27e0
0014
5ae6
0015
b6c8
0017
445e
0019
0f14
001b
263b
001d
9e99
0020
9561
0024
34b7
0028
bbcf
002e
8dfa
0036
50c0
0041
2e13
0051
79cd
006c
a22a
00a2
f15c
0145
d438
3401
c47c
00ff
6714
d442
c27c
0300
ee49
4efb
1002
6028
6014
6016
6018
3401
c47c
01ff
d442
6618
0801
0009
6712
4840
6004
4840
600a
947c
0400
4442
c47c
01fe
4a40
6a02
4440
41fa
0012
c0f0
2000
e588
d0bc
0000
8000
4840
4e75
4000
4000
4000
4001
4001
4002
4003
4004
4005
4006
4008
4009
400b
400d
400f
4011
4014
4016
4019
401c
401f
4022
4025
4029
402d
4030
4034
4038
403d
4041
4046
404a
404f
4054
405a
405f
4064
406a
4070
4076
407c
4082
4089
4090
4096
409d
40a5
40ac
40b3
40bb
40c3
40cb
40d3
40db
40e3
40ec
40f5
40fe
4107
4110
411a
4123
412d
4137
4141
414b
4156
4160
416b
4176
4181
418d
4198
41a4
41af
41bc
41c8
41d4
41e1
41ed
41fa
4207
4214
4222
4230
423d
424b
4259
4268
4276
4285
4294
42a3
42b2
42c2
42d1
42e1
42f1
4301
4312
4323
4333
4344
4355
4367
4378
438a
439c
43ae
43c1
43d3
43e6
43f9
440c
4420
4433
4447
445b
4470
4484
4499
44ae
44c3
44d8
44ee
4503
4519
452f
4546
455d
4573
458b
45a2
45b9
45d1
45e9
4601
461a
4633
464c
4665
467e
4698
46b2
46cc
46e7
4701
471c
4737
4753
476e
478a
47a7
47c3
47e0
47fd
481a
4837
4855
4873
4892
48b0
48cf
48ee
490e
492d
494d
496e
498e
49af
49d0
49f2
4a14
4a36
4a58
4a7b
4a9e
4ac1
4ae4
4b08
4b2d
4b51
4b76
4b9b
4bc1
4be7
4c0d
4c33
4c5a
4c81
4ca9
4cd1
4cf9
4d21
4d4a
4d74
4d9d
4dc7
4df2
4e1c
4e48
4e73
4e9f
4ecb
4ef8
4f25
4f52
4f80
4fae
4fdd
500c
503b
506b
509b
50cc
50fd
512f
5161
5193
51c6
51f9
522d
5261
5296
52cb
5301
5337
536d
53a4
53dc
5414
544c
5485
54bf
54f9
5533
556f
55aa
55e6
5623
5660
569e
56dc
571b
575b
579b
57db
581c
585e
58a0
58e3
5927
596b
59b0
59f6
5a3c
5a82
d040
41fa
0008
3030
0000
4e75
4000
4000
4000
4000
4000
3fff
3fff
3ffe
3ffe
3ffd
3ffd
3ffc
3ffc
3ffb
3ffa
3ff9
3ff8
3ff7
3ff6
3ff5
3ff3
3ff2
3ff1
3fef
3fee
3fec
3feb
3fe9
3fe7
3fe6
3fe4
3fe2
3fe0
3fde
3fdc
3fda
3fd7
3fd5
3fd3
3fd0
3fce
3fcb
3fc9
3fc6
3fc3
3fc1
3fbe
3fbb
3fb8
3fb5
3fb2
3faf
3fab
3fa8
3fa5
3fa1
3f9e
3f9a
3f97
3f93
3f8f
3f8b
3f87
3f83
3f7f
3f7b
3f77
3f73
3f6f
3f6b
3f66
3f62
3f5d
3f59
3f54
3f4f
3f4a
3f46
3f41
3f3c
3f37
3f32
3f2d
3f27
3f22
3f1d
3f17
3f12
3f0c
3f07
3f01
3efb
3ef5
3eef
3eea
3ee3
3edd
3ed7
3ed1
3ecb
3ec4
3ebe
3eb8
3eb1
3eaa
3ea4
3e9d
3e96
3e8f
3e88
3e81
3e7a
3e73
3e6c
3e65
3e5d
3e56
3e4e
3e47
3e3f
3e38
3e30
3e28
3e20
3e18
3e10
3e08
3e00
3df8
3def
3de7
3ddf
3dd6
3dce
3dc5
3dbc
3db3
3dab
3da2
3d99
3d90
3d86
3d7d
3d74
3d6b
3d61
3d58
3d4e
3d45
3d3b
3d31
3d27
3d1d
3d13
3d09
3cff
3cf5
3ceb
3ce0
3cd6
3ccb
3cc1
3cb6
3cac
3ca1
3c96
3c8b
3c80
3c75
3c6a
3c5f
3c53
3c48
3c3c
3c31
3c25
3c1a
3c0e
3c02
3bf6
3bea
3bde
3bd2
3bc6
3bb9
3bad
3ba1
3b94
3b88
3b7b
3b6e
3b61
3b54
3b47
3b3a
3b2d
3b20
3b13
3b05
3af8
3aea
3add
3acf
3ac1
3ab3
3aa5
3a97
3a89
3a7b
3a6d
3a5e
3a50
3a42
3a33
3a24
3a15
3a07
39f8
39e9
39da
39ca
39bb
39ac
399c
398d
397d
396d
395e
394e
393e
392e
391e
390d
38fd
38ed
38dc
38cc
38bb
38aa
3899
3888
3877
3866
3855
3844
3832
3821
380f
37fe
37ec
37da
37c8
37b6
37a4
3792
377f
376d
375a
3748
3735
3722
370f
36fc
36e9
36d6
36c3
36af
369c
3688
3675
3661
364d
3639
3625
3610
35fc
35e8
35d3
35bf
35aa
3595
3580
356b
3556
3540
352b
3516
3500
34ea
34d4
34be
34a8
3492
347c
3466
344f
3438
3422
340b
33f4
33dd
33c6
33ae
3397
337f
3368
3350
3338
3320
3308
32f0
32d7
32bf
32a6
328d
3274
325b
3242
3229
320f
31f6
31dc
31c2
31a8
318e
3174
315a
313f
3125
310a
30ef
30d4
30b9
309d
3082
3066
304a
302f
3012
2ff6
2fda
2fbd
2fa1
2f84
2f67
2f4a
2f2d
2f0f
2ef2
2ed4
2eb6
2e98
2e7a
2e5b
2e3d
2e1e
2dff
2de0
2dc1
2da2
2d82
2d62
2d42
2d22
2d02
2ce2
2cc1
2ca0
2c7f
2c5e
2c3d
2c1b
2bf9
2bd8
2bb5
2b93
2b71
2b4e
2b2b
2b08
2ae4
2ac1
2a9d
2a79
2a55
2a31
2a0c
29e7
29c2
299d
2977
2952
292c
2905
28df
28b8
2891
286a
2843
281b
27f3
27cb
27a3
277a
2751
2728
26fe
26d4
26aa
2680
2655
262a
25ff
25d4
25a8
257c
254f
2522
24f5
24c8
249a
246c
243e
240f
23e0
23b0
2381
2350
2320
22ef
22be
228c
225a
2227
21f4
21c1
218d
2159
2125
20ef
20ba
2084
204d
2016
1fdf
1fa7
1f6e
1f35
1efc
1ec2
1e87
1e4c
1e10
1dd4
1d96
1d59
1d1a
1cdb
1c9c
1c5b
1c1a
1bd8
1b96
1b52
1b0e
1ac9
1a83
1a3d
19f5
19ac
1963
1918
18cd
1880
1832
17e3
1793
1742
16ef
169b
1645
15ee
1596
153c
14e0
1482
1423
13c1
135d
12f7
128f
1224
11b7
1146
10d2
105b
0fe0
0f61
0edd
0e55
0dc6
0d32
0c96
0bf2
0b45
0a8c
09c5
08ec
07fc
06eb
05a7
03ff
0000
7017
247c
0040
0100
2248
7207
24d9
51c9
fffc
51c8
fff4
303c
0400
227c
0020
4000
323c
0bff
32c0
5240
51c9
fffa
4e75
cabc
0000
ffff
3f03
7801
4844
88c5
ef4d
3617
2c05
ee46
dc47
4847
4846
ee46
dc47
4847
4846
6100
08fc
3004
c1c5
4840
4845
9a40
3205
6a02
4441
3004
c1c5
4840
4845
da40
6b00
ffcc
b27c
007f
6400
ffc4
544f
4e75
426d
0024
426d
0026
47ed
0028
3b40
0002
3b40
0000
3600
3b41
0022
5341
3b41
0010
3801
6100
08c6
2b48
0004
3b42
000c
3b43
0000
2b48
0008
3b42
000e
3b43
0002
6100
04c6
2b48
001a
3b42
0020
3b43
0014
6100
046c
2b48
0016
3b42
001e
3b43
0012
6100
01e2
2b48
0016
3b42
001e
3b43
0012
3003
322d
0000
b041
6700
0070
6e00
003a
206d
0004
342d
000c
362d
0000
3800
6100
0296
6500
0056
226d
0016
382d
001e
3a2d
0012
3c2d
0024
4646
cc7c
00ff
322d
0010
6100
02ec
6000
0034
206d
0016
342d
001e
362d
0012
3801
6100
025e
6500
001e
226d
0004
382d
000c
3a2d
0000
3c2d
0024
cc7c
00ff
322d
0022
6100
02b6
206d
001a
342d
0020
362d
0014
6100
01c0
2b48
001a
3b42
0020
3b43
0014
3003
322d
0002
b041
6700
0070
6d00
003a
206d
0008
342d
000e
362d
0002
3800
6100
023c
6500
0056
226d
001a
382d
0020
3a2d
0014
3c2d
0024
4646
8c7c
ff00
322d
0010
6100
0256
6000
0034
206d
001a
342d
0020
362d
0014
3801
6100
0204
6500
001e
226d
0008
382d
000e
3a2d
0002
3c2d
0024
8c7c
ff00
322d
0022
6100
0220
41ed
0000
43ed
0012
20d9
20d9
20d9
20d9
30d9
206d
001a
342d
0020
362d
0014
382d
0022
4a6d
0024
6b06
6100
035e
6004
6100
0346
3b44
0022
6100
02f2
6400
fe88
382d
0000
6100
0162
6400
fe7c
6100
024a
6402
4e75
3805
b644
6e36
6100
0188
65ec
3b43
0000
2f08
3f02
382d
0022
4a6d
0024
6b06
6100
0304
6004
6100
0310
3b44
0010
2b48
0004
3b42
000c
341f
205f
6000
fe38
6100
0116
65b6
3b43
0002
2f08
3f02
382d
0022
4a6d
0024
6b06
6100
02ce
6004
6100
02da
3b44
0010
2b48
0008
3b42
000e
341f
205f
6000
fe02
3c10
4642
3a06
ca42
6708
4642
3086
6000
0286
3014
c042
4642
8c40
e95a
3003
5343
c07c
0007
660a
3086
41e8
ffe0
6000
002a
c07c
0003
66cc
3086
5588
3c10
6600
ffc4
3094
5943
0803
0002
6708
41e8
ffe0
6000
0008
5588
6000
ffe4
2c10
670a
5488
4a46
67de
6000
ff9e
30d4
3094
5143
41e8
ffde
6000
ffe6
3c10
4642
3a06
ca42
6708
4642
3086
6000
01f6
3014
c042
4642
8c40
e85a
5243
3003
c07c
0007
660a
3086
41e8
001e
6000
000c
c07c
0003
66cc
3086
5488
3c10
6600
ffc4
3094
5843
0803
0002
6606
41e8
001e
60ea
5488
60e6
2c10
670a
4846
4a46
67e2
6000
ffa2
30d4
3094
5043
41e8
001e
60e6
4642
3c10
3a06
ca42
6604
4642
4e75
b644
6700
0022
e95a
3003
5343
c07c
0007
6608
41e8
ffe2
6000
ffdc
c07c
0003
66d6
5588
6000
ffd0
4642
44fc
0001
4e75
4642
3c10
3a06
ca42
6604
4642
4e75
b644
6700
0022
e85a
5243
3003
c07c
0007
6608
41e8
001e
6000
ffdc
c07c
0003
66d6
5488
6000
ffd0
4642
44fc
0001
4e75
3e2d
0026
be7c
0064
6400
0018
26c8
26c9
36c1
36c2
36c3
36c4
36c5
36c6
526d
0026
4e75
48a7
7e00
2f09
2f08
5347
3c23
3823
558b
3623
3423
5d8b
2063
4a46
6b0a
6100
ff48
6500
0028
6006
6100
ff7a
651e
b66b
000c
670a
2688
3742
000a
3743
000c
51cf
ffcc
4fef
0014
47ed
07f8
4e75
26df
26df
26df
26df
26df
4e75
302d
0026
6606
44fc
0001
4e75
5340
3b40
0026
47eb
fff4
204b
4c98
007e
2263
2063
3b41
0022
4a46
6b36
2b49
0004
3b44
000c
3b45
0000
4886
3b46
0024
6b04
5341
6002
5241
2248
3802
3003
6100
048c
2b48
0008
3b42
000e
3b43
0002
2049
3404
4e75
2b49
0008
3b44
000e
3b45
0002
4886
3b46
0024
6b04
5341
6002
5241
2248
3802
3003
6100
0456
2b48
0004
3b42
000c
3b43
0000
2049
3404
4e75
4642
3c10
cc42
6604
4642
4e75
4642
44fc
0001
4e75
e95a
3003
5343
c07c
0007
6606
41e8
ffe2
4e75
c07c
0003
6602
5588
4e75
e85a
5243
3003
c07c
0007
6606
41e8
001e
4e75
c07c
0003
6602
5488
4e75
3004
5344
5948
c07c
0007
6604
41e8
f820
4e75
5244
5848
3004
c07c
0007
6604
41e8
07e0
4e75
3206
4846
3006
4846
6100
03c8
4642
c642
4642
48e7
0f00
7a00
3806
9e46
6a04
4447
5845
4846
4847
4844
3806
9e46
6a04
4447
5045
3c07
4847
be46
6500
0136
6700
0262
4846
4246
8cc7
5347
303c
8000
4efb
5002
6000
000e
6000
004e
6000
008e
6000
00ce
3a04
4844
3210
c242
8243
3081
5244
5848
3204
c27c
0007
6604
41e8
07e0
d046
641c
e85a
e85b
5245
3205
c27c
0007
6606
41e8
001e
6008
c27c
0003
6602
5488
51cf
ffc6
6000
0310
3a04
4844
3210
c242
8243
3081
3204
5344
5948
c27c
0007
6604
41e8
f820
d046
641c
e85a
e85b
5245
3205
c27c
0007
6606
41e8
001e
6008
c27c
0003
6602
5488
51cf
ffc6
6000
02cc
3a04
4844
3210
c242
8243
3081
5244
5848
3204
c27c
0007
6604
41e8
07e0
d046
641c
e95a
e95b
3205
5345
c27c
0007
6606
41e8
ffe2
6008
c27c
0003
6602
5588
51cf
ffc6
6000
0288
3a04
4844
3210
c242
8243
3081
3204
5344
5948
c27c
0007
6604
41e8
f820
d046
641c
e95a
e95b
3205
5345
c27c
0007
6606
41e8
ffe2
6008
c27c
0003
6602
5588
51cf
ffc6
6000
0244
4847
4247
8ec6
5346
303c
8000
4efb
5002
6000
000e
6000
0092
6000
004a
6000
00ce
3a04
4844
3210
c242
8243
3081
e85a
e85b
5245
3205
c27c
0007
6606
41e8
001e
6008
c27c
0003
6602
5488
d047
6410
5244
5848
3204
c27c
0007
6604
41e8
07e0
51ce
ffc6
6000
01e0
3a04
4844
3210
c242
8243
3081
e95a
e95b
3205
5345
c27c
0007
6606
41e8
ffe2
6008
c27c
0003
6602
5588
d047
6410
5244
5848
3204
c27c
0007
6604
41e8
07e0
51ce
ffc6
6000
019c
3a04
4844
3210
c242
8243
3081
e85a
e85b
5245
3205
c27c
0007
6606
41e8
001e
6008
c27c
0003
6602
5488
d047
6410
3204
5344
5948
c27c
0007
6604
41e8
f820
51ce
ffc6
6000
0158
3a04
4844
3210
c242
8243
3081
e95a
e95b
3205
5345
c27c
0007
6606
41e8
ffe2
6008
c27c
0003
6602
5588
d047
6410
3204
5344
5948
c27c
0007
6604
41e8
f820
51ce
ffc6
6000
0114
5347
4efb
5002
6000
000e
6000
004a
6000
0086
6000
00c2
3a04
4844
3210
c242
8243
3081
5244
5848
3204
c27c
0007
6604
41e8
07e0
e85a
e85b
5245
3205
c27c
0007
6606
41e8
001e
6008
c27c
0003
6602
5488
51cf
ffca
6000
00be
3a04
4844
3210
c242
8243
3081
3204
5344
5948
c27c
0007
6604
41e8
f820
e85a
e85b
5245
3205
c27c
0007
6606
41e8
001e
6008
c27c
0003
6602
5488
51cf
ffca
6000
007e
3a04
4844
3210
c242
8243
3081
5244
5848
3204
c27c
0007
6604
41e8
07e0
e95a
e95b
3205
5345
c27c
0007
6606
41e8
ffe2
6008
c27c
0003
6602
5588
51cf
ffca
6000
003e
3a04
4844
3210
c242
8243
3081
3204
5344
5948
c27c
0007
6604
41e8
f820
e95a
e95b
3205
5345
c27c
0007
6606
41e8
ffe2
6008
c27c
0003
6602
5588
51cf
ffca
4cdf
00f0
4e75
3206
4846
3006
4846
6100
0010
3210
c242
4642
c642
8243
3081
4e75
4841
4241
4841
2401
c27c
fff8
e189
c47c
0007
d442
d442
d282
3400
c47c
fff8
d442
d442
d282
3400
c47c
0004
e24a
d282
d2bc
0028
8000
2041
343c
0fff
c07c
0003
d040
d040
e07a
4e75
426d
0024
426d
0026
47ed
0028
3b40
0002
3b40
0000
3600
3b41
0022
5341
3b41
0010
3801
6100
ff96
2b48
0004
3b42
000c
3b43
0000
2b48
0008
3b42
000e
3b43
0002
6100
fb96
2b48
001a
3b42
0020
3b43
0014
6100
fb3c
2b48
0016
3b42
001e
3b43
0012
6100
01e2
2b48
0016
3b42
001e
3b43
0012
3003
322d
0000
b041
6700
0070
6e00
003a
206d
0004
342d
000c
362d
0000
3800
6100
0258
6500
0056
226d
0016
382d
001e
3a2d
0012
3c2d
0024
4646
cc7c
00ff
322d
0010
6100
f9bc
6000
0034
206d
0016
342d
001e
362d
0012
3801
6100
0220
6500
001e
226d
0004
382d
000c
3a2d
0000
3c2d
0024
cc7c
00ff
322d
0022
6100
f986
206d
001a
342d
0020
362d
0014
6100
019e
2b48
001a
3b42
0020
3b43
0014
3003
322d
0002
b041
6700
0070
6d00
003a
206d
0008
342d
000e
362d
0002
3800
6100
020e
6500
0056
226d
001a
382d
0020
3a2d
0014
3c2d
0024
4646
8c7c
ff00
322d
0010
6100
f926
6000
0034
206d
001a
342d
0020
362d
0014
3801
6100
01d6
6500
001e
226d
0008
382d
000e
3a2d
0002
3c2d
0024
8c7c
ff00
322d
0022
6100
f8f0
41ed
0000
43ed
0012
20d9
20d9
20d9
20d9
30d9
206d
001a
342d
0020
362d
0014
382d
0022
4a6d
0024
6b06
6100
fa2e
6004
6100
fa16
3b44
0022
6100
01c8
6400
fe88
382d
0000
6100
0124
6400
fe7c
6100
f91a
6402
4e75
3805
b644
6e36
6100
015a
65ec
3b43
0000
2f08
3f02
382d
0022
4a6d
0024
6b06
6100
f9d4
6004
6100
f9e0
3b44
0010
2b48
0004
3b42
000c
341f
205f
6000
fe38
6100
00d8
65b6
3b43
0002
2f08
3f02
382d
0022
4a6d
0024
6b06
6100
f99e
6004
6100
f9aa
3b44
0010
2b48
0008
3b42
000e
341f
205f
6000
fe02
3c10
244c
3e1a
4642
3a06
ca42
3005
321a
c242
b041
57cf
fff6
6608
4642
3086
6000
f946
302c
0002
c042
4642
cc42
8c40
e95a
3003
5343
c07c
0007
660a
3086
41e8
ffe2
6000
ffbe
c07c
0003
66b8
3086
5588
6000
ffb0
3c10
244c
3e1a
4642
3a06
ca42
3005
321a
c242
b041
57cf
fff6
6608
4642
3086
6000
f8d8
302c
0002
c042
4642
cc42
8c40
e85a
5243
3003
c07c
0007
660a
3086
41e8
001e
6000
ffbe
c07c
0003
66b8
3086
5488
6000
ffb0
4642
3c10
244c
3e1a
3a06
ca42
3005
321a
c242
b041
57cf
fff6
6704
4642
4e75
b644
6700
0022
e95a
3003
5343
c07c
0007
6608
41e8
ffe2
6000
ffcc
c07c
0003
66c6
5588
6000
ffc0
4642
44fc
0001
4e75
4642
3c10
244c
3e1a
3a06
ca42
3005
321a
c242
b041
57cf
fff6
6704
4642
4e75
b644
6700
0022
e85a
5243
3003
c07c
0007
6608
41e8
001e
6000
ffcc
c07c
0003
66c6
5488
6000
ffc0
4642
44fc
0001
4e75
244c
3e1a
4642
3c10
cc42
3006
321a
c242
b041
57cf
fff6
6704
4642
4e75
4642
44fc
0001
4e75
0004
0f4e
000b
0002
f500
fe06
00f7
124e
0b00
02f5
00fb
1fff
ff00
f71f
4e00
020b
0002
f500
fe03
00f7
124e
0b00
02f5
00fb
03ff
ff00
f70f
4e00
000b
0002
f500
fe02
00f7
124e
0b00
02f5
00fb
01ff
ff00
f709
4e00
000b
0002
f500
fe01
00f7
0f4e
0b00
02f5
00fb
00ff
ff00
f703
4e00
0012
005e
00b6
011c
016a
01b2
0214
0258
029c
2b1c
2a8c
2ae4
2abc
28b0
2aec
2b0c
2b20
28d4
29b0
2918
2890
2978
28ec
29cc
228c
0000
2710
2724
274c
272c
2284
2710
2748
2724
2758
2714
2284
2738
273c
2750
2284
2748
2714
2704
2710
2764
2294
0000
2b1c
2a8c
2ae4
2abc
28b0
5bc4
28b4
53f8
297c
7350
4510
292c
2928
290c
2918
2890
2978
28e4
228c
0000
2710
2724
274c
272c
2284
2724
274c
2284
275c
2748
2724
2750
2714
2284
2740
2748
273c
2750
2714
270c
2750
2714
2710
2294
0000
2b1c
2a8c
2ae4
2abc
2298
2b24
2ba4
2a90
2b58
28b0
416c
5dbc
291c
28e4
228c
0000
2710
2724
274c
272c
2284
2710
2748
2724
2758
2714
2284
2718
2704
2754
2730
2750
2294
32a0
3334
33a4
33cc
33cc
33a4
33b8
339c
1f20
3350
33c8
3384
338c
33ac
1f20
328c
32c0
32a4
0000
2b1c
2a8c
2ae4
2abc
2298
2acc
2bcc
2b20
2bb4
22f0
2ba4
2920
6930
5eb8
2aa0
2ba4
22f0
28b0
4abc
28b4
2978
28dc
28fc
228c
0000
270c
2740
2754
2284
2730
273c
274c
2750
2284
2710
2704
2750
2704
2294
0000
2b54
2aa4
22f0
2b78
2b0c
2b20
6798
292c
2aa0
2ba4
22f0
28b0
4abc
28b4
2978
28dc
28fc
228c
0000
2718
273c
2748
2734
2704
2750
2750
2724
2738
271c
2284
2714
2748
2748
273c
2748
2294
0000
2b1c
2a8c
2ae4
2abc
77d0
293c
2b24
2ba4
2a90
2b58
28b0
416c
5dbc
291c
28e4
228c
0000
2710
2724
274c
272c
2284
27bc
27c8
2284
2710
2748
2724
2758
2714
2284
2718
2704
2754
2730
2750
2294
32a0
334c
3394
3394
33ac
1f20
3394
33c8
33c8
33bc
33c8
32a4
0000
2b1c
2a8c
2ae4
2abc
28ac
29a4
60d4
28dc
28bc
6d24
297c
53f8
2984
2978
28ec
29cc
228c
0000
2710
2724
274c
272c
2284
2748
2714
2704
2710
2284
2714
2748
2748
273c
2748
2294
0000
2b1c
2a8c
2ae4
2abc
292c
60d4
28dc
28bc
5bc4
28b4
53f8
2984
2978
28ec
29cc
228c
0000
2710
2724
274c
272c
2284
275c
2748
2724
2750
2714
2284
2714
2748
2748
273c
2748
2294
0000
270c
2740
2754
2328
2724
270c
26d0
232c
28b0
6cc0
55b8
28dc
2978
28ec
29cc
228c
0000
270c
2740
2754
2328
2724
270c
26d0
232c
2718
2704
2754
2730
2750
2294
0000
4128
44f0
2938
2284
2724
270c
2284
28b0
7350
7d24
2920
575c
29bc
29b0
2978
28e4
228c
0000
2734
2794
27b4
27bc
27c8
27e4
2284
27d0
2794
27cc
27d0
2284
2794
27c8
27c8
27bc
27c8
2290
27b4
2784
27e4
2788
2794
0000
2b84
2b88
2ba8
22f0
2938
2b18
2ae4
2b20
28b0
5aa8
7cec
28dc
2978
28dc
28fc
228c
0000
2734
2714
2734
273c
2748
2764
2284
2750
2714
274c
2750
2284
27c0
2784
27cc
27cc
2794
2790
2294
0000
2b18
2ae4
2b20
2298
2ae4
2a90
2b0c
2b04
29c8
4484
28e4
2920
5884
292c
5f28
297c
2978
28e4
228c
0000
2740
27d4
27cc
27a0
2284
2750
2714
274c
2750
2284
27d0
27bc
2284
278c
27bc
27b8
27d0
27a4
27b8
27d4
2794
2294
0000
2b84
2b88
2ba8
22f0
2938
2b18
2ae4
2b20
29c8
5350
2890
2978
28e4
228c
0000
6798
577c
28e4
29ac
5db0
539c
293c
2288
6b14
50ec
29c8
6168
290c
2918
44f0
28d4
2890
228c
0000
2738
27bc
27dc
2284
27cc
27d0
2784
27c8
27d0
27a4
27b8
279c
2284
2734
2714
2734
273c
2748
2764
2284
2750
2714
274c
2750
2294
0000
2750
27bc
2284
2784
2788
27bc
27c8
27d0
2284
2750
2714
274c
2750
2290
27c0
27bc
27dc
2794
27c8
2284
2790
27bc
27dc
27b8
2294
0000
270c
2740
2754
6cc4
5738
2938
6930
5eb8
2b18
2ae4
2b20
29c8
5350
2890
2978
28e4
228c
0000
28fc
2900
28dc
2288
2724
270c
26d0
292c
72e0
5b80
7328
2938
26d8
26e0
26c0
26c0
26c0
270c
2740
2754
28b0
0000
2aec
2b0c
2b20
28d4
29b0
2918
2890
29ac
72b0
7b5c
28b0
2888
29a8
2978
28e4
228c
0000
29a0
28c4
29b0
2940
2b18
2ae4
2b20
2298
2ae4
2a90
2b0c
2b04
29c8
4484
28dc
2918
44f0
28d4
2890
228c
0000
3338
33bc
33dc
1f20
33cc
33d0
3384
33c8
33d0
33a4
33b8
339c
1f20
330c
3340
3354
1f20
338c
33bc
33b4
33b4
33d4
33b8
33a4
338c
3384
33d0
33a4
33bc
33b8
1f20
3350
3314
334c
3350
32b8
0000
334c
33d0
3384
33b8
3390
3384
33c8
3390
1f20
32d8
32e0
32c0
32c0
32c0
330c
3340
3354
1f20
33a4
33cc
1f20
33c8
3394
33c4
33d4
33a4
33c8
3394
3390
1f20
3384
33d0
1f20
3324
330c
32d0
32b8
0000
3324
3398
1f20
33a4
33b8
33cc
33d0
3384
33b0
33b0
3394
3390
32b0
33c0
33d4
33cc
33a0
1f20
3350
3314
334c
3350
32b8
0000
2b18
2ae4
2b20
28b0
5aa8
7cec
28dc
2978
28dc
28fc
228c
0000
2750
2714
274c
2750
2284
27c0
2784
27cc
27cc
2794
2790
2294
0000
2b18
2ae4
2b20
6798
0000
2750
2794
27cc
27d0
27a4
27b8
279c
0000
275c
2720
2724
2750
2714
0000
2748
2714
2710
0000
271c
2748
2714
2714
2738
0000
2708
2730
2754
2714
0000
274c
270c
2748
273c
2730
2730
2290
275c
2724
2738
2710
273c
275c
2284
2750
2714
274c
2750
0000
273c
2708
2728
2714
270c
2750
2284
2750
2714
274c
2750
0000
2718
2734
2284
2750
2714
274c
2750
0000
2730
2714
2718
2750
0000
2748
2724
271c
2720
2750
0000
270c
2714
2738
2750
2714
2748
0000
274c
275c
2714
2714
2740
0000
2710
22fc
2704
2284
2750
2714
274c
2750
0000
2724
270c
2284
2284
26c4
0000
2724
270c
2284
2284
26c8
0000
2724
270c
2284
26c4
26c8
0000
2724
270c
2284
26c4
26cc
0000
2724
270c
2284
26c4
26d0
0000
2724
270c
2284
26c4
26d4
0000
2724
270c
2284
26c4
26d8
0000
2724
270c
2284
26c4
26dc
0000
2724
270c
2284
26c4
26e0
0000
2724
270c
2284
26c4
26e4
0000
2724
270c
2284
26c8
26c0
0000
2724
270c
2284
26c8
26c4
0000
2724
270c
2284
26c8
26c8
0000
2724
270c
2284
26c8
26cc
0000
2724
270c
2284
26c8
26d0
0000
2724
270c
2284
26c8
26d4
0000
2724
270c
2284
26c8
26d8
0000
2724
270c
2284
26c8
26dc
0000
2724
270c
2284
26d0
26c4
0000
2724
270c
2284
26d0
26c8
0000
2724
270c
2284
26d0
26cc
0000
2724
270c
2284
26d0
26d0
0000
2724
270c
2284
26d0
26d4
0000
2724
270c
2284
26d0
26d8
0000
2724
270c
2284
26d0
26dc
0000
2724
270c
2284
26d0
26e0
0000
2724
270c
2284
26d8
26c0
0000
2724
270c
2284
26d8
26c4
0000
2724
270c
2284
26d4
26c4
0000
2724
270c
2284
26d4
26c0
0000
2724
270c
2284
26d4
26dc
0000
2724
270c
2284
26d4
26d8
0000
2724
270c
2284
26d4
26d0
0000
2724
270c
2284
26d4
26cc
0000
2b1c
2a8c
2ae4
2abc
2938
2b40
2b0c
2abc
2a88
2b0c
2b5c
29c8
28dc
2978
28e4
228c
0000
2b78
2ae4
2afc
22f0
2b1c
2a8c
2ae4
2abc
2920
5bc4
28b4
53f8
297c
7b44
2b1c
2a8c
2ae4
2abc
29c8
7b44
4154
28dc
2918
44f0
28d4
2890
228c
0000
2b78
2ae4
2afc
22f0
2b1c
2a8c
2ae4
2abc
293c
2b5c
2bb4
2b18
2abc
2b20
2298
2b38
2b0c
2b04
29c8
2aec
2b0c
2b20
28dc
2918
44f0
28d4
2890
228c
0000
5bc4
28b4
53f8
297c
7b44
2b1c
2a8c
2ae4
2abc
293c
2b5c
2bb4
2b18
2abc
2b20
2298
2b38
2b0c
2b04
29c8
2aec
2b0c
2b20
28dc
2928
2890
291c
44f0
28d4
2890
228c
0000
3308
3304
330c
332c
3354
3340
1f20
33d0
33a0
3394
1f20
3310
3324
334c
332c
32b8
0000
334c
3394
33d0
1f20
33d0
33a0
3394
1f20
33c0
33c8
33bc
33d0
3394
338c
33d0
1f20
33b8
33bc
33d0
338c
33a0
1f20
33bc
3398
1f20
33d0
33a0
3394
1f20
33b4
3384
33cc
33d0
3394
33c8
1f20
3310
3324
334c
332c
32b8
0000
3310
33bc
1f20
33b8
33bc
33d0
1f20
33cc
3394
33d0
1f20
33d0
33a0
3394
1f20
33c0
33c8
33bc
33d0
3394
338c
33d0
1f20
33b8
33bc
33d0
338c
33a0
1f20
33bc
3398
1f20
33d0
33a0
3394
1f20
3390
3394
33cc
33d0
33a4
33b8
3384
33d0
33a4
33bc
33b8
1f20
3310
3324
334c
332c
32b8
0000
2b78
2ae4
2afc
22f0
2b1c
2a8c
2ae4
2abc
0000
2734
2704
274c
2750
2714
2748
2284
2710
2724
274c
272c
0000
5bc4
28b4
53f8
297c
7b44
2b1c
2a8c
2ae4
2abc
0000
2738
2714
275c
2284
2710
2724
274c
272c
0000
28cc
29b0
293c
2b78
2ae4
2afc
22f0
2b1c
2a8c
2ae4
2abc
291c
293c
2888
29a8
2978
28ec
29cc
228c
0000
3350
33a0
33a4
33cc
1f20
33a4
33cc
1f20
33b8
33bc
33d0
1f20
33d0
33a0
3394
1f20
33b4
3384
33cc
33d0
3394
33c8
1f20
3310
3324
334c
332c
32b8
0000
28cc
29b0
293c
5bc4
28b4
53f8
297c
7b44
2b1c
2a8c
2ae4
2abc
291c
293c
2888
29a8
2978
28ec
29cc
228c
0000
3350
33a0
33a4
33cc
1f20
33a4
33cc
1f20
33b8
33bc
33d0
1f20
33d0
33a0
3394
1f20
3390
3394
33cc
33d0
33a4
33b8
3384
33d0
33a4
33bc
33b8
1f20
3310
3324
334c
332c
32b8
0000
6d24
297c
53f8
297c
6798
291c
28e4
228c
0000
3348
3394
3384
3390
33a4
33b8
339c
32b8
0000
5bc4
28b4
53f8
297c
6798
291c
28e4
228c
0000
335c
33c8
33a4
33d0
33a4
33b8
339c
32b8
0000
2b78
2ae4
2afc
22f0
2b1c
2a8c
2ae4
2abc
29c8
2aec
2b0c
2b20
28dc
28fc
29a4
2288
0000
2750
2714
274c
2750
2ae4
2a90
2b0c
2b04
29c8
4484
28dc
2918
44f0
28d4
2890
228c
0000
3340
33b0
3394
3384
33cc
3394
1f20
33a4
33b8
33cc
3394
33c8
33d0
1f20
33b4
3384
33cc
33d0
3394
33c8
1f20
3310
3324
334c
332c
32b0
33d0
33a0
3394
33b8
1f20
33c0
33d4
33cc
33a0
1f20
3350
3314
334c
3350
32b8
0000
5bc4
28b4
53f8
297c
7b44
2b1c
2a8c
2ae4
2abc
29c8
2aec
2b0c
2b20
28dc
28fc
29a4
2288
0000
2750
2714
274c
2750
2ae4
2a90
2b0c
2b04
29c8
4484
28dc
2918
44f0
28d4
2890
228c
0000
3340
33b0
3394
3384
33cc
3394
1f20
33a4
33b8
33cc
3394
33c8
33d0
1f20
3390
3394
33cc
33d0
33a4
33b8
3384
33d0
33a4
33bc
33b8
1f20
3310
3324
334c
332c
32b0
33d0
33a0
3394
33b8
1f20
33c0
33d4
33cc
33a0
1f20
3350
3314
334c
3350
32b8
0000
2b40
2b0c
2abc
2a88
2b0c
2b5c
28b0
5aa8
7cec
28dc
2978
28dc
28fc
228c
0000
3310
3324
334c
332c
1f20
3308
3304
330c
332c
3354
3340
1f20
338c
33bc
33b4
33c0
33b0
3394
33d0
3394
3390
32b8
0000
4444
4444
4444
4444
4444
4444
4444
4444
4444
4444
4444
4444
4444
4444
4444
4444
4445
5444
4452
2544
4452
2544
4452
2544
4455
5544
4452
2544
4445
5444
4444
4444
4454
5444
4525
2544
4525
2544
4454
5444
4444
4444
4444
4444
4444
4444
4444
4444
4454
5444
4525
2544
5222
2254
4525
2544
5222
2254
4525
2544
4454
5444
4444
4444
4452
5544
4522
2254
5252
5544
4522
2544
4552
5254
5222
2544
4552
5444
4445
4444
4554
4554
5225
5254
5225
2544
4552
5544
4525
2254
5255
2254
5544
5544
4444
4444
4454
4444
4525
4444
5252
5444
4525
4444
5252
5544
5225
2254
4554
5544
4444
4444
4445
5444
4452
2544
4452
2544
4445
2544
4444
5444
4444
4444
4444
4444
4444
4444
4445
5444
4452
2544
4522
5444
4522
5444
4522
5444
4452
2544
4445
5444
4444
4444
4455
4444
4522
5444
4452
2544
4452
2544
4452
2544
4522
5444
4455
4444
4444
4444
4445
4444
4552
5544
5252
5254
4522
2544
4522
2544
5252
5254
4552
5544
4445
4444
4445
4444
4452
5444
4552
5544
5222
2254
4552
5544
4452
5444
4445
4444
4444
4444
4444
4444
4444
4444
4445
5444
4452
2544
4452
2544
4445
2544
4444
5444
4444
4444
4444
4444
4444
4444
4444
4444
4555
5544
5222
2254
4555
5544
4444
4444
4444
4444
4444
4444
4444
4444
4444
4444
4445
5444
4452
2544
4452
2544
4445
5444
4444
4444
4444
4554
4444
5254
4445
2544
4452
5444
4525
4444
5254
4444
5544
4444
4444
4444
4455
5444
4522
2544
5225
2254
5225
2254
5225
2254
4522
2544
4455
5444
4444
4444
4445
5544
4452
2544
4522
2544
4452
2544
4452
2544
4522
2254
4555
5554
4444
4444
4455
5444
4522
2544
5225
2254
5552
2544
4522
5544
5222
2254
5555
5554
4444
4444
4455
5444
4522
2544
5225
2254
4552
2544
5225
2254
4522
2544
4455
5444
4444
4444
4554
4444
5255
5544
5252
2544
5252
2554
5222
2254
5552
2544
4455
5544
4444
4444
4555
5444
5222
2544
5225
5444
5222
2544
4555
2254
5222
2544
4555
5444
4444
4444
4455
5444
4522
2544
5225
5444
5222
2544
5225
2254
4522
2544
4455
5444
4444
4444
4555
5554
5222
2254
5225
2254
5555
2254
4452
2544
4452
2544
4455
5544
4444
4444
4455
5444
4522
2544
5225
2254
4522
2544
5225
2254
4522
2544
4455
5444
4444
4444
4455
5444
4522
2544
5225
2254
4522
2254
4455
2254
4522
2544
4455
5444
4444
4444
5510
0000
5100
0000
1000
0000
0000
0000
0000
0000
0000
0000
0000
0000
0000
0000
3333
3333
5555
5555
1111
1111
0000
0000
0000
0000
0000
0000
0000
0000
0000
0000
0000
0155
0000
0015
0000
0001
0000
0000
0000
0000
0000
0000
0000
0000
0000
0000
4444
4444
4555
5544
5222
2254
4555
5544
5222
2254
4555
5544
4444
4444
4444
4444
0000
0153
0000
0153
0000
0153
0000
0153
0000
0153
0000
0153
0000
0153
0000
0153
4455
5444
4522
2544
5225
2254
4552
2544
4452
5444
4445
4444
4452
5444
4445
4444
4455
5444
4522
2544
4455
5254
4522
5254
5252
5254
4522
2544
4455
5444
4444
4444
4445
4444
4452
5444
4522
2544
4525
2544
5222
2254
5225
2254
5554
5554
4444
4444
5555
5444
5222
2544
5225
2254
5222
2544
5225
2254
5222
2544
5555
5444
4444
4444
4455
5444
4522
2544
5225
2254
5225
5544
5225
2254
4522
2544
4455
5444
4444
4444
5555
5444
5222
2544
5225
2254
5225
2254
5225
2254
5222
2544
5555
5444
4444
4444
5555
5554
5222
2254
5225
5554
5222
2544
5225
5554
5222
2254
5555
5554
4444
4444
5555
5554
5222
2254
5225
5554
5222
2544
5225
5544
5225
4444
5555
4444
4444
4444
4455
5554
4522
2254
5225
5554
5225
2254
5225
2254
4522
2254
4455
5544
4444
4444
5555
5554
5225
2254
5225
2254
5222
2254
5225
2254
5225
2254
5555
5554
4444
4444
5555
5544
5222
2544
4522
5444
4522
5444
4522
5444
5222
2544
5555
5544
4444
4444
5555
5554
5222
2254
4552
2544
5252
2544
5222
2544
4522
5444
4455
4444
4444
4444
5554
5554
5225
2254
5222
2544
5222
5444
5222
2544
5225
2254
5554
5554
4444
4444
5555
4444
5225
4444
5225
4444
5225
5554
5222
2254
5222
2254
5555
5554
4444
4444
5544
4554
5254
5254
5225
2254
5222
2254
5252
5254
5255
5254
5554
5554
4444
4444
5544
5554
5255
2254
5225
2254
5222
2254
5225
2254
5225
5254
5554
4554
4444
4444
4455
5444
4522
2544
5225
2254
5225
2254
5225
2254
4522
2544
4455
5444
4444
4444
5555
5444
5222
2544
5225
2254
5225
2254
5222
2544
5225
5444
5554
4444
4444
4444
4455
5444
4522
2544
5225
2254
5225
2254
5222
2554
4522
2254
4455
5544
4444
4444
5555
5444
5222
2544
5225
2254
5225
2254
5222
2544
5225
2254
5554
5554
4444
4444
4455
5444
4522
2544
5225
5254
4522
2544
5255
2254
4522
2544
4455
5444
4444
4444
5555
5544
5222
2544
4522
5444
4522
5444
4522
5444
4522
5444
4555
5444
4444
4444
5554
5554
5225
2254
5225
2254
5225
2254
5225
2254
4522
2544
4455
5444
4444
4444
5554
5554
5225
2254
5225
2254
4522
2544
4522
2544
4452
5444
4445
4444
4444
4444
5545
4554
5252
5254
5252
5254
5252
5254
5222
2254
4525
2544
4454
5444
4444
4444
4554
5544
5225
2254
5222
2254
4522
2544
5222
2254
5225
2254
4554
5544
4444
4444
5544
4554
5254
5254
5225
2254
4522
2544
4452
5444
4452
5444
4455
5444
4444
4444
5555
5554
5222
2254
5222
2544
4552
5544
4522
2254
5222
2254
5555
5554
4444
4444
4445
4444
4552
5444
4522
2544
4522
2254
4522
2544
4552
5444
4445
4444
4444
4444
4444
5444
4445
2554
4452
2254
4522
2254
4452
2254
4445
2554
4444
5444
4444
4444
5555
4444
5222
5544
5255
2254
5225
2525
5255
2525
5222
2525
5555
2254
4444
5544
4455
5544
4522
2254
5225
5225
5252
2225
5252
2225
5225
5225
4522
2254
4455
5544
4455
5444
4571
3544
5771
3154
5771
3335
5776
1115
4566
6654
4455
5544
4444
4444
0000
0000
0000
0000
0000
0000
0000
0000
0000
0000
0000
0000
0000
0009
0000
0099
0000
0000
0000
0000
0000
0000
0000
00aa
0009
9999
0999
9111
9991
1888
9118
8888
0000
0000
0000
0000
0000
0000
aaaa
aaaa
9999
999a
1111
1111
8888
8888
8888
8888
0000
0000
0000
0000
0000
0000
aaaa
aaaa
aaaa
aaaa
6666
6666
8888
8888
8888
8888
0000
0000
0000
0000
0000
0000
aaaa
a900
aaaa
9c00
6669
cc00
8889
cc00
8889
cc00
0000
0000
0000
0000
0000
0000
0000
0000
0000
0000
0000
0000
0000
0000
0000
0000
0000
0000
0000
0000
0000
0000
08aa
aaaa
098a
aaaa
0091
1111
0099
1888
0009
9688
0000
0000
0000
0000
0000
0000
aaaa
aa90
aaaa
a9c0
1111
9cc0
8888
9ccc
8888
89cc
0000
0000
0000
0000
0000
0000
08aa
aaaa
098a
aaaa
0991
1166
9991
8888
9918
8888
0000
0000
0000
0000
0000
0000
aaaa
a9c0
aaaa
9cc0
6669
cc00
8889
cc00
889c
c000
0000
0000
0000
0000
0000
0000
008a
aaaa
0098
aaaa
0099
1111
0099
1888
0099
1888
0000
0000
0000
0000
0000
0000
aaaa
aaaa
aaaa
aaaa
1111
1111
8888
8888
8888
8888
0000
0000
0000
0000
0000
0000
8aaa
aaaa
98aa
aaaa
9911
1111
9918
8888
9918
8888
0000
0000
0000
0000
0000
0000
aaaa
aaa9
aaaa
aa9c
6666
6bcc
8888
89cc
8888
89cc
0000
0000
0000
0000
0000
0000
8aaa
aaaa
98aa
aaaa
9991
1111
9918
8888
9918
8888
0000
0000
0000
0000
0000
0000
aaaa
aaa9
aaaa
aa9c
6666
69cc
8888
89cc
8888
89cc
0000
0999
0000
0991
0000
9991
0000
9918
0009
9918
0009
9188
0009
9188
0009
9188
1888
8888
8888
8888
8888
8888
8888
8888
8888
8888
8888
8899
8888
89cc
8888
9ccc
8888
8888
8888
8888
8888
8888
8888
8888
9999
9999
cccc
cccc
cccc
cccc
0000
0000
8889
cc00
8889
cc00
8889
cc00
8889
cc00
9999
cc00
cccc
bc00
cccc
cb00
0000
0000
0009
9688
0000
9968
0000
9968
0000
0991
0000
0991
0000
0099
0000
0099
0000
0009
8888
89cc
8888
889c
8888
889c
8888
8889
8888
8889
1888
8888
1888
8888
9188
8888
0000
0000
c000
0009
c000
0009
cc00
0099
cc00
0099
9cc0
0991
9cc0
0991
89cc
9918
9918
8888
9188
8888
9188
8888
1888
8888
1888
8888
8888
8889
8888
8889
8888
889c
889c
c000
89cc
0000
89cc
0000
9cc0
0000
9cc0
0000
cc00
0000
cc00
0000
c000
0000
0099
1888
0099
1888
0099
1888
0099
1888
0099
6666
009b
bbbb
00bb
bbbb
0000
0000
8888
8888
8888
8888
8888
8888
8888
8888
6666
6666
bbbb
bbb9
bbbb
bb99
0000
0099
8888
8888
8888
8888
8888
8888
8888
8888
6888
8889
6888
8889
6888
8889
6888
8889
8888
8888
8888
8888
8888
8888
8888
8888
9999
9999
cccc
cccc
cccc
cccc
cc00
0000
0099
1888
0099
1888
0099
1888
0099
1888
0099
1888
0099
1888
0099
1888
0099
1888
8888
8888
8888
8888
8888
8888
8888
8888
8889
9999
8889
cccc
8889
cccc
8889
cc00
9918
8888
9918
8888
9918
8888
9918
8888
9918
8888
9918
8888
9918
8888
9918
8888
8888
89cc
8888
889c
8888
889c
8888
889c
8888
889c
8888
8889
8888
8889
8888
8889
0000
0000
c000
0009
c000
0009
c000
0009
c000
0009
cc00
0099
cc00
0099
cc00
0099
9918
8888
9188
8888
9188
8888
9188
8888
9188
8888
1888
8888
1888
8888
1888
8888
8888
89cc
8888
89cc
8888
89cc
8888
89cc
8888
89cc
8888
89cc
8888
89cc
8888
89cc
0009
9188
0009
9188
0009
9188
0009
9688
0009
9688
0009
9988
0000
9968
0000
9996
8888
9cc0
8888
9ccc
8888
89cb
8888
8899
8888
8888
8888
8888
8888
8888
8888
8888
0000
0000
0000
0000
bbbb
bbbb
baaa
aaaa
9999
9999
8888
8888
8888
8888
8888
8888
0000
0000
0000
0000
ccc0
0000
aaac
cc00
999c
cccc
8889
99cc
8888
8899
8888
8888
0000
0000
0000
0000
0000
0000
0000
0000
0000
0000
cc00
0000
ccc0
0000
9ccc
0000
0000
0009
0000
0000
0000
0000
0000
0000
0000
0000
0000
0000
0000
0000
0000
0000
9188
8888
9918
8888
9918
8888
0996
8888
0996
8888
0099
6888
0099
6888
0009
9688
89cc
9918
889c
9188
889c
9188
8889
1888
8888
8888
8888
8888
8888
8888
8888
8888
8888
889c
8888
89cc
8888
89cc
8888
9cc0
8888
9cc0
8889
cc00
8889
cc00
889c
c000
c000
0000
0000
0000
0000
0000
0000
0000
0000
0000
0000
0000
0000
0000
0000
0000
0009
9188
0009
9188
0009
9188
0009
9688
0009
9688
0009
9968
0000
9968
0000
9996
0000
0099
0000
0099
0000
0099
0000
0099
0000
0099
0000
0099
0000
0099
0000
0099
6888
8889
6888
8889
6888
8889
6888
8889
6888
8889
6888
8889
6888
8889
6888
8889
cc00
0000
cc00
0000
cc00
0000
cc00
0000
cc00
0000
cc00
0000
cc00
0000
cc00
0000
0099
6888
0099
6888
0099
6888
0099
6888
0099
6888
0099
6888
0099
6888
0099
6888
8889
cc00
8889
cc00
8889
caaa
8889
aaaa
8889
6666
8888
8888
8888
8888
8888
8888
0000
0000
0000
0000
aaaa
aaaa
aaaa
aaaa
1111
1111
8888
8888
8888
8888
8888
8888
0000
0000
0000
0000
aaaa
aaa9
aaaa
aa9c
6666
69cc
8888
89cc
8888
89cc
8888
89cc
8888
8889
8188
8888
8188
8888
8988
8888
8918
8888
89c6
8888
89c6
8888
89c6
8888
cc00
0099
9cc0
0991
9cc0
0991
9cc0
0991
9cc0
0991
89cc
9918
89cc
9918
89cc
9918
1888
8888
8888
8881
8888
8891
8888
8991
8888
8991
8888
9c96
8888
9c96
8888
9c96
0000
0996
0000
0999
0000
0099
0000
0009
0000
0000
0000
0000
0000
0000
0000
0000
8888
8888
6888
8888
9668
8888
9a96
6888
09ba
a666
000b
bbbb
0000
00bb
0000
0000
8888
8888
8888
8888
8888
8888
8888
8888
1111
1111
bbbb
bbb9
bbbb
bbbb
0000
000b
8888
8888
8888
8888
8888
8888
8888
8888
8888
8888
1188
8888
9918
8888
b991
8888
89cc
0000
89cc
c000
889c
c000
889c
cc00
8889
cc00
8889
cc00
8889
cc00
8889
cc00
0009
9688
0000
9968
0000
9968
0000
0996
0000
0996
0000
0099
0000
0099
0000
0099
8888
8888
8888
8888
8888
8888
8888
8888
8888
8888
6888
8889
6888
8889
6888
8889
889c
c000
89cc
0000
89cc
0000
9cc0
0000
9cc0
0000
cc00
0000
cc00
0000
cc00
0000
6888
8889
6888
8889
6888
8889
6888
8889
6888
8889
6888
8889
1888
8889
1888
8889
8888
8888
8888
8888
8888
8888
8889
9999
8889
cccc
8889
cccc
8889
cc00
8889
cc00
8888
8888
8888
8888
8888
8888
9999
9999
cccc
cccc
cccc
cccc
0000
0000
0000
0000
8888
89cc
8888
89cc
8888
89cc
9999
99cc
cccc
ccbc
cccc
cccb
0000
0000
0000
0000
9968
8888
9968
8888
9968
8888
9968
8888
9968
8888
9968
8888
9968
8888
9968
8888
89cc
6888
89cc
6888
89cc
6888
89cc
a688
89cc
a688
89cc
a688
89cc
aa68
89cc
aa68
89cc
9918
889c
9188
889c
9188
889c
9188
889c
9188
8889
1888
8888
1888
8888
8888
8889
cc96
8889
cc96
8889
cc96
889c
ca96
889c
ca96
889c
ca96
89cc
aa96
89cc
aa96
0000
0000
0000
0000
009a
aaaa
0099
aaaa
0099
1111
0099
1888
0099
1888
0099
1888
0000
0000
0000
0000
aaaa
aaaa
aaaa
aaaa
6666
6666
8888
8888
8888
8888
8888
8888
0a91
8888
a991
8888
aa18
8888
1188
8888
8888
8888
8888
8888
8888
8888
8888
8888
8889
cc00
8889
cc00
8889
cc00
8889
cc00
889c
cc00
889c
cc00
89cc
c000
89cc
c000
6888
8889
6888
8889
6888
8889
6888
8889
6888
8889
1888
8889
1888
8889
1888
8889
1888
8889
1888
8889
1888
8889
1888
8889
1888
8889
1888
8889
1888
8889
1888
8889
0000
0000
0000
0000
aaaa
a900
aaaa
9c00
6669
cc00
8889
cc00
8889
cc00
8889
cc00
89cc
aa68
89cc
0aa6
89cc
0aa6
89cc
0aa6
89cc
00aa
89cc
00aa
89cc
00aa
89cc
000a
8888
8888
8888
8888
8888
8888
8888
8888
6888
8889
6888
8889
6888
8889
a188
889c
89cc
aa91
9cc0
aa91
9cc0
aa91
9cc0
aa91
cc00
aa91
cc00
aa91
cc00
aa91
c000
aa91
0099
1888
0099
1888
0099
1888
0099
9999
0099
cccc
009c
cccc
0000
0000
0000
0000
8888
8888
8888
8899
8889
99cc
999c
cccc
cccc
cc00
ccc0
0000
0000
0000
0000
0000
9ccc
0000
ccc0
0000
cc00
0000
0000
0000
0000
0000
0000
0000
0000
0000
0000
0000
0000
0099
0000
0099
0000
0099
0000
009c
0000
00cc
0000
0000
0000
0000
0000
0000
1888
8889
1888
8889
9999
9999
cccc
cccc
cccc
cccc
0000
0000
0000
0000
0000
0000
cc00
0000
cc00
0000
cc00
0000
bc00
0000
cb00
0000
0000
0000
0000
0000
0000
0000
0000
0099
0000
0099
0000
0099
0000
0099
0000
0099
0000
009c
0000
0000
0000
0000
1888
8889
1888
8889
1888
8889
9999
9999
cccc
cccc
cccc
cccc
0000
0000
0000
0000
cc00
0000
cc00
0000
cc00
0000
cc00
0000
bc00
0000
cb00
0000
0000
0000
0000
0000
8889
cc00
8889
cc00
8889
cc00
9999
cc00
cccc
bc00
cccc
cb00
0000
0000
0000
0000
9918
8888
9918
8888
9918
8888
9999
9999
9acc
cccc
accc
cccc
0000
0000
0000
0000
89cc
000a
89cc
000a
89cc
0000
99cc
0000
ccbc
0000
cccb
0000
0000
0000
0000
0000
a188
889c
a188
889c
aa18
89cc
aa19
99cc
0acc
ccb0
0ccc
ccc0
0000
0000
0000
0000
c000
aa91
c000
aa91
0000
aa91
0000
aa99
0000
aacc
0000
accc
0000
0000
0000
0000
0000
0000
0000
0000
0000
0000
0000
0000
0000
0000
0000
000a
0000
00a9
0000
0a99
0000
0000
0000
0000
0000
0000
0000
aaaa
0aaa
aaaa
a999
9666
9916
6888
1188
8888
0000
0000
0000
0000
0000
0000
aaaa
aaaa
aaaa
aaaa
6666
1111
8888
8888
8888
8888
0000
0000
0000
0000
0000
0000
aaa0
0000
aaaa
aaa0
111a
aaaa
8881
66aa
8888
8866
0000
0000
0000
0000
0000
0000
0000
0000
0000
0000
a000
0000
aa00
0000
aab0
0000
0000
0000
0000
0000
0000
0000
0000
0008
0000
0099
0000
0999
0000
9991
0009
9918
0000
0000
0000
0000
0000
0000
aaaa
aaaa
8aaa
aaaa
1111
1119
8888
8889
8888
8889
0000
0000
0000
0000
0000
0000
a900
0000
9c00
0000
cc00
0000
cc00
0000
cc00
0000
0000
9991
0000
9918
0009
9918
0009
9188
0009
9188
0099
9188
0099
1888
0099
1888
8888
8888
8888
8888
8888
8888
8888
8888
8888
8888
8888
8811
8888
81cc
8888
1ccc
8888
8888
8888
8888
8888
8888
8888
8888
1111
1118
cccc
ccc1
cccc
cccc
0000
000c
8888
8888
8888
8888
8888
8888
8888
8888
8888
8888
1888
8888
c188
8888
cc18
8888
6aab
0000
86ab
0000
86bb
b000
886b
b000
886b
b000
886b
bc00
8886
bc00
8886
bc00
0000
0000
0000
0000
0000
0000
0000
0009
0000
0099
0000
0999
0000
9996
0009
9968
0099
9188
0999
1888
9991
8888
9918
8888
9188
8888
6888
8888
8888
8888
8888
8888
8888
8889
8888
8889
8888
8889
8888
8889
8888
8889
8888
8889
8888
8889
8888
8889
0000
0000
0000
0000
0000
0000
aaaa
a900
aaaa
9c00
6666
cc00
8889
cc00
8889
cc00
0099
1888
0099
1888
0099
1888
0099
1888
0099
1888
0099
6888
0099
6888
0099
6666
8888
1cc0
8881
cc00
8881
cc00
8881
cc00
8881
cc00
8881
cc00
8881
cc00
1111
cc00
0000
0000
0000
0000
0000
0000
0000
0000
0000
0000
0000
0000
0000
00aa
0000
99aa
cc18
8888
0cb1
8888
0cb1
8888
0cb1
8888
bb18
8888
ab18
8888
a188
8888
1888
8888
8889
bc00
8889
cc00
8889
cc00
8889
cc00
8889
cc00
8889
cc00
889c
cc00
889c
c000
0000
0000
0000
0000
0000
0000
0000
0009
0000
0099
0000
0999
0000
9991
0009
9918
0099
9688
0999
6888
9996
8888
9968
8888
9188
8888
1888
8888
8888
8888
8888
8881
8888
8866
8888
86cc
8888
6cca
8886
ccca
886c
ccaa
86cc
c0aa
6ccc
00aa
ccc0
00aa
9888
8889
9888
8889
9888
8889
9888
8889
9888
8889
9888
8889
9888
8889
9888
8889
8888
8888
8888
8888
8888
8888
8888
8888
6666
6666
bbbb
bbbb
bbbb
bccc
0000
0000
0098
cccc
008c
cccc
0000
0000
0000
0000
0000
0000
0000
0000
0000
0099
0000
0999
cccc
bc00
cccc
cb00
0000
0099
0000
9999
0099
9966
9999
1688
9911
8888
1188
8888
0099
9a11
9999
6688
9966
8888
6688
8888
8888
8888
8888
8888
8888
8889
8888
889c
8888
8888
8888
8888
8888
8889
8888
899c
8889
9ccc
899c
ccc0
9ccc
c000
cccc
0000
89cc
c000
9ccc
0000
ccc0
0000
cc00
0000
0000
0000
0000
0000
0000
0000
0000
0000
0098
9188
0099
1888
0099
1888
0099
1888
0099
1888
0099
1888
0099
1888
0099
1888
8888
881c
8888
81cc
8888
1ccc
8881
ccc0
8881
caaa
8881
aaaa
8889
9999
8888
8888
cc00
00aa
c000
00aa
0000
00aa
0000
00aa
aaaa
aaba
aaaa
aaab
9999
9999
8888
8888
9888
8889
9888
8889
9888
8889
9888
8889
9888
8889
9888
8889
9888
8889
8888
8888
cc00
0000
cc00
0000
cc00
0000
cc00
0000
cbbb
b900
bbbb
9c00
9999
cc00
8889
cc00
0000
9991
0009
9918
0009
9188
0099
9188
0099
1888
0099
1888
0099
1888
0099
1888
8888
8888
8888
8888
8888
8888
8888
8889
8888
8889
8888
8888
8888
8888
8888
8888
8888
99cc
8899
cccc
99aa
aaaa
aaaa
aaaa
9999
9999
8888
8888
8888
8888
8888
8888
cc00
0000
0000
0000
aaaa
aaaa
aaaa
aaaa
9999
9999
8888
8888
8888
8888
8888
8888
0000
0000
0000
0000
aaaa
a900
aaaa
9c00
9999
cc00
8889
cc00
8889
cc00
8889
cc00
0099
1888
0099
1888
0099
1888
0099
1888
0099
1888
0099
9999
0098
cccc
008c
cccc
8888
8888
8888
8888
8888
8888
8888
8888
8888
8888
9999
9999
cccc
cccc
cccc
cccc
8888
8888
8888
8888
8888
8888
8888
8888
8888
8888
9999
9999
cccc
ccca
cccc
ccaa
8888
8888
8888
8888
8888
8888
8888
8888
8888
8888
9888
8889
9888
8889
9888
8889
8889
cc00
8889
cc00
8889
cc00
8889
cc00
8889
cc00
9999
cc00
cccc
bc00
cccc
cb00
0099
1888
0099
1888
0099
1888
0099
9999
0098
cccc
008c
cccc
0000
0000
0000
0000
0000
00aa
0000
00aa
0000
00aa
0000
00aa
0000
00a9
0000
009c
0000
0000
0000
0000
9888
8889
9888
8889
9888
8889
9999
9999
cccc
cccc
cccc
cccc
0000
0000
0000
0000
0000
0000
00ab
0000
00a9
b000
00a8
9b00
00a8
89b0
00a8
b19b
00a1
ba19
00a1
bca1
0000
0000
00a8
18c0
000a
8c00
000a
8c00
000a
1c00
000a
1c00
b00a
1c00
9b0a
1c00
0000
0000
0000
0caa
0000
a981
000a
89bb
00c9
9c00
00a8
b000
00a1
b000
00a1
b000
0000
0000
aac0
0000
189b
0000
bb98
b000
00c9
9c00
000a
8b00
000a
8b00
000a
8b00
0000
0000
b818
c000
0a8b
0000
0a1b
0000
0a1b
0008
0a8b
0001
00a8
b001
00a1
b008
0000
0000
000b
818c
0000
a8c0
0000
a8c0
b000
a8c0
b000
a8c0
b00a
8c00
b00a
8c00
0000
0000
0a81
8c00
00a8
b000
00a8
b000
00a8
b000
00a8
b000
00a8
b000
00a8
b000
0000
0000
0000
00ba
0000
0a91
0000
a91b
0000
a8b0
000a
8b00
000a
1b00
000a
1b00
0000
0000
abc0
0000
189b
0000
bb89
b000
00b8
a000
000b
8b00
000b
8b00
000b
8b00
0000
0000
0baa
aaaa
00a8
8118
00a8
bbbb
00a8
b000
00a1
b000
00a1
b000
00a1
b000
0000
0000
aa00
0000
89ac
0000
bb8a
c000
00b8
a000
000a
9c00
000a
8c00
000a
1c00
0000
0000
0000
0b81
0000
00a8
0000
00a8
0000
00a8
0000
00a1
0000
00a1
0000
00a1
0000
0000
8c00
0000
c000
0000
c000
0000
c000
0000
c000
0000
c000
0000
c000
0000
0000
0000
0000
0baa
0000
b981
000b
8bbb
00b9
bb00
00a8
b000
00a1
b000
00a1
b000
0000
0000
aab0
0000
189b
0000
bba8
b000
00ba
8b00
000a
8b00
000a
8b00
0000
0000
0000
0000
0000
0000
0000
0000
0000
0000
0000
0000
0000
0000
0000
0000
0008
9000
00a1
b0ca
00a1
b00c
00a8
b000
00a8
b000
00a8
b000
00a8
b000
0a81
8b00
0000
0000
19ba
8c00
a89b
8c00
ca89
8c00
0ca8
8c00
00ca
8c00
000c
ac00
0000
cc00
0000
0000
00a1
b000
00a1
b000
00a8
b000
00c9
9c00
000a
89aa
0000
a988
0000
0cbb
0000
0000
000a
8b00
000a
8b00
000a
8b00
00c9
9c00
aa98
b000
889b
0000
bbc0
0000
0000
0000
00a1
b008
00a8
b008
000a
8abb
000a
1ac0
000a
8bc0
0000
ac00
0000
ac00
0000
0000
b00a
8c00
b00a
8c00
bba8
c000
0ba8
c000
0ba8
c000
00bc
0000
00bc
0000
0000
0000
00a1
b000
00a1
b000
00a1
b000
00a1
b000
00a1
bccc
00a1
1888
00ac
cccc
0000
0000
0000
0000
0000
0000
00b8
c000
00b8
c000
ccb8
c000
8888
c000
cccc
c000
0000
0000
000a
1aaa
000a
1811
000a
8ccc
000a
8b00
000a
8b00
000a
8b00
00b8
18c0
0000
0000
aaaa
8b00
8888
8b00
cccc
8b00
000b
8b00
000b
8b00
000b
8b00
00b8
18c0
0000
0000
00a1
b000
00a1
b000
00a8
b000
00a8
b000
00a8
9999
00a8
8888
0cbb
bbbb
0000
0000
000a
1c00
000a
8c00
000a
9c00
00a8
b000
9a8b
c000
89bc
0000
bb00
0000
0000
0000
0000
00a1
0000
00a8
0000
00a8
0000
00a8
0000
00a8
0000
00a8
0000
0b81
0000
0000
c000
0000
c000
0000
c000
0000
c000
0000
c000
0000
c000
0000
8c00
0000
0000
0000
00a1
b000
00a1
b000
00a8
b000
00b9
bb00
000a
8bbb
0000
a988
0000
0bbb
0000
0000
0a88
18b0
0bba
8cc0
000a
1c00
00ba
1c00
bbb8
8c00
889a
8c00
bbcb
8c00
0000
0000
000a
b000
0000
0000
0000
0000
0000
0000
0000
0000
0000
0000
0000
0000
0000
0000
0000
0000
0000
0000
0000
0000
0000
0000
0000
0000
0000
0000
0000
0000
2222
2222
0000
0000
0000
0000
0000
0000
0000
0000
0000
0000
0000
0000
0000
0000
2222
0000
0000
0000
0000
0000
0000
0000
0000
0000
0000
0000
0000
0000
0000
0000
0000
0002
0000
0000
0000
0000
0000
0000
0000
0000
0000
0000
0000
0000
0000
0000
0002
2222
0000
0000
0000
0000
0000
0000
0000
0000
0000
0000
0000
0000
0000
0000
2220
0000
0000
0000
0000
0000
0000
0000
0000
0000
0000
0000
0000
0000
0000
0000
2000
0000
0000
0000
0000
0000
0000
0000
0000
0022
0000
2222
0022
2211
0222
1111
2221
1111
0000
0000
0000
2222
0222
2222
2222
1111
2111
1111
1111
1111
1111
3333
1333
4444
2222
2222
2222
2222
1111
1111
1111
1111
1111
1113
1333
3334
3444
4444
4444
4444
2222
2222
1111
1111
1111
1111
1111
1111
3333
3333
4444
4444
4444
4444
4444
4444
2222
2222
1111
1111
1111
1111
1111
1111
3333
3311
4444
4311
4444
4311
4444
4311
2222
0000
1122
0000
1122
0000
1122
0000
1122
0000
1122
0000
1122
0000
1122
0002
0000
0000
0000
0000
0000
0000
0000
0022
0000
2222
0022
2211
2222
1111
2221
1111
0000
0000
0000
2222
0222
2222
2222
1111
2111
1111
1111
1133
1133
3344
3344
4444
2222
2222
2222
2222
1111
1111
1111
1111
1111
1333
3333
3444
4444
4444
4444
4444
2222
0000
1122
0000
1122
0000
1122
0000
1122
0000
1122
0000
1122
0000
1122
0000
0000
0000
0000
0000
0000
0022
0000
0221
0000
2211
0002
2111
0022
1111
0022
1113
0222
2222
2221
1111
2111
1111
1111
1111
1113
3333
1334
4444
3444
4444
4444
4444
2222
2000
1112
2200
1111
1222
1111
1112
3331
1111
4443
3111
4444
4311
4444
4431
0000
0000
0000
0000
0000
0000
2000
0000
2200
0000
1220
0000
1122
0000
1122
0002
0000
0000
0000
0022
0000
2222
0002
2211
0022
1111
0221
1111
2211
1144
2111
1444
2222
2222
2221
1111
1111
1111
1111
1111
1144
4444
4444
4444
4441
1111
4111
1111
2222
0000
1222
2200
1111
2222
1111
1122
4411
1111
4444
1111
1444
4411
1114
4441
0000
0000
0000
0000
0000
0000
2000
0000
2200
0000
1220
0000
1122
0000
1112
2000
0000
0022
0000
0222
0000
2221
0002
2211
0002
2111
0022
2111
0022
1111
0222
1111
2111
1113
1111
1334
1111
3444
1113
4444
1134
4444
1355
5555
3555
5555
3555
5555
3444
4444
4444
4444
4444
4444
4444
4444
4444
4444
5555
5555
5555
5555
5555
5555
4444
4444
4444
4444
4444
4444
4444
4444
4444
4444
5555
5555
5555
5555
5555
5553
4444
4444
4444
4444
4444
4444
4444
4444
4444
4444
5555
5555
5555
5555
3333
3333
4444
4311
4444
4311
4444
4311
4444
4311
4444
4311
5555
5311
5555
5311
3333
3311
1122
0022
1122
0222
1122
2221
1122
2211
1122
2111
1122
2111
1122
1111
1122
1113
2111
1133
1111
3344
1113
4444
1134
4444
1344
4444
3555
5555
3555
5555
5555
5555
4444
4444
4444
4444
4444
4444
4444
4444
4444
4444
5555
5555
5555
5533
5555
3311
4444
4444
4444
4444
4444
4444
4444
4444
4444
4444
5555
5555
3333
3333
1111
1111
4444
4311
4444
4311
4444
4311
4444
4311
4444
4311
5555
5311
3333
3311
1111
1111
1122
0000
1122
0000
1122
0000
1122
0000
1122
0000
1122
0000
1122
0000
1122
0000
0000
0000
0000
0000
0000
0000
0000
0000
0000
0002
0000
0002
0000
0002
0000
0022
0221
1134
0221
1134
2211
1344
2211
1344
2111
1344
2111
3555
2111
3555
1111
3555
4444
4444
4444
4444
4444
4444
4444
4444
4444
4444
5555
5555
5555
5555
5555
5333
4444
4443
4444
4443
4444
4444
4444
4444
4444
4444
5555
5555
5555
5555
3555
5555
1112
2002
1112
2022
3111
2222
3111
2221
3111
1221
5311
1211
5311
1211
5311
1111
2111
5551
1115
5513
1116
6113
1166
6113
1177
1113
1777
1113
1881
1113
1881
1113
1111
1111
3333
3333
4444
4444
5533
3333
6631
1111
6631
1111
7731
1111
8831
1111
1111
1555
3333
1155
4444
3116
3355
5316
1136
6311
1113
6311
1113
7311
1138
8311
1112
2000
5111
2200
6111
2200
6611
1220
7711
1220
7771
1220
1881
1122
1881
1122
0000
0000
0000
0000
0000
0000
0000
0000
0000
0002
0000
0002
0000
0002
0000
0002
0221
1113
2221
1113
2221
1135
2211
1136
2211
1136
2211
1366
2111
1366
2111
1366
5555
5555
5555
5555
5555
5555
6666
6666
6666
6666
6666
6666
6666
6666
6666
6666
5555
5555
5555
5555
5555
5533
6666
6311
6666
3111
6663
1111
6631
1113
6311
1136
5553
3331
3331
1111
1111
1111
1111
1111
1111
3333
1333
6666
3666
6666
6666
6666
1111
1111
1111
1111
1111
1111
3333
3333
6666
6666
6666
6666
6666
6666
6666
6666
1111
1111
1111
1111
1111
1111
3333
3311
6666
6311
6666
6311
6666
6311
6666
6311
1121
1113
1121
1135
1121
1135
1111
1366
1111
1366
1111
1366
1111
1366
1111
3666
5555
5555
5555
5555
5555
5555
6666
6666
6666
6663
6666
6663
6666
6631
6666
6631
5533
1111
5311
1111
3111
1133
3111
3366
1113
6666
1113
6666
1136
6666
1136
6666
1111
1111
1111
1111
3333
3333
6666
6666
6666
6666
6666
6666
6666
6666
6666
6666
1111
1111
1111
1111
3333
3311
6666
6311
6666
6311
6666
6311
6666
6311
6666
6311
0000
0022
0000
0022
0000
0221
0000
0221
0000
0221
0000
2211
0000
2211
0000
2211
1113
5555
1113
5555
1113
5555
1136
6666
1136
6666
1136
6666
1366
6666
1366
6666
5555
5311
5555
5311
5555
3111
6666
3111
6666
3111
6663
1111
6663
1111
6663
1111
3555
5555
3555
5555
1355
5555
1366
6666
1366
6666
1136
6666
1136
6666
1136
6666
5531
1111
5531
1111
5531
1111
6663
1111
6663
1111
6663
1111
6666
3111
6666
3111
1aa1
1113
1bb1
1113
1cc1
1113
1dd1
1113
1ddd
1113
11cc
1113
11bb
b113
111a
a113
aa33
3333
bbbb
bbbb
cc33
3ccc
dd31
13dd
dd31
113d
cc31
1113
aa31
1111
9931
1111
33aa
a311
bbbb
3111
c333
1111
d311
1111
dd31
1111
ccc3
1111
3aaa
311b
1399
931a
1aa1
1122
1bb1
1122
1cc1
1122
1dd1
1122
ddd1
1220
cc11
1220
bb11
1220
a111
2200
0000
0022
0000
0022
0000
0022
0000
0022
0000
0022
0000
0022
0000
0022
0000
0022
2111
1366
2111
3777
2111
3777
1111
3777
1113
7777
1113
7777
1113
7777
1113
8888
6666
6666
7777
7777
7777
7777
7777
7777
7777
7773
7777
7773
7777
7773
8888
8883
6311
1366
3111
1377
3111
3777
3111
3777
1113
7777
1113
7777
1113
7777
1113
8888
6666
6666
7777
7777
7777
7777
7777
7777
7777
7777
7777
7773
7777
7731
8888
8311
6666
6666
7777
7777
7777
7777
7777
7777
7777
7777
3333
3333
1111
1111
1111
1111
6666
6311
7777
7311
7777
7311
7777
7311
7777
7311
3333
3311
1111
1111
1111
1111
1111
3666
1111
3777
1111
3777
1111
3777
1111
3777
1111
3777
1113
7777
1113
8888
6666
6631
7777
7731
7777
7731
7777
7731
7777
7731
7777
7731
7777
7731
8888
8831
1136
6666
1137
7777
1137
7777
1137
7777
1137
7777
1137
7777
1137
7777
1138
8888
6666
6666
7777
7777
7777
7777
7777
7777
7777
7777
7777
7333
7777
3111
8883
1111
0002
2111
0002
2111
0002
2111
0022
1111
0022
1113
0022
1113
0221
1113
0221
1138
1366
6666
3777
7777
3777
7777
3777
7777
7777
7777
7777
7777
7777
7777
8888
8888
6631
1133
7731
1133
7731
1133
7311
1377
7311
1377
7311
1377
3111
3777
3111
3888
1113
6666
1113
7777
1113
7777
3111
3777
3111
3777
3111
3777
7311
1377
8311
1388
6666
3111
7777
7311
7777
7311
7777
7311
7777
7731
7777
7731
7777
7731
8888
8883
1119
9913
1111
9991
1111
1888
1111
1188
1121
1111
1122
1111
1112
2211
1112
2222
3331
1111
1111
1111
8111
1111
8881
1111
7777
7777
1166
6666
1111
1111
1111
1111
1133
3399
1111
1999
1118
8881
1888
8811
7777
1111
6611
1111
1111
1122
1111
2222
9111
2200
1112
2000
1112
2000
1122
0000
1220
0000
2200
0000
2000
0000
0000
0000
1113
8888
1113
8888
1113
8888
1113
8888
1113
8888
1113
9999
1113
9999
1113
9999
8888
8883
8888
8883
8888
8883
8888
8883
8888
8883
9999
9993
9999
9999
9999
9999
1113
8888
1113
8888
1113
8888
1113
8888
1113
8888
1113
9999
3111
3999
3111
3999
8888
8311
8888
8831
8888
8883
8888
8888
8888
8888
9999
9999
9999
9999
9999
9999
1111
1111
1111
1111
3333
3333
8888
8888
8888
8888
9999
9999
9999
9999
9999
9999
1111
1111
1111
1111
3333
1111
8888
3333
8888
8888
9999
9999
9999
9999
9999
9999
1111
1111
1111
1111
1111
1111
3111
1111
8333
1111
9999
3311
9999
9933
9999
9999
1111
1111
1111
1111
1111
1111
1111
1111
1111
1111
1111
1111
1111
1111
3111
1111
8888
8831
8888
8831
8888
8831
8888
8831
8888
8831
9999
9931
9999
9931
9999
9931
1138
8888
1138
8888
1138
8888
1138
8888
1138
8888
1139
9999
1139
9999
1139
9999
8888
8311
8888
8311
8888
8333
8888
8888
8888
8888
9999
9999
9999
9999
9999
9999
1111
1111
1111
1111
3111
1111
3111
1111
3111
1111
3111
1111
3111
1111
3111
1111
8883
1111
8883
1111
8883
1113
8883
1113
8883
1113
9993
1113
9993
1113
9993
1113
1111
1111
1111
1111
3333
3311
8888
8311
8888
8311
9999
9311
9999
9311
9999
9311
1122
0000
1122
0000
1122
0000
1122
0000
1122
0002
1122
0002
1122
0002
1122
0022
0221
1138
2211
1138
2211
1388
2211
1388
2111
1388
2111
3999
2111
3999
1111
3999
8888
8888
8888
8883
8888
8883
8888
8883
8888
8831
9999
9931
9999
9931
9999
9311
3111
3888
1113
8888
1113
8888
1113
8888
1138
8888
1139
9999
1139
9999
1399
9999
8311
1388
8831
1138
8831
1138
8831
1138
8883
1113
9993
1113
9993
1113
9999
3111
8888
8883
8888
8883
8888
8888
8888
8888
8888
8888
9999
9999
9999
9999
3999
9999
1112
2022
1111
2200
3111
2200
3111
2200
3111
1220
9311
1220
9311
1220
9311
1122
2221
1111
2222
2222
0002
2222
0000
0000
0000
0000
0000
0000
0000
0000
0000
0000
1222
2200
2222
0000
2000
0000
0000
0000
0000
0000
0000
0000
0000
0000
0000
0000
0000
0022
0000
0002
0000
0002
0000
0002
0000
0002
0000
0002
0000
0000
0000
0000
1113
9999
2111
3999
2111
3999
2111
3aaa
2111
13aa
2111
13aa
2211
13bb
2211
13bb
9999
9999
9999
9999
9999
9999
aaaa
aaaa
aaaa
aaaa
aaaa
aaaa
bbbb
bbbb
bbbb
bbbb
3111
1399
9311
1133
9311
1111
aa31
1111
aaa3
1111
aaaa
3311
bbbb
bb33
bbbb
bbbb
9999
9999
9999
9999
3399
9999
1133
33aa
1111
1133
1111
1111
3111
1111
b333
1111
9999
9999
9999
9999
9999
9999
aaaa
aaaa
3333
aaaa
1111
3333
1111
1111
1111
1111
9999
9999
9999
9999
9999
9999
aaaa
aaaa
aaaa
aaaa
3aaa
aaaa
1333
bbbb
1111
33bb
9311
1111
9931
1111
9931
1111
aaa3
1111
aaa3
1111
aaaa
3111
bbbb
3111
bbbb
3111
1113
9999
1113
9999
1113
9999
1113
aaaa
1113
aaaa
1113
aaaa
1113
bbbb
1113
bbbb
9999
9931
9999
9931
9999
9931
aaaa
aa31
aaaa
aa31
aaaa
aa31
bbbb
bb31
bbbb
bb31
1139
9999
1139
9999
1139
9999
113a
aaaa
1133
3333
1111
1111
1111
1111
1111
1111
9999
9999
9999
9999
9999
9999
aaaa
aaaa
3333
3333
1111
1111
1111
1111
1111
1111
3111
1111
3111
1111
3111
1111
3111
1111
3111
1111
1111
1111
1111
1111
1111
1111
1139
9999
1139
9999
1139
9999
113a
aaaa
113a
aaaa
113a
aaaa
113b
bbbb
113b
bbbb
9993
1113
9993
1113
9993
1113
aaa3
1113
aaa3
1113
aaa3
1111
bbb3
1111
bbb3
1111
9999
9999
9999
9999
9999
9999
aaaa
aaaa
33aa
aaaa
13aa
aaaa
13bb
bbbb
13bb
bbbb
9999
9311
9999
9311
9999
9311
aaaa
a311
aaaa
a311
aaaa
a311
bbbb
b311
bbbb
b311
1122
0022
1122
0022
1122
0221
1122
0221
1122
0221
1122
2211
1122
2211
1122
2211
1113
9999
1113
9999
1113
9999
113a
aaaa
113a
aaaa
113a
aaaa
13bb
bbbb
13bb
bbbb
9999
9311
9999
9311
9999
3111
aaaa
3111
aaaa
3111
aaa3
1113
bbb3
1113
bbb3
1113
1399
9999
1399
9999
3999
9999
3aaa
aaaa
3aaa
aaaa
aaaa
aaaa
bbbb
bbbb
bbbb
bbbb
9999
3111
9999
3111
9999
9311
aaaa
a311
aaaa
a311
aaaa
aa31
bbbb
bb31
bbbb
bb31
3999
9999
3999
9999
1399
9999
13aa
aaaa
13aa
aaaa
113a
aaaa
113b
bbbb
113b
bbbb
9931
1122
9931
1122
9931
1112
aaa3
1112
aaa3
1112
aaa3
1111
bbbb
3111
bbbb
3111
0000
0000
0000
0000
2000
0000
2000
0000
2000
0000
2200
0000
2200
0000
2200
0000
2211
113c
0221
113c
0221
113d
0221
1113
0022
1113
0022
1111
0002
2111
0002
2111
cccc
cccc
cccc
cccc
dddd
dddd
dddd
dddd
dddd
dddd
3ddd
dddd
13dd
dddd
1133
dddd
cccc
cccc
cccc
cccc
dddd
dddd
dddd
dddd
dddd
dddd
dddd
dddd
dddd
dddd
dddd
dddd
cccc
3333
cccc
cccc
dddd
dddd
dddd
dddd
dddd
dddd
dddd
dddd
dddd
dddd
dddd
dddd
3111
1111
c333
3331
dddd
ddd3
dddd
dddd
dddd
dddd
dddd
dddd
dddd
dddd
dddd
dddd
1111
113c
1111
1113
3311
1111
dd33
1111
dddd
3111
dddd
d311
dddd
d311
dddd
dd31
cccc
cccc
cccc
cccc
3ddd
dddd
13dd
dddd
13dd
dddd
113d
dddd
113d
dddd
113d
dddd
cccc
3111
cccc
c311
dddd
d311
dddd
d311
dddd
d311
dddd
d311
dddd
d311
dddd
dd31
1113
cccc
1113
cccc
1113
dddd
1113
dddd
1113
dddd
1113
dddd
1113
dddd
1113
dddd
cccc
cc31
cccc
cc31
dddd
dd31
dddd
dd31
dddd
dd31
dddd
dd31
dddd
dd31
dddd
dd31
1111
1111
1133
3333
113d
dddd
113d
dddd
113d
dddd
113d
dddd
113d
dddd
113d
dddd
1111
1111
3333
3333
dddd
dddd
dddd
dddd
dddd
dddd
dddd
dddd
dddd
dddd
dddd
dddd
1111
1111
3111
1111
3111
1111
3111
1111
3111
1111
3111
1111
3111
1111
3111
1111
113c
cccc
113c
cccc
113d
dddd
113d
dddd
113d
dddd
113d
dddd
113d
dddd
113d
dddd
ccc3
1111
ccc3
1113
ddd3
1113
ddd3
1113
ddd3
1113
ddd3
1113
ddd3
1113
ddd3
1113
1111
1111
3333
3311
dddd
d311
dddd
d311
dddd
d311
dddd
d311
dddd
d311
dddd
d311
13cc
cccc
13cc
cccc
13dd
dddd
13dd
dddd
13dd
dddd
13dd
dddd
13dd
dddd
13dd
dddd
cccc
c311
cccc
c311
dddd
d311
dddd
d311
dddd
d311
dddd
d311
dddd
d311
dddd
d311
1122
2111
1122
2111
1122
2111
1122
1111
1122
1113
1122
1113
1121
1113
1121
113d
13cc
cccc
3ccc
cccc
3ddd
dddd
3ddd
dddd
dddd
dddd
dddd
dddd
dddd
dddd
dddd
dddd
cc31
113c
cc31
113c
dd31
113d
d311
13dd
d311
13dd
d311
13dd
3111
3ddd
3111
3ddd
cccc
cccc
cccc
cccc
dddd
dddd
dddd
dddd
dddd
dddd
dddd
dd33
dddd
d311
dddd
d311
cccc
ccc3
cccc
ccc3
dddd
ddd3
dddd
dddd
dddd
dddd
dddd
dddd
3ddd
dddd
3ddd
dddd
1113
cccc
1113
cccc
1113
dddd
3111
3ddd
3111
3ddd
3111
3ddd
d311
13dd
d311
13dd
cccc
3111
cccc
c311
dddd
d311
dddd
d311
dddd
dd31
dddd
dd31
dddd
dd31
dddd
ddd3
1220
0000
1220
0000
1220
0000
1122
0000
1122
0000
1122
0000
1112
2000
1112
2000
0000
0000
0000
0000
0000
0022
0000
0022
0000
0022
0000
0022
0000
0022
0000
0022
0000
2211
0000
2221
2222
2222
2222
2222
1111
1111
1111
1111
1111
1111
1113
3333
1111
33dd
1111
1133
1111
1111
2111
1111
1111
1111
1111
1111
1111
1111
3333
3333
dddd
dddd
33dd
dddd
1133
3333
1111
1111
1111
1111
1111
1111
1111
1111
3333
3333
dddd
dddd
dddd
dddd
3333
3333
1111
1111
1111
1111
1111
1111
1111
1111
3333
3333
dddd
dddd
dddd
dddd
33dd
dddd
113d
dddd
1113
cccc
1113
cccc
113b
bbbb
33bb
bbbb
dddd
dd31
dddd
dd31
dddd
dd31
dddd
ddd3
cccc
ccc3
cccc
ccc3
bbbb
bbb3
bbbb
bbb3
1113
dddd
1113
dddd
1113
dddd
1113
dddd
1113
cccc
1113
cccc
1113
bbbb
1113
bbbb
dddd
dd31
dddd
dd31
dddd
dd31
dddd
dd31
cccc
cc31
cccc
cc31
bbbb
bb31
bbbb
bb31
1113
dddd
1113
dddd
1113
dddd
1113
dddd
1113
cccc
1113
cccc
1113
bbbb
1111
3bbb
113d
dddd
113d
dddd
113d
dddd
113d
dddd
113c
cccc
113c
cccc
113b
bbbb
113b
bbbb
dddd
dddd
dddd
dddd
dddd
dddd
dddd
d333
cccc
c311
cccc
c311
bbbb
b311
bbbb
bb31
dddd
dddd
dddd
dddd
dddd
dddd
3333
3333
1111
1111
1111
1111
1111
1111
1111
1111
3111
1111
3111
1111
3111
1111
3111
1111
1111
1111
1111
1111
1111
1111
1111
1111
ddd3
1113
ddd3
1113
ddd3
1113
ddd3
1113
ccc3
1111
ccc3
1111
bbbb
3111
bbbb
b333
dddd
dddd
dddd
dddd
dddd
dddd
3333
dddd
1113
cccc
1113
cccc
1113
bbbb
3333
bbbb
dddd
d311
dddd
d311
dddd
d311
dddd
d311
cccc
c311
cccc
c311
bbbb
b311
bbbb
b311
13dd
dddd
13dd
dddd
13dd
dddd
13dd
dddd
13cc
cccc
13cc
cccc
13bb
bbbb
13bb
bbbb
1121
113d
1111
113d
1111
13dd
1111
13dd
1111
13cc
1111
3ccc
1111
3bbb
1111
3bbb
dddd
dddd
dddd
ddd3
dddd
ddd3
dddd
ddd3
cccc
cc31
cccc
cc31
bbbb
b311
bbbb
b311
3111
3ddd
1113
dddd
1113
dddd
1113
dddd
113c
cccc
113c
cccc
113b
bbbb
13bb
bbbb
dddd
d311
dddd
3111
dddd
3111
dddd
3111
ccc3
1111
ccc3
1111
bbb3
1111
bbb3
3333
3ddd
dddd
13dd
dddd
13dd
dddd
13dd
dddd
113c
cccc
113c
cccc
113b
bbbb
333b
bbbb
d311
13dd
dd31
113d
dd31
113d
dd31
113d
ccc3
1113
ccc3
1113
bbb3
1113
bbbb
3111
dddd
ddd3
dddd
ddd3
dddd
dddd
dddd
dddd
cccc
cccc
cccc
cccc
bbbb
bbbb
3bbb
bbbb
1112
2000
1111
2200
3111
2200
3111
2200
3111
1220
c311
1220
b311
1220
b311
1122
1113
aaaa
1113
aaaa
1113
aaaa
1113
9999
1113
9999
1113
9999
1113
9999
1113
8888
aaaa
aaaa
aaaa
aaaa
aaaa
aaaa
9999
9999
9999
9999
9999
9999
9999
9999
8888
8888
aaaa
aa31
aaaa
aa31
aaaa
aa31
9999
9931
9999
9311
9999
9311
9999
3111
8833
1111
1113
aaaa
1113
aaaa
1113
aaaa
1139
9999
1139
9999
1139
9999
1399
9999
1388
8888
aaaa
aa31
aaaa
aa31
aaaa
a311
9999
9311
9999
9311
9999
9311
9999
3111
8888
3111
1111
3aaa
1111
3aaa
1111
3aaa
1111
3999
1111
3999
1111
3999
1111
1399
1111
1388
aaaa
aa31
aaaa
aa31
aaaa
aa31
9999
9931
9999
9931
9999
9931
9999
9931
8888
8883
113a
aaaa
113a
aaaa
113a
aaaa
1139
9999
1139
9999
1139
9999
1139
9999
1113
8888
aaaa
aaa3
aaaa
aaaa
aaaa
aaaa
9999
9999
9999
9999
9999
9999
9999
9999
8888
8888
3333
3333
aaaa
aaaa
aaaa
aaaa
9999
9999
9999
9999
9999
9999
9999
9999
8888
8888
3333
3111
aaaa
3111
aaaa
3111
9999
3111
9999
3111
9999
3111
9999
3111
8888
3111
aaaa
a311
aaaa
a311
aaaa
a311
9999
9311
9999
9311
9999
9311
9999
9311
8888
8311
13aa
aaaa
13aa
aaaa
13aa
aaaa
1399
9999
1399
9999
1399
9999
1399
9999
1388
8888
aaaa
a311
aaaa
3111
aaaa
3111
9999
3111
9993
1113
9993
1113
9993
1113
8831
1138
13aa
aaaa
3aaa
aaaa
3aaa
aaaa
3999
9999
9999
9999
9999
9999
9999
9999
8888
8888
aaaa
3111
aaaa
3111
aaaa
a311
9999
9311
9999
9311
9999
9931
9999
9931
8888
8831
3aaa
aaaa
3aaa
aaaa
13aa
aaaa
1399
9999
1399
9999
1139
9999
1139
9999
1138
8888
aa31
1122
aa31
1122
aa31
1112
9993
1112
9993
1112
9993
1111
9999
3111
8888
3111
1113
8888
1113
3333
1111
1111
1111
1111
1111
1111
1113
3333
1113
7777
1113
7777
8888
8888
3333
3333
1111
1111
1111
1111
1111
1111
3333
3333
7777
7777
7777
7777
8888
8833
3333
3311
1111
1111
1111
1111
1111
1111
3333
3333
7777
7777
7777
7777
3311
1111
1111
1113
1111
1138
1111
3388
3333
8888
7777
7777
7777
7777
7777
7777
3388
8888
8888
8888
8888
8888
8888
8888
8888
8888
7777
7777
7777
7777
7777
7777
8888
3111
8888
3111
8883
1111
8883
1111
8831
1111
7731
1111
7311
1112
7311
1112
1111
1388
1111
1388
1111
1138
2221
1138
2221
1113
2221
1113
2022
1111
2022
1111
8888
8883
8888
8888
8888
8888
8888
8888
8888
8888
7777
7777
3777
7777
3777
7777
1113
8888
3111
3388
3111
1133
8311
1111
8833
1111
7777
3311
7777
7733
7777
7777
8888
8888
8888
8888
3333
3333
1111
1111
1111
1111
1111
1111
3333
3333
7777
7777
8888
3111
8888
3111
3333
3111
1111
1111
1111
1111
1111
1111
3333
3111
7777
3111
1111
1388
1111
1388
1111
1138
2221
1138
2221
1113
2221
1113
2222
1111
2222
1111
8888
8311
8888
8311
3333
3311
1111
1111
1111
1111
1111
1111
3333
3333
7777
7777
1388
8888
1388
8888
1388
8888
1388
8888
1388
8888
1377
7777
3377
7777
7777
7777
8888
8311
8888
8311
8888
8311
8888
8311
8888
8313
7777
7313
7777
7313
7777
7333
1388
8888
3888
8888
3888
8888
3888
8888
8888
8888
7777
7777
7777
7777
7777
7777
8831
1138
8831
1138
8311
1388
8311
1388
8311
1388
3111
3777
3111
3777
3111
3777
8888
8888
8888
8888
8888
8888
8888
8888
8888
8888
7777
7773
7777
7773
7777
7773
8888
8888
8888
8888
3333
3333
3111
1111
3111
1111
1111
1111
1111
1333
1111
1377
8888
8883
8888
8883
3333
3333
1111
1111
1111
1111
1111
1111
3333
3333
7777
7777
1113
8888
1113
8888
1113
8888
1111
3888
1111
3888
1111
3777
3333
3777
7777
7777
8888
3111
8888
8311
8888
8311
8888
8311
8888
8831
7777
7731
7777
7731
7777
7773
1113
7777
1113
7777
1113
7777
1113
6666
1113
6666
1113
6666
1113
6666
1113
6666
7777
7777
7777
7777
7777
7777
6666
6666
6666
6666
6666
6666
6666
6666
6666
6666
7777
7777
7777
7777
7777
7777
6666
6666
6666
6666
6666
6666
6666
6666
6666
6633
7777
7777
7777
7777
7777
7777
6666
6666
6666
6666
6666
6666
6666
3333
3333
1111
7777
7777
7777
7773
7777
7731
6666
3311
6633
1111
3311
1111
1111
1111
1111
1111
3111
1112
1111
1122
1111
1122
1111
1222
1111
2220
1112
2200
1122
2000
2222
0000
2002
2111
0002
2111
0000
2211
0000
2221
0000
0222
0000
0022
0000
0002
0000
0000
1377
7777
1137
7777
1113
7777
1111
3366
1111
1133
2111
1111
2211
1111
2222
1111
7777
7777
7777
7777
7777
7777
6666
6666
6666
6666
3366
6666
1133
3366
1111
1133
7777
7777
7777
7777
7777
7777
6666
6666
6666
6666
6666
6666
6666
6666
3333
3666
7777
3111
7777
3111
7777
3111
6666
3111
6666
3111
6666
3111
6666
3111
6666
3111
2202
2111
2202
2111
2200
2211
2200
2221
2200
0222
2200
0022
2200
0002
2200
0000
7777
7773
7777
7773
7777
7773
6666
6631
6666
6631
6666
6631
6666
6311
6666
6311
1113
7777
1113
7777
1113
7777
1136
6666
1136
6666
1136
6666
1366
6666
1366
6666
7777
7731
7777
7731
7777
7731
6666
6311
6666
6311
6666
6311
6666
3111
6666
3111
1111
1377
1111
1377
1111
1377
1111
1366
1111
1366
1111
1366
1111
1366
1111
1366
7777
7773
7777
7773
7777
7777
6666
6666
6666
6666
6666
6666
6666
6666
6666
6666
1112
2000
1111
2200
3111
2200
3111
2200
3111
1220
6311
1220
6311
1220
6311
1122
0000
0022
0000
0022
0000
0022
0000
0022
0000
0022
0000
0022
0000
0022
0000
0000
1113
3333
1111
1111
1111
1111
1111
1111
1111
1111
2222
2222
2222
2222
0000
0000
3333
3333
1111
1111
1111
1111
1111
1111
1111
1111
2222
2222
2222
2222
0000
0000
3333
3311
1111
1111
1111
1111
1111
1111
1111
1111
2222
2222
2222
2222
0000
0000
1111
1111
1111
1111
1111
1111
1111
1222
1222
2222
2222
2000
2000
0000
0000
0000
1111
1122
1111
2222
1222
2200
2222
0000
2000
0000
0000
0000
0000
0000
0000
0000
2200
0000
0000
0000
0000
0000
0000
0000
0000
0000
0000
0000
0000
0000
0000
0000
0022
2211
0000
2222
0000
0022
0000
0000
0000
0000
0000
0000
0000
0000
0000
0000
1111
1111
2111
1111
2222
1111
0222
2222
0000
2222
0000
0000
0000
0000
0000
0000
1111
1333
1111
1111
1111
1111
1111
1111
2222
2111
2222
2222
0000
0222
0000
0000
3333
3111
1111
1111
1111
1111
1111
1111
1111
1111
2222
2222
2222
2222
0000
0000
2200
0000
2200
0000
2200
0000
2200
0000
2200
0000
2200
0000
2200
0000
0000
0000
1333
3333
1111
1111
1111
1111
1111
1111
1111
1111
2222
2222
2222
2222
0000
0000
1111
1333
1111
1111
1111
1111
1111
1111
1111
1111
2222
2222
2222
2222
0000
0000
3331
1122
1111
1122
1111
1112
1111
1112
1111
1112
2222
2222
2222
2222
0000
0000
0000
0000
0000
0000
2000
0000
2000
0000
2000
0000
2000
0000
2000
0000
0000
0000
0005
0005
0005
0005
0005
00b4
00b4
00b4
00b4
00b5
0005
0005
0005
00b4
00b4
00b4
00b4
00b5
0005
0005
00b6
00b4
00b4
00b4
00b4
00b5
0005
0005
00b7
00b8
0005
0005
00b7
00b9
0005
0005
0005
00b6
00ba
00bb
00bc
00bd
00bd
00bd
00be
00bf
00c0
00c1
00c2
00bd
00bd
00bd
00be
00bf
00c0
00c1
00c2
00bd
00bd
00bd
00be
00c3
0005
00c4
00c5
00c6
00c7
00c8
00c9
00ca
00cb
0005
0005
00cc
00cd
00ce
00cf
00d0
00d0
00d0
00d1
00d2
00d3
00d4
00d5
00d5
00d5
00d5
00d6
00d2
00d3
00d4
00d5
00d5
00d5
00d5
00d6
00d7
00d8
00d9
00da
00db
00dc
00dd
00de
00df
00e0
0005
00e1
00e2
00e3
00e4
00e5
00e6
00e6
00e6
00e7
00e8
00e9
00ea
00eb
00eb
00eb
00eb
00ec
00e8
00e9
00ea
00eb
00eb
00eb
00eb
00ec
00d7
00ed
00ee
00ef
00f0
00f1
00f2
00f3
00f4
00f5
0005
00f6
00f7
00f8
00f9
00fa
00fb
00fb
00fb
00fc
00fd
00fe
00ff
00fa
00fb
00fb
00fb
00fc
00fd
00fe
00ff
0100
00fb
00fb
00fb
00fc
00d7
0101
0102
0103
0104
0105
0106
0107
0108
0109
0005
00f6
010a
010b
010c
010d
010e
010f
0110
0111
010a
0112
0113
0114
010e
010e
010e
0115
010a
0112
0113
0116
010e
010e
010e
0117
0118
0119
011a
011b
011c
011d
011e
011f
0120
0005
0005
0121
0122
0123
0124
0125
0126
0127
0123
0128
0129
012a
012b
012c
012c
012c
012c
012d
0129
012a
012e
012f
012c
012c
0130
0131
0132
0133
0134
0135
0136
0137
0138
0139
0005
0005
0005
0005
013a
013b
013c
013d
013e
013f
0140
0141
0142
0143
0144
0145
0145
0145
0145
0146
0142
0143
0147
0148
0145
0149
014a
014b
014c
014d
014e
014f
0150
0151
0152
0153
0005
0005
0005
0154
0155
0156
0157
0158
0159
015a
015b
015c
015d
015c
015e
015f
0160
0160
0160
0161
015d
015c
015e
0162
0163
0164
0165
0164
0166
0167
0168
0169
016a
016b
016c
016d
0005
0005
0005
00f6
016e
016f
016f
016f
016f
0170
0171
0172
0173
0174
0175
0176
0177
0177
0177
0178
0173
0174
0175
016f
016f
0179
017a
0179
0171
017b
017c
016f
016f
017d
017e
017f
0139
0005
0005
00f6
0180
0181
0181
0181
0182
0183
0184
0185
0186
0187
0188
0189
0189
0189
0189
018a
018b
0187
0188
0189
0189
018c
018d
018e
018f
0190
0191
0192
0189
0193
0194
0195
0153
0005
0005
00f6
0196
0197
0197
0197
0198
0199
019a
019b
019c
019d
019e
019f
0197
0197
0197
01a0
01a1
019d
019e
019f
0197
0197
0197
0197
01a2
01a3
01a4
01a5
0197
0197
0197
01a6
01a7
0005
0005
01a8
01a9
01aa
01aa
01aa
01ab
01ac
01ad
01ae
0005
01af
01b0
01b1
01aa
01aa
01aa
01b2
01b3
01af
01b0
01b1
01aa
01aa
01aa
01aa
01ab
01b4
01b2
01b5
01aa
01aa
01aa
01aa
01b6
01b7
0005
0000
0001
0002
0003
0004
0005
0006
0007
0005
0008
0009
0005
0000
0001
0002
0003
0004
0005
000a
000b
0003
0003
0004
0005
000a
000b
000b
0003
0004
0005
000c
000d
0005
000e
000f
0005
0005
0005
0005
0005
0061
0062
0063
0064
0065
0005
0005
0005
0066
0067
0068
0010
0011
0012
0012
0013
0005
0014
0015
0016
0017
0018
0005
0010
0011
0012
0012
0013
0005
0019
001a
001b
001c
0013
0005
001d
001e
0012
0012
0013
0005
001f
0020
0021
0022
0023
0005
0005
0005
0005
0005
0069
006a
006b
006c
006d
0005
0005
006e
006f
0070
0031
0024
0025
0026
0027
0028
0005
0029
002a
002b
002c
002d
0005
002e
0025
0026
0027
0028
0005
0005
002f
0030
0031
0005
0005
0032
0033
0034
0035
0005
0005
001f
0036
0037
0038
0023
0005
000a
000b
0071
0005
0072
0073
0074
0075
0076
0005
0077
0078
0079
007a
0031
0039
003a
003b
003c
003d
0005
0005
003e
003f
0040
0005
0005
0039
003a
003b
003c
003d
0005
0005
002f
0041
0031
0005
0005
0032
0042
0043
0044
0005
0005
0045
0046
0047
0048
0023
0005
0019
007b
0013
0005
007c
007d
007e
007f
0080
0005
0081
0082
0083
0084
0085
0049
0034
004a
004b
004c
0005
0005
002f
004d
0031
0005
0005
0049
0034
004a
004b
004c
0005
0005
002f
004e
0031
0005
0005
001d
0033
0034
0034
004f
0005
001f
0050
0051
0052
0023
0005
0005
0005
0005
0005
0086
0087
0088
0089
008a
0005
008b
008c
008d
008e
008f
0053
0043
0043
0054
0055
0005
0005
0056
0057
0058
0005
0005
0053
0043
0043
0054
0055
0005
0005
0059
005a
005b
0005
0005
0053
0043
0043
0043
005c
0005
005d
005e
005f
0060
0044
0005
0005
0005
0005
0005
0090
0043
0043
0043
005c
0005
0005
0005
0091
0092
005b
0093
0094
0005
0095
0096
0005
0097
0098
0005
0005
0005
0099
0005
0005
0095
0096
0005
009a
009b
0005
009c
009d
0005
009e
009f
0005
0093
0094
0005
00a0
00a1
0005
00a2
0005
00a2
0005
00a2
00a3
00a4
0005
00a5
00a6
0005
00a7
00a8
0005
0005
0005
00a9
00aa
0005
00a5
00a6
0005
00ab
00ac
0005
00ad
00ae
0005
00af
00b0
0005
00a3
00a4
0005
00b1
00b2
0005
00b3
0005
00b3
0005
00b3
0e0c
6400
8787
8787
8788
7877
8787
7878
8887
8788
8888
8888
8888
8878
8878
7878
7887
8887
8787
8788
7878
8878
8788
7888
8878
8787
8788
8887
8888
8787
7878
7878
7778
7878
7787
8788
7887
8777
7887
8878
7887
8787
7878
8787
8878
8788
8787
8778
7878
7878
7887
8787
8787
7787
8787
8787
8787
8878
7878
7878
7787
8778
7887
8787
7878
7878
7878
7877
8878
7878
8787
8787
8787
8878
7878
7887
8787
8788
8787
8787
8878
8877
8778
7878
7878
8878
7787
8778
7878
7788
7887
8787
8787
8787
7877
8787
8778
7878
7877
8787
8888
7787
8787
7887
8878
7786
8787
8888
8878
7788
7877
7878
7878
7878
7878
7878
7787
8777
8787
8787
7777
8788
8787
8788
8788
8887
8878
7787
8787
8778
8787
7878
7878
7887
8787
7878
7887
8787
8787
8878
8787
8887
8787
8788
8778
7877
8788
7877
8787
7788
7787
8777
8787
8787
7888
7878
7887
8788
8777
7788
7787
8787
8878
7877
8778
7787
8777
8787
8787
8778
7787
8878
7878
7787
8778
7978
7887
8788
7877
8778
7787
8778
7887
8777
8787
8878
7878
7788
7878
8777
8787
7878
7878
8787
8878
7878
8787
8787
8787
8878
7878
8788
7887
8887
8787
8878
7877
8787
8787
8787
8787
7878
7787
8787
8878
7787
8878
7878
7878
8787
8878
7787
7787
7877
7879
7887
9688
7878
7887
8787
7878
8788
7878
7878
7878
7787
8787
7877
7878
8778
7878
8778
7877
8788
7877
8787
8787
8878
7878
8787
8878
7787
8888
8787
8878
7788
7878
8887
8787
8797
8788
7878
8778
7878
7888
8787
8878
8877
8787
8878
7877
8787
8787
8878
7877
8788
8887
8788
7787
8788
7969
7888
7878
7878
8797
8788
7787
8787
8787
8887
8787
7878
7878
8777
8877
8887
8878
7787
9788
7877
8887
7787
8778
7887
8787
8778
7788
7887
7878
7787
8877
7878
8878
7878
8787
8787
8778
7878
7878
7878
7788
7878
7787
8787
8786
8878
7888
8887
9787
8787
8777
8778
8887
8788
8787
8697
8887
8788
7887
8787
8888
8777
8878
8787
8878
7888
8887
7888
7887
8778
8778
8878
8878
7868
7778
7787
8777
7887
8787
8788
8888
7878
7887
7878
8788
7878
8778
7787
7878
7787
7787
8787
8787
8778
8898
8878
7777
6766
7888
9998
8887
8777
7667
7886
7888
9899
8877
7677
8678
8888
9888
8798
8988
7798
7686
788a
7999
8776
5675
6755
6676
6786
6678
8888
8976
7457
999a
bb8a
9899
8889
8778
aa99
a889
a889
8899
8766
6567
7777
6755
5544
5555
5566
8778
7776
888b
abb9
9989
9aaa
aa98
8888
8888
7676
879a
aaa9
9999
aaa9
8776
6779
8987
6344
5544
5640
1556
5694
5357
6966
a964
6788
ac9c
b987
bb98
9676
7877
69b7
7888
8aa9
bba8
a868
bcac
ba99
8578
6644
4123
2564
4576
7877
9a87
8788
8999
aa88
9766
4555
4379
9887
9bb8
adeb
9999
b979
a877
9ab9
879a
9788
7974
5764
3543
4434
8986
6676
6456
6756
8569
989b
a633
2355
7876
348a
cdef
ebaa
efed
aa95
6667
7766
7777
6668
8554
569c
ddda
89ca
aaa8
3323
6664
6633
5556
8855
5566
568a
b99b
a889
99a9
99aa
8788
9acc
bcb8
9a78
ab74
4646
9acd
c989
8756
8799
6644
6898
7531
2467
4100
0058
9a86
5469
bb73
4455
669b
8479
a878
9aca
6654
547c
efcb
aacf
dcba
7214
7a86
5574
58bc
aa86
6886
5677
7579
8ab9
9996
2455
7665
6621
4889
bbb8
9a9b
cb98
79bb
a8a9
8768
bca9
bccc
b989
858b
ca68
ba98
ac87
9698
8735
5324
6777
6676
5876
3121
2466
6334
6899
a889
6467
4234
689a
768a
9bbb
a544
7cdc
aa87
79de
dcba
7687
4532
4587
6643
68bb
9766
789a
9621
37bc
ca73
3786
8862
1346
7522
6768
a888
9dcd
ec95
6999
8887
557a
ccab
b988
aa67
7787
9cbb
969c
d99a
9725
9a96
5455
4457
6787
6897
4367
8636
8656
7764
259b
a7aa
6668
9688
6765
8ac9
69df
bced
a78c
db74
68a9
acb9
9a88
9842
2379
7688
536b
eeb8
7788
7772
2546
8888
ca67
6620
2356
4665
55ad
dcba
a953
7762
0257
9acc
a977
9997
6667
7657
9559
bcdc
8698
7a87
4012
5867
8765
8988
5663
6799
4114
7989
9632
48aa
7435
678a
9632
48ab
ba8a
ffcb
ab86
78cd
9899
98ab
bb86
69bb
978a
9989
bbb9
69ba
99a9
8868
aa97
436b
a886
5475
7a9a
7358
ba68
a874
6972
0156
8ba8
8776
7985
3248
a978
b967
8ab9
6688
7757
7567
cda9
6555
9976
4565
78bc
8755
8779
9752
3235
5667
7678
7986
2145
3346
abbd
ffc6
47de
b866
4137
cb55
68bb
bb84
5699
addb
99bd
cb98
bcaa
a987
7789
8667
9aba
9977
857a
da7a
bcd8
8bc9
3167
4004
8744
6878
9764
3543
6884
1589
a88a
8776
7654
249a
7542
37ba
9867
88ac
d923
8988
59b8
669b
9644
7754
4465
4446
6324
7a97
78cb
898a
b899
8855
8898
5785
5568
5354
555b
d96a
ffba
99a6
6cfd
a877
9bca
9879
878a
a747
adfa
7acd
bffd
b87e
e976
8733
7bb7
5577
6678
5459
9534
5647
cca5
3777
7784
358a
7468
5227
7447
abca
ab52
36bb
6348
8557
bc87
9bcb
9754
5576
2137
99ab
8787
9caa
ba76
aa66
7888
8bba
6698
4234
2225
ab85
6789
658a
9856
9c83
5999
9887
7668
5366
57ab
acb9
a899
8acb
b979
9977
9998
779b
a767
a744
7aa9
6599
4357
8653
6876
8888
a887
5578
7437
7458
aaa7
7ba6
3463
2323
5679
9abb
ba8a
a755
6522
4577
578b
eddb
9998
a855
8a99
99bc
dcbf
eaaa
9657
4464
59bc
acb7
8bb9
8963
4467
8a9a
b989
ba86
5568
8634
8aca
9a86
69b9
5345
6556
5556
8aab
a755
6998
5233
3787
5565
6656
7746
8988
9867
adcb
7468
98ab
7456
9cc8
4310
2455
5434
9bbb
ba89
9787
3025
4364
4568
beeb
9744
5866
7445
69bf
d89c
efea
7433
3798
5479
aefe
cba6
4667
8557
cbab
cbde
eeec
9545
7bb9
679a
bbbe
fc62
26ab
7203
47a9
aa78
bbca
7654
3035
3101
48cc
7521
37ba
9634
568a
ba88
8669
ba53
36ab
9621
27bc
8300
37be
dca8
978c
c963
4436
5445
7abe
c767
7acc
8322
379b
cca5
59ef
fc73
2237
7520
27bc
a987
9aa8
5302
469a
9778
beff
fb75
4556
8535
89bc
99cd
a9ba
7422
3487
7877
7bef
ec88
8455
1024
6554
578b
cdba
9777
9986
6669
88a8
99ab
6533
7678
6212
4668
6666
88cd
bb98
67a9
8535
6445
5456
8adc
9567
9b98
9765
8abf
fb9a
dedb
9667
5575
3347
bccb
99aa
a877
8776
79bd
dccc
bdda
9756
4455
4446
9dc9
bda9
6685
5633
2268
7678
9bba
8675
2210
0123
3446
8bb8
99ac
cc95
4567
6685
5898
69c7
5687
4574
1246
8545
58be
ffcb
baa9
8885
3223
3368
7666
8bb9
7798
5777
77bf
fbad
b9ab
da87
5231
2346
5447
aaa8
9b85
5569
98aa
ccaa
bdcc
aaa7
5443
359a
a868
de99
dc86
79a7
8876
7668
ab97
9a87
8973
3674
3442
2578
89b9
adde
c989
7667
8445
2477
6788
8a88
6332
2100
3447
9acd
defd
cdb7
5342
0013
2159
baab
aa97
8656
57a9
ca7c
eabf
ffb9
8965
5541
1467
ab87
89aa
89a8
89bb
a88a
98cd
db66
6764
6557
679c
c977
7954
8ab8
6775
7995
2589
8464
2337
9875
4565
3453
2148
79aa
b99b
db98
8765
5535
316a
a9ab
ba76
9752
0112
479b
aace
fffd
ba88
5441
0014
7879
a99b
deb7
5576
9aab
879a
efcb
bcc8
9a73
1254
3456
4468
8abb
988a
bfd9
6557
ba85
2457
9768
88ab
ccb7
6767
8995
246b
edca
768a
aa63
2146
7755
79aa
9987
5577
7643
4558
ced9
6acb
a876
3446
5477
8a65
5ada
8621
2444
5557
acdd
da8a
99a8
6300
1353
4643
47df
d866
779d
d953
6adc
979a
9bce
fa63
4568
9511
37ac
ca66
9cff
ec84
69a9
5432
4688
9aba
9ace
ccb7
5348
6334
6679
abcc
a877
8787
3001
6a94
1248
dfd9
5456
8984
0024
788a
8569
bdca
8325
8984
2148
bb85
6767
9bba
7357
67ac
a755
7cec
8546
8988
7336
ab97
6877
affc
6566
bdcc
9777
bfeb
648b
a899
7457
a856
6698
bdb9
7469
cba7
5544
5778
9767
9dec
b966
5796
3234
3698
5359
adfc
9623
5797
4002
6aa9
a978
bcb8
6653
3463
0279
878b
cccb
99aa
9875
4346
7677
8648
efd9
4487
8bb8
2039
cb74
348a
deca
5259
a853
2125
ada5
48a9
cffc
746a
a765
4567
8cee
9558
bbb9
5203
79a5
4336
aeeb
8678
7aa8
6468
9aa9
5369
9ba8
5355
7997
568b
a989
bbb8
4459
ba96
3356
9a97
4357
9b96
4467
8b83
35ac
aa84
459e
da76
5347
a953
4668
aaa9
aa76
7987
6662
2544
57ba
8bdd
b778
9755
4114
7a86
6889
effe
a987
8555
69a9
aaa8
7bff
ca66
9667
7401
579b
999a
cefd
856a
cca6
3323
7a86
4468
9baa
8667
8b97
6577
5675
7abb
8799
8865
2124
6512
3479
cb95
599b
ba72
1444
4676
56ad
ca87
757a
9742
5887
7768
ba99
a976
7533
59b9
7787
7add
a767
878b
a635
88ac
bc87
beeb
6469
adeb
7569
cc98
7a84
5699
5468
8789
a888
8a85
7ccb
9766
8876
2122
5666
5679
cca7
678a
9984
3445
46aa
868a
a966
7751
0244
5567
767c
fc96
7988
7420
259b
a975
6bed
b955
789c
a744
56aa
9987
79ca
658b
a88a
9734
9b98
8aa6
58bb
9887
679a
a987
5677
9bcc
ca9c
baa9
7555
4424
6887
ba87
9bb8
6865
4468
669a
7777
8777
7644
4226
8997
5559
eea7
5799
6576
5535
8bb6
47aa
6578
5139
ca63
4588
9a96
5564
59bd
b767
8998
7544
7cc7
58cc
a877
7765
657a
6545
bccd
cb84
7aca
6444
6436
aa86
79bb
ddb8
4456
7657
9bdb
a9be
c988
8743
2215
9b96
656a
bcb8
645a
ba97
5314
7cd7
3258
aab9
4128
ba85
337a
9888
76a9
7ab8
668a
9878
7424
7a95
58b9
6799
4365
5558
8787
8cdd
dbb7
4458
8675
4456
8bb9
7778
8997
5226
bc86
78bc
cddb
6358
a940
0225
adb7
578b
fda7
555a
cbb8
468b
babb
7677
7666
7425
ac95
337a
9a9c
d999
8875
6677
5566
7864
69b9
7799
5579
8445
566a
ec96
49de
ec84
2587
6424
5776
9ba6
4667
7665
5468
ab87
9bdc
9998
6326
9853
3323
9dd9
4457
bba7
5788
abaa
b967
bdc9
5223
6666
5335
bfea
6569
bcdd
a746
bccc
7568
cbaa
6323
69b8
337a
9768
9549
cec8
7786
6799
9866
6577
7756
78a8
4688
6776
5489
9777
aba9
89bd
9679
6424
6774
3663
359b
9532
8cb6
5787
9dc9
57b9
9868
6676
4445
5577
8ab9
5359
cb87
7aaa
cc87
aca9
8566
7742
3467
9aaa
aab7
6add
a877
78ae
b668
bedc
9655
6654
5764
5589
9867
bddc
7346
9aa7
5538
ca97
5557
9aa7
4345
5668
9654
7dda
658b
ca88
7897
6555
6688
5443
3456
7778
7448
cb75
67ac
b975
78aa
9744
7b94
2368
7788
8536
9cdc
8568
bddb
8556
8cb8
5457
8767
7789
8778
9899
bdeb
7559
cec8
689b
dc86
5557
a863
2335
8986
9ca7
adb7
349b
a645
548b
9645
7acb
8313
6426
9736
9aac
da56
79ac
b742
3797
7874
5985
2236
458a
8557
89de
a525
79ab
8434
8abb
b965
9b85
4553
2469
9678
8dfd
9678
9b86
5555
7bcb
769a
a988
8532
5777
8ceb
bbba
ab98
baba
7756
a889
9984
3465
5325
8988
ccba
78a8
7679
7344
7669
8888
a976
5322
4577
888b
ddba
9868
a874
1245
57ba
8668
8784
1146
6778
999b
ca89
6564
5534
6896
9cdd
bba9
9764
2213
8987
69de
ebaa
8645
7774
457a
dda9
adba
8642
2467
8996
9dfe
a78a
abb9
8646
8a98
8997
7666
2013
8a77
999b
dea7
7757
7642
3478
78bb
8876
7754
1026
abba
79ce
fb99
6476
2222
4579
9a98
9857
8532
2479
bb95
5afe
b843
5762
0357
89ba
7bee
b888
7422
47bb
736b
ffda
7569
8532
2567
9997
9eec
a765
6757
9a96
47df
d975
68ac
a644
79bb
9656
9ca6
2146
79bb
855a
ddd9
5237
8851
1246
aca7
8aa9
7742
3555
7975
6bed
dd97
8997
4234
3369
9877
8a86
5468
7778
8569
cba9
7578
9852
2456
9856
8a97
7658
ca75
6bec
8669
dfb6
469a
7786
337a
9666
6787
669b
a768
dfec
a879
cb75
5545
8986
6779
b977
7965
5469
9879
cddc
ba99
9775
4335
5455
6667
7677
8876
5569
a987
ac96
6ac9
7446
9b95
5456
7b95
3248
9867
7559
cfda
657a
cb73
2468
a843
4799
8523
5886
5789
967b
eeb7
69de
a546
aca7
4369
a974
3369
a776
667a
cbdc
88ac
dec7
458a
a951
3568
7644
8aaa
9757
9977
aa76
8bc8
79bb
9985
7a75
2343
3369
8667
87aa
aa65
8998
6646
8887
9857
79a8
5445
8a96
6666
79bb
8548
cda5
14bd
a523
7ab8
4357
78ab
746a
ca98
7764
49a9
8545
9eda
537a
cb62
1498
7668
bdb8
9dec
8437
cc82
14ad
b756
9bb7
5774
4567
6767
999a
ba76
8ab8
7668
9986
7778
8877
7456
8966
7787
7a99
6469
a953
37bb
6239
cb73
57aa
6434
79a9
7558
cc96
5898
6546
9976
57ad
b756
89aa
6335
8b97
469a
ca78
8867
8678
5579
8678
9a97
569a
8657
8888
9878
aba8
89bb
9866
9aa8
547a
ca97
558a
9964
4799
7656
9877
8878
7589
8767
7797
6789
8689
8789
8767
8887
6788
7678
8777
8788
8678
8669
a866
6789
9667
8877
9975
679a
9646
9a97
558a
a966
778a
9645
7997
5568
9988
8779
9988
8779
a977
89ab
a889
aaa9
7678
9965
79a9
7437
a854
458a
8545
7888
7678
aa98
8aa9
9898
8779
9876
6789
7545
7876
5567
8655
6788
7667
ab96
789b
a757
9ab9
6579
a976
6678
8655
6775
5676
6678
8766
6888
6579
a977
89ab
a878
aa97
7789
9866
8a98
7679
a865
6789
7667
8878
8877
8999
8877
8998
7678
9987
7899
8766
8877
7667
7767
7877
7778
9976
7788
8656
8887
6689
9877
7788
8766
7877
7887
6677
8776
6787
7667
8876
7788
8777
8888
7778
8765
6888
8779
a987
7899
8777
8988
7779
a987
8998
8789
9877
7888
7788
8778
9887
7788
8777
8888
8788
9977
8888
8767
8777
6677
7778
7788
8877
7888
7777
7887
7787
7877
7777
7767
7556
6666
7677
8888
7777
8888
6579
9877
7888
8878
8876
7777
7666
7787
6788
8888
8989
9987
8999
8899
9998
89a9
7677
8876
5578
9866
7898
8866
7997
6789
9888
9999
9889
9855
6776
7666
6777
7788
7778
8788
8667
9998
8898
9a99
9886
5656
7436
7887
6556
8877
9876
7578
8987
7999
9998
8766
4553
4566
5567
7788
aba9
7999
9776
6987
89ab
a99b
b9bb
9756
7776
8767
8986
47aa
9976
7885
5445
6764
6999
879b
a866
5555
5336
8897
7788
8aa9
9867
7779
6567
78ac
aaab
ddba
8887
7567
9988
abcb
99bc
d998
5588
6368
357a
857a
9867
8534
2042
0225
5986
58ac
dbbc
9786
5678
5445
9cca
769a
9653
2344
3466
7789
99ab
ccbb
a964
48bb
8777
becb
aa97
4579
9400
2697
436a
b855
8ced
9547
9866
5589
8adf
fec9
8abb
9864
4579
7789
988c
fedb
aba9
8544
5500
36cc
8569
b988
7875
2003
5531
3568
9aaa
bb9a
ba86
5566
568b
dcba
bdc9
6688
a942
4675
4689
8577
6687
6ab8
6445
8975
79aa
6787
8634
5556
4234
5678
b999
889a
989b
ba86
8987
7bee
fecb
bcb9
99bc
8676
568a
9bdb
abab
db97
7997
6663
1235
6478
8667
5455
7864
4422
4776
5765
68bc
a999
a976
7632
5336
bb65
7aa9
bbdd
8644
6699
5355
5469
a98a
baac
dc96
5654
5896
2344
7996
6bb9
9669
9742
3452
1457
8acd
eeb9
aa9a
a89a
7559
ecb9
8cca
7799
8877
7886
68bd
c9cf
fedc
b733
5899
8666
5578
a977
5357
6469
9843
2477
8658
bbbb
ba96
3235
5455
4578
8899
9866
9a96
4576
5644
7aba
bdff
c988
7630
0000
149b
9889
ba98
5776
4015
5410
3433
48bc
cba9
9a86
5563
236b
dcba
ba86
59ce
caa9
7877
9a96
5569
ceed
ddba
7779
b732
48ab
ebbc
9647
bda8
5345
3245
5203
7cfd
dedd
a898
6511
3479
9aa7
6657
ba97
8998
789b
a645
9bdf
efc9
958b
8786
3127
aacc
9663
3677
5763
5533
4871
0259
cdcb
a763
4665
1000
2368
ba54
68ab
a898
7775
6443
0256
acef
fbab
bbb8
7532
2479
deec
aba8
9a9a
a888
4346
7424
79ab
deca
8887
5233
2125
59cc
b998
5478
bb65
7855
5795
556a
cefd
abde
c9ab
b722
6bdd
dd99
7557
bca8
7784
347a
8655
9bde
feca
7556
6420
0014
69cc
8666
7899
8533
1000
4653
37ac
dbbc
bb76
8873
0025
568b
eb54
79ba
aa8a
9875
8b95
359b
88bc
b779
acb7
5422
4469
bd94
5788
9bbc
a641
0258
3255
799c
feca
9a97
4112
2245
9cca
8aba
9ba9
b967
5334
689a
bcbe
ffed
db98
5579
6358
cedc
a874
6aa9
8997
4335
7656
5346
9cde
dca6
6896
3110
0047
6422
579d
ddca
a742
2563
1124
6aa9
bdff
b997
5213
5558
b955
68ab
ddcb
8433
358b
8456
789b
caaa
a863
4443
1477
7aa7
3369
9abb
bc85
4443
7a86
5311
37be
fffe
c757
9964
6885
3248
889d
fffe
da75
467a
7564
4568
dfff
fba8
6766
6679
a974
5668
9dfd
a742
4548
ba85
3124
7adf
fb87
6467
5666
8676
2112
248a
deda
868a
99a7
7720
137a
dffe
b732
468a
ba54
4125
8977
cca9
79ca
6359
6215
6345
9dfe
cb95
1132
3588
4475
3358
99ac
eb97
7a86
7a94
1001
47cf
fdb7
688b
dbba
5554
7976
5444
7ace
edb9
988a
b843
2046
9dff
fc96
249b
cb9a
7334
8bba
a633
35ad
ddb6
2232
49a7
569b
cbdf
da52
6753
6997
5323
5897
5788
99ce
fda9
8510
2578
acdc
b99c
b799
5312
5689
aa63
2126
9ded
9998
7589
6311
247a
dddb
8764
5775
3333
2579
b864
3359
efee
c953
3577
6312
579c
fffd
8458
669d
c844
8745
7875
47cc
cccb
7576
4565
568a
a9bc
db86
4674
48ca
8878
7676
7769
aa86
7875
7963
2234
8cef
fcbb
7568
a744
5552
2557
6467
8cde
ddeb
8788
5531
335a
dffe
db85
6999
6896
3325
8997
8756
9aaa
beda
7446
5137
cdba
cb96
4466
4555
6667
6866
8656
5689
bded
b887
2222
456a
deda
aa74
6add
a764
4314
8a97
5346
9bef
fda6
4432
3456
7acc
dcab
8556
7765
5568
679b
c954
3368
bdbb
8431
0036
89ad
cba9
8886
8997
4466
5657
8533
3545
9cee
eed9
7644
7445
5888
bcbc
caba
7556
6579
8877
5224
48df
ffda
6475
2567
87ac
dfec
ba73
2332
2446
889b
a743
676b
dcb9
7766
8568
7435
8abd
efd8
6556
57aa
aa86
5554
2453
68cf
ffcb
b964
5764
348a
acde
c865
3458
ccaa
7445
689b
ca97
5667
7688
4323
447b
decb
cb65
7641
1365
49ba
7235
3359
c866
7b98
cba7
2012
49cd
da76
3356
9aaa
8785
6655
4565
6899
bb9a
9777
9a65
767a
beee
fb75
2124
6888
7457
5699
9756
679a
9b98
7643
3566
9bed
ba96
5437
67ab
bb88
6322
3587
8989
869d
dbaa
a854
6bcb
bdda
6577
4556
aaaa
a998
9cdc
bba8
5347
8877
8623
469c
dfff
c955
6224
4765
7786
4455
5688
7656
9bab
cb96
3222
47ab
b854
4787
9bb8
7556
6668
9644
6546
889c
dbaa
7535
77be
fffd
a874
1234
4577
8899
9bca
9a75
4587
7964
5547
8bcb
ddb9
7643
4457
8786
7658
7689
7422
4346
689b
a8bc
9777
787a
dc95
5995
4698
5459
8776
bc9a
cddb
9a97
6423
2246
abce
ffda
99ab
7685
4333
3447
889a
ab97
6543
47bb
9a9b
9887
ac87
7541
1454
79a9
879a
9888
6312
3347
a989
7646
8889
bbdf
fedb
8544
5778
6531
1258
bdcd
cba9
8aca
7554
1024
68cf
ffed
db96
7851
2576
67a9
679a
7665
6538
b997
8612
579d
fffd
a541
0268
9877
6557
8996
6846
9acc
cb96
5542
1123
37ad
feec
a977
aa86
3332
1477
7786
557a
ddbb
d831
3347
8ade
eedd
b875
1034
2357
99ab
a9aa
8664
5765
5565
3664
7877
9ccc
ddfe
ca66
5201
4577
5763
1225
acdf
fec9
7666
3123
2137
adff
ffc7
5664
3678
9888
5564
58bc
ba97
5446
ab98
8633
7bef
ffeb
6200
2469
ccc9
8668
8678
9a99
9998
79b9
6542
0036
aeff
fc83
1477
9ba8
4111
2456
8888
7688
aca8
b931
1235
8bff
fec9
7411
3456
7865
678b
ccca
9744
459a
9679
5334
56ac
ffff
da99
67a8
7533
4358
9985
2345
9def
ffc8
6863
1002
358c
dddc
b988
a955
5232
5998
8743
236a
bcba
8414
5667
8766
8bef
ffca
6111
1258
bbab
a988
7776
7bbb
ddb6
5765
4774
336a
acff
fc97
6524
89a8
5542
2236
899b
b879
889b
a941
0147
adff
fd97
6421
1235
679a
8678
668a
ba84
5863
59a6
3333
58bf
fffe
a644
7a98
8852
1259
9875
445a
ddef
ec98
7762
0134
6aef
fec8
7667
8aaa
7434
479b
b966
7878
beb7
7532
2358
acdd
cdcd
b975
3211
5865
779a
988a
a769
856a
bba9
7420
0148
bbdd
a997
79ba
8544
2256
5752
2235
9bdb
9a97
8878
7201
47ad
fffe
b657
8776
6410
258a
ddca
5468
9aac
a763
2433
4799
adef
feca
6554
7a97
6543
2698
7643
448c
deed
d832
4323
69a9
79cb
a99c
a665
4434
6776
6459
98cc
ba78
8985
2211
148a
dfff
eba9
9a63
3212
46ab
bb86
679a
cddc
9668
6569
9624
679b
efeb
9657
76aa
8755
5466
4543
3589
acb8
6787
6663
1335
adef
feb7
4544
7875
4210
2469
cdcb
a988
8769
6101
2238
bcde
ffeb
9897
3268
6579
7435
9a9a
9873
37aa
beda
7421
368a
efec
9644
8a99
a874
3566
7766
689a
ccdd
a78a
7323
2014
7adf
ffea
679a
9674
2001
568a
bd96
579b
bcca
7531
1244
699a
ddde
da64
5511
5896
5896
5688
5455
667a
b978
6224
557a
98bb
bced
cbbb
7433
5314
6753
3479
acee
da97
7985
2221
258c
efff
fb88
ab63
5763
2897
6775
6889
cca8
6324
7667
7867
78ce
ddda
6336
5568
8534
5678
9897
7788
adda
8795
1134
4469
bccf
fca9
9953
5886
3342
3589
bbbc
cb9a
b978
8521
3348
bdff
dec8
79a8
5212
2237
bca9
8755
78a8
58a7
4586
2233
478c
fffd
d967
9987
5553
0378
6565
3446
bbde
da74
3225
6556
677a
dffe
cca6
4337
8666
8636
9976
8877
8ac9
7532
1257
9cab
cccc
eecb
8430
0247
9998
6556
7bdd
cb97
546a
a777
7524
79bd
dffc
9ac9
4353
3479
9875
5546
7adb
ca78
7787
aa52
3345
9dff
fea8
5102
6776
3331
35ac
a988
6467
8778
6324
5334
688a
efff
dc84
0036
9a89
5234
58bd
a643
4469
dfc7
5551
26ac
cded
a879
c965
7976
7798
5569
b99a
9754
469c
b888
5103
79ad
ffd9
7bb8
66a8
3002
4458
cd97
8886
8cca
9864
3346
5689
bace
ca9a
9657
7874
2345
56ac
ba75
4246
89cd
a654
688a
bcc8
8a99
abc9
7432
3336
7776
5776
7876
79ba
aa86
3212
569b
cbbb
98be
db99
7313
4566
a877
6768
b99a
8787
6667
6479
8aba
bcb8
bca6
4675
2367
9aaa
a963
3687
7ab9
6545
4455
6887
9acb
aaab
a789
8647
7435
8545
8965
79aa
99ab
8447
7667
ac96
7aca
9dfa
6445
3479
a986
6766
69a9
9788
7975
7635
6bdd
ddfc
869d
b669
7302
4656
8874
4656
9a9a
8766
6667
7764
5877
acb9
7bb8
7888
5443
7889
8973
226a
b89b
a733
6976
89ab
76aa
889d
d867
6445
8977
8864
6988
9ab8
5788
6346
4567
ab88
9997
bedb
9644
2489
aba8
5347
88ab
a855
6766
aaab
a888
99ca
9cbb
7466
4568
8679
9655
7758
bdc9
6653
248a
8997
7968
decb
cd96
5688
6435
5211
3357
9cba
7545
7679
9845
5567
8abb
8996
5478
7998
8677
5446
9ba9
ba63
1388
67bc
9669
bb78
dc77
7874
7bbb
a756
6535
9bb9
8997
5579
a878
7545
6889
99ba
79a7
778b
a9a8
4345
577a
cca8
8974
2599
7679
7458
cfc9
cca6
47a8
7888
5324
6866
8987
669b
a769
9654
6986
668b
b89b
a857
98bd
bba7
5101
2346
9963
37a7
58cb
6357
9669
aa84
4788
8898
6788
aa76
5464
68bc
cb75
7656
8866
55a9
9abe
d977
9746
9bbc
a998
5336
8987
ab97
46a7
4698
66aa
9965
6777
7aa8
6687
7cdb
9632
2359
b889
a946
ab95
6786
459b
8569
c958
adb6
89ab
7587
4114
6677
8ba8
5689
8889
9986
7a98
7786
6969
b995
6bda
8899
5027
9526
a931
49a5
26bd
a68c
b524
8865
79b7
469d
c988
8622
48a9
9cca
6466
5655
8bda
7656
866b
fd85
7a95
4cfd
625a
5028
ed86
bd72
1584
24ae
b889
8423
6ab9
7766
679d
ea74
3412
58bd
dc96
3246
58dd
b9ac
9525
9646
bd93
4aea
6cfc
6126
4148
dc75
8a53
5897
79bc
b987
8744
7777
9a88
88bd
c944
6437
ba98
7763
1476
249b
75be
c748
9433
7a74
7bc9
7cc8
4498
6668
9888
aa65
9952
38cc
baa8
5424
778a
abcb
b9bd
b647
8325
a858
aca8
9995
1367
8add
a654
2358
aaa9
9a67
9bb6
3576
3258
a99a
b954
7643
7ced
cdd8
4226
5799
ba98
9bdb
8888
4256
5567
8876
7864
58bd
edcc
8313
7856
aa96
9aab
ba84
3567
547b
8569
b635
6323
6aca
68a7
227a
9757
a755
9dca
6344
459a
cb84
5a94
49c8
448b
a87b
b623
8746
8c95
8ced
bbc8
4357
8659
c725
8746
aa96
7999
6995
4486
3568
88cd
eb78
7311
5898
7996
48b8
6897
549d
c758
ca55
bd84
37ba
68fe
9665
4369
bba8
6425
8547
9945
adca
8cc6
238a
7558
a76a
fda8
6422
59b9
78a5
1268
668a
a734
8a64
5524
6689
aa88
bdc8
6983
0269
88ab
c637
a966
8789
88aa
8766
4699
5579
a77b
ec75
8996
5bdb
6379
5445
8745
9cc8
8ab9
5348
9755
7866
9dfc
8754
3258
9767
8878
ba96
57a8
68dd
8458
647c
eb66
bec7
9da4
1387
789c
a667
7856
7434
47ac
dd87
7677
9a66
6578
8bdb
8447
448a
c954
7852
4971
27ac
88bb
6115
6327
b977
aeb9
bb94
1476
656a
8479
a979
8697
679b
a666
8966
9b74
46aa
aaaa
8437
a8ab
aca7
6775
4742
26a9
8aeb
757c
c867
7324
8bcb
aa76
3367
aa86
4456
89cb
9768
87ac
b866
6788
8873
49dd
efec
8312
6865
cc74
59a6
7887
4346
8aa8
8aaa
88ba
7348
767a
ca64
3579
aab9
5455
3398
4456
5459
ca87
9b62
3652
47bd
cbab
9536
aa75
6653
3779
b989
8877
ab86
5798
689a
7348
9999
a974
59bb
9aa8
538a
aaaa
5213
6569
cc88
cdc8
7a84
2578
7688
8646
aca8
7653
368b
b878
7778
cca8
6885
69a8
6479
67cd
fcaa
6787
5686
2489
89aa
8645
7688
7889
a89b
a966
8855
8876
6656
abaa
9964
4457
6444
5535
8985
6ada
9997
3147
677b
d978
8aa7
8886
3454
5678
9999
aba9
758a
978a
9435
7769
cb96
6669
bdca
a854
456a
b985
6755
5786
7aed
bcb9
5346
6777
7544
589c
ca87
5334
8a99
8797
68bb
87ac
868a
9537
8667
bd97
7adc
bcca
6211
346a
aa97
8755
7788
bc98
9a96
4786
6677
4478
89ab
a887
5446
8645
5313
5587
7889
779b
b758
9654
5874
6bed
baa8
5225
7776
6656
79bc
c988
9988
8a84
2685
3799
768a
bbbc
c867
5558
a755
3478
9bcb
7678
9bed
c976
4213
6747
8999
9898
7767
6785
5678
79ba
8878
aabc
ca64
5445
69ab
baab
bb99
cb85
4754
4468
658a
b846
68bb
deeb
6343
3459
a863
59ba
abc9
5566
5775
4223
3468
757a
caac
c942
2256
7bca
8545
adcb
bb72
1247
9679
7558
cc9a
9bc9
9aa8
3223
5568
9875
69de
bbda
7338
8787
8521
3577
aeed
ccdb
a989
5334
5423
6647
cedb
9864
3569
a744
3457
acec
8bcb
a9ba
6322
5448
abaa
bcee
ba96
315a
8889
7301
5ab8
ada5
68de
cb99
5002
5778
8976
8acb
9866
9876
8610
0135
89aa
879c
cbcc
8400
1137
cdca
8bb7
6cd9
5369
4136
7525
9ded
dcb9
89bc
b842
0002
7bca
9976
78de
c966
7536
9745
4346
8aa8
8bff
edec
7311
3468
9743
4799
cfeb
6456
4367
7512
48aa
ceeb
bcca
9633
0014
9a89
bbab
cdee
a632
2336
ba65
4347
9ddd
bacb
88a9
6422
447a
a887
7888
9cb7
4459
8698
4200
148b
cdc9
9aab
b865
2001
5778
adda
abed
9973
5424
6532
446a
dfff
fbad
9865
5300
0269
cdca
9876
9bca
7666
5369
7434
667a
deb8
8ded
b997
3122
5b96
6576
36ac
da88
8733
7742
3246
9bcf
fdcc
bb84
2221
137b
dbbb
ba9a
ddca
5322
2357
8864
6bcc
acfc
877a
8236
5325
adda
a975
4588
bb64
6533
7a85
2024
68bf
fcaa
9966
7432
0147
9aba
aaaa
adec
8466
1135
5435
8bcb
efff
dba6
2211
1223
7abb
bcb8
6889
b855
7524
8976
6567
89cf
eca7
8768
8587
655a
9765
6656
7bca
78b8
4487
4322
579a
dffd
ca96
5543
3334
7abc
ccb7
8cbc
b964
3213
5567
766c
eeed
ed95
2345
4267
56ae
daab
8445
7986
6763
1489
6644
5468
cfdd
a973
2784
4444
5679
aa87
adbb
eca7
4433
4357
426a
ccef
ffdb
7421
2255
4588
79bd
c99a
8985
6875
3576
5677
78bd
eeca
a821
5984
48ba
76ac
9624
9637
bb97
8975
4333
336a
bbee
dbba
7445
3444
57a9
9aac
879a
ddaa
8861
0232
368b
88cf
fdab
d720
2620
48a8
9ced
9657
7468
8554
2334
5588
7569
aade
bbb6
3223
3676
6887
6788
778c
c88c
ea54
7840
2575
49ef
ffef
e842
4422
4778
66ab
989a
9877
8a96
6752
2345
79bc
effd
b974
1126
8568
ab9a
cdb7
5334
359d
ea98
6211
2478
7aef
d99a
9446
7854
6898
7bc9
8765
69aa
dfda
7410
0036
bb7c
feca
cca7
2112
1258
ba9c
cba8
6557
669c
8432
1014
69ca
9bdd
abc9
6531
1356
69b9
7678
7546
9b85
cfc7
6994
1158
636b
fd9d
fd87
7443
4668
9656
8998
8898
58ec
9877
4002
4578
beff
fdc8
5410
2597
6cc7
47ef
b879
7106
bd98
bb60
0145
58ce
ecaa
a733
4676
89ab
6589
ba88
8633
7dff
ec95
1000
47ac
ceec
9789
8534
5523
7a96
7ceb
7687
415b
cb96
6500
0379
acee
c89b
a843
5311
59b8
7789
8646
7755
aace
ca85
2124
69ab
b999
ccbb
ba75
2345
768a
6698
6688
6589
aba9
9731
1456
7bdd
abee
b974
2103
6aa8
bbba
a979
9644
8978
acb7
4344
2259
b98b
fd99
9645
4579
baa8
7987
79b9
437a
bace
c941
0112
5aef
abed
a558
6213
7997
9cb8
78ba
8644
6436
aba6
3211
35ad
eca9
9768
9764
5436
8aa7
7865
46a9
537b
b7af
eb51
3641
4bec
68ec
759e
d745
7622
7a97
58a9
888a
9546
9a86
6655
448b
cbaa
9888
9875
3234
6acd
fda8
6774
2587
66ad
ba86
7621
4796
6aa8
89bb
9767
8769
ca87
6667
998b
b98a
ab96
3233
126a
aace
ea8a
9752
2785
39ee
96ab
9646
aa42
4761
2676
557a
abbb
c943
4676
7878
9769
a854
5568
77ac
8658
ca88
9b73
2499
66bd
869c
ccc9
8a73
2467
4588
a979
db85
6775
5678
7468
aa9a
b955
6797
5568
658b
ccbb
c986
6666
5666
6589
9987
6776
9a85
5776
7ab8
89b9
8acb
7555
547d
eb88
9733
6884
3367
68ce
b647
a768
cd95
5798
6799
4367
aabc
a730
0015
9b96
8977
9cb8
6434
667a
b975
7975
6886
45be
b888
4114
7cdc
cba6
258b
a887
5348
cedc
b984
3687
6546
8999
9863
369c
cb88
7227
cc98
9633
46bc
aaaa
8668
9889
9bb9
9985
2234
5799
6678
8bee
ca63
2224
aedb
a996
58ab
978a
a866
7532
5799
8788
768c
c865
3235
9eff
edb8
4247
7545
8965
8b95
3587
5698
5337
baa7
9720
38bd
cb97
3136
a999
7767
99a7
6413
47ab
a8ab
89ce
d973
0125
adeb
8766
68ce
c942
3326
aa95
3578
8bcd
a755
9956
7323
58be
ebba
8647
aa74
4675
7ded
9443
2149
ba66
8a97
7cb5
35ac
99ab
a536
9b98
aa76
8bb9
8741
1359
a9bb
a657
a955
6444
7bee
b9be
a78a
b731
3664
6aa5
1147
99de
b854
5577
6743
4579
bca8
aa76
6885
3369
a9ab
8422
4789
aba6
579b
bccc
7226
978c
dc85
7985
69a6
37dd
a766
2015
adba
ba74
6bc8
6620
137b
fedd
c843
7a74
58a8
68aa
5125
869c
db74
5787
9886
1248
beff
eb96
3357
7789
aa97
9854
4678
8767
658a
bb97
7512
59cd
ddb9
7788
77a8
656a
9543
4312
6b97
78a9
9bdc
9420
0037
bddb
8797
68aa
6224
778b
ca63
3455
7a98
68bc
cca7
5202
7cff
edb7
5259
8623
6788
cec8
5433
4579
987a
dc99
8531
136a
bbbc
99ba
9a98
4346
9999
9632
2477
8989
acdc
ba73
1124
6aef
db8b
da77
a821
4899
99b9
4226
8657
8878
9cc9
6642
248c
ebbc
a99b
ba96
2134
59db
9732
1245
7868
ceec
b962
0025
79ab
b878
ac98
9831
2589
9ab8
5325
7667
99ab
aba8
6433
578b
ca87
addd
cb94
0028
aabd
a741
2675
58cc
99bd
a534
4324
8976
9ccd
dfca
8312
47ab
aa86
2035
7769
b87a
cca9
8623
6655
9ddc
cefc
7353
115b
dca9
9831
2696
46aa
999a
b853
4554
69cc
cded
a986
5226
9889
8523
6537
8866
8ade
cba7
4101
2466
9ddc
cca8
6445
6667
7555
7996
4895
26ac
cbbb
a523
5756
9aba
9bed
97bc
8437
7456
8b98
a733
3125
aeee
db95
2245
4577
89ab
cddb
cb75
5444
678a
9994
1133
48ce
eca8
7424
7866
789a
ceff
c8a9
2134
436b
cdca
8511
3469
cdb9
8766
4697
3346
8bff
fea6
6754
6765
6667
9843
5533
7bcc
bbbb
9644
6201
37ab
defc
8468
4468
7446
6789
8655
447a
bccb
ba85
3485
2479
bdde
eb76
aa78
7532
579a
ab95
2113
68ad
feba
9623
6424
7999
bccb
bbbb
7554
2379
9aa9
5321
247b
ccdc
a964
5995
3586
7adf
fddb
9732
3345
7acb
b863
2335
9bbc
ca88
8436
8424
688a
cffe
b877
4346
7666
7774
5776
438a
bbce
ca85
3550
1356
8cee
eca7
5653
5755
4555
7888
6434
789d
feba
9523
4444
789c
cded
b8ab
9766
4224
8ab9
8731
016a
ceff
da63
2573
2477
69cf
fdba
aa84
5643
46aa
9986
3113
7ace
fc96
4338
9645
8889
dffd
a876
3235
6668
bca9
7531
25ad
cccc
9763
4763
3576
8bef
ec98
9733
7644
5787
5456
4447
bded
cdc8
4136
2015
888c
ffca
8886
3345
4336
9898
6553
37ad
edcb
a842
5642
379a
bced
c977
ba87
7963
37b9
7544
2027
bdef
fda6
3442
2345
68ac
feca
aa97
6664
4359
8799
5332
57be
ffdb
9401
5444
8ccc
cdfd
9669
7324
6534
accc
b952
1158
bdfe
cb84
2563
3478
8ace
eb99
8777
7654
4566
7982
1445
6aff
febc
8202
3100
59bc
efeb
9889
7534
4213
57aa
7465
248c
dedd
ca52
5411
3698
befe
a9b8
247b
9678
b845
ab51
3443
48ce
edec
8663
2112
58be
ecaa
956b
b988
7423
5795
5884
269c
ddef
c736
6101
469a
dffd
bcb5
3575
4555
4459
db98
7655
7bcd
dc96
6632
4545
8bef
bcdb
5379
7447
7645
9953
4445
67be
feec
a886
2110
037a
ceee
db77
8765
5544
5457
6443
479b
cefd
a987
7411
2324
9dff
ffd9
4269
9647
a843
7ca4
3796
35be
daab
9763
3331
27bd
ddcc
a646
9879
9765
5577
5663
357a
dffe
ea78
7102
5765
7cda
9dfc
8899
6323
5655
ac84
4567
89ef
fd98
6521
3545
67ac
ccde
d98a
8432
3445
7899
6333
579d
ffd9
6576
4587
4334
678b
dfdb
a884
4455
6767
8631
2347
9dee
ec97
6764
3442
2479
beff
fba9
8646
6663
3665
5477
8bac
fddb
8776
4334
2135
8aac
ffcb
a986
5555
5569
7763
4677
7bde
fbab
9436
7743
5984
6bec
abcb
a746
8524
9a76
5556
47ae
fdcb
9842
4654
3468
56be
eeee
c984
4213
3697
5435
79a9
dfda
8896
2366
3246
7449
dddc
ee97
6544
4446
6445
5577
8acd
ba99
8655
6545
3355
58df
edce
da76
9820
2552
38a8
67bc
99ed
ca88
6333
4424
5678
aced
ddb9
7655
4355
6546
5777
9cba
99dc
8438
a416
ba32
7b97
9efd
87a8
3015
5698
9988
899b
dcbb
b942
3444
4676
558b
bfff
fc85
4431
2468
6137
777c
eddc
aa95
2344
5566
6522
68ac
effc
9566
3269
7534
6555
9a9a
bb98
9768
7556
6433
149c
cfff
c976
5746
a841
3534
7bed
bbbb
8798
7743
5763
2347
8adf
febb
9535
6674
2255
579d
dba9
7867
99b9
5555
4345
67bd
ceed
b854
5645
8742
5878
adeb
98a9
89ba
8644
6533
5567
aadf
fdcb
9755
6531
1354
48ab
98bc
a98b
da75
5664
1256
449c
edcc
dc74
3773
1477
326b
c88c
ca75
7a84
4544
4557
9767
accd
ddc9
6424
5445
6546
7abb
eddb
8787
4356
5478
6644
57ab
cefc
9876
4687
6433
2368
9cdd
c977
a835
9856
8753
4559
cdee
cb96
4469
8567
4014
89cf
ffd8
6873
4785
4546
56a9
9ced
cbbb
7555
6756
7301
357a
dffc
8545
348b
b755
6544
8ccb
bab7
4458
858c
a632
3236
9cdd
db64
5645
8964
5445
57bc
badb
9786
7998
ab72
0001
48df
ffdb
6346
9ca8
6420
147a
cbbc
b869
a789
a998
4222
148b
dedb
9633
67aa
a853
3359
ceec
a842
2479
ceba
8531
1469
deee
ba73
5779
bb95
3113
69ce
ec97
757b
bbcb
8541
0014
69cd
da88
5479
9cb7
4111
16ae
fec9
6534
9ccc
ba73
1002
469d
fdb8
8646
88ba
6322
116a
deca
7633
5aee
ddb7
3100
2479
ceb8
7776
8dcb
c963
1114
acdc
b731
147c
eeeb
8422
2458
abb8
6768
89cc
8774
1136
6aee
da63
3257
bfec
b840
0146
89cd
b887
9bab
ec87
4211
457d
fda9
6447
bbee
b974
1135
6788
7665
69cc
bcc7
4311
2379
add9
7644
4acd
eeb8
6324
5677
6556
669c
dcbb
9533
3446
7888
7665
579d
dcca
7544
5799
8754
4458
bded
cb84
3357
79ba
9755
5678
bdb9
9854
5999
9764
3346
9bcc
ca85
5647
9a98
6554
468a
abdc
9766
557b
a985
4324
89be
ddb9
7568
79a9
7535
4589
bdcb
a986
6788
9b87
5332
3679
bba9
8776
7b99
9862
1345
7acc
aaa9
879a
8789
8444
5346
7888
7898
9999
a865
4224
678a
a998
9789
9998
8886
6666
7768
7778
9aaa
bba9
7775
4577
6898
7888
9999
a977
7656
7865
6556
679a
bbba
9876
5677
8778
7677
8899
9898
7678
9888
8754
6778
abba
9887
7789
9987
7667
779a
9a87
7877
8998
7775
4456
79aa
a986
6777
8888
7677
6788
9988
7667
7888
9887
6555
5777
8987
7767
8889
8776
7767
8888
8877
7778
9988
8767
7788
8888
7788
7999
8987
7777
8888
8776
7778
9888
6666
6778
8888
7777
7788
9999
8888
7899
9876
7667
8999
9876
6778
8888
8788
8888
8888
7777
8999
aa98
8777
7788
9998
7777
7887
7876
6678
8898
7655
5578
8988
8877
8888
8776
6777
8998
8767
6667
7877
8777
7776
7778
7778
8788
9887
7777
7899
9997
7777
8888
8878
8888
8777
7777
7888
7888
8877
7777
7878
8887
8888
8888
7788
8889
8877
7777
8878
8777
7788
7777
7788
8888
8877
7888
8888
8898
8888
7788
8888
8888
8888
7777
6777
8888
7777
7777
7777
7777
8878
7777
7777
8878
8877
7777
7787
7777
7777
7777
7677
8888
8777
7777
8888
8888
8888
8887
7888
8889
8887
7777
7888
8888
7777
8888
7777
7778
8888
8777
7788
8888
8878
8888
8888
7778
7788
8777
7778
8998
8887
7778
8888
8888
8888
9888
8777
7888
8887
7777
7788
8887
7777
7888
7777
6777
7877
7777
7778
8787
7777
7777
7777
7777
7777
7777
7777
7788
8877
7777
7777
7778
8888
8888
8777
8888
8888
8888
8788
8888
8888
8888
8887
8878
7778
8877
8778
8888
8888
8888
8888
8888
7888
7777
7778
8888
8888
8888
7888
8888
8888
8888
8888
8888
8888
8887
7777
7777
7888
8777
7777
7777
7777
7777
7777
7778
8877
7777
7777
7778
8777
7777
7777
7777
7777
7778
7777
7777
7788
8887
8888
8888
7777
8888
7888
7777
8888
8887
7888
8888
8888
7777
7888
8888
8888
8888
8888
8888
8888
7778
8878
7778
8888
8888
8888
8788
8888
8888
8888
8888
8888
8888
8888
8778
8888
8887
7778
8888
8777
7777
7777
7777
8888
8887
7777
7777
8877
7777
7777
7777
7777
7777
7777
7777
7777
7777
8888
8888
8887
7777
7777
7777
8888
8887
7777
8888
8887
8888
8877
7777
7888
8888
7777
8888
8888
8888
8888
7777
7888
8888
8888
8888
8888
8788
8888
8888
8888
8888
8888
8878
8888
8888
8788
8888
8877
7778
8877
7777
7777
8877
8788
7888
8877
7777
7777
7777
7777
7777
7777
7777
7777
7777
7777
7888
8888
8888
8877
7777
7777
7887
7778
8888
8888
7888
8888
7777
7777
8888
8878
8888
8888
8888
8888
8888
7778
8888
8888
8888
8888
8877
7788
8888
8888
8888
8888
8888
8888
8888
8888
8888
8888
8777
8878
7777
7777
7777
7777
7778
8887
7777
7777
7777
7777
7777
7777
7777
7777
7777
7777
7777
7777
8888
8888
8887
7777
7777
7888
8888
8888
8888
8888
8887
7777
7777
7777
7778
8888
8888
8888
8887
8788
8888
8888
8888
8888
8888
8888
8888
8888
8888
8888
8888
8888
8888
8888
8888
8888
8888
8877
7777
7777
7777
7777
7777
7887
8888
8887
7777
7777
7777
7777
7777
7777
7777
7777
7777
7777
7777
7777
7877
7777
7777
7777
7777
8888
8888
8888
8888
8888
8777
7777
7788
7788
8888
8888
8877
8888
8788
8888
8888
0000
0000
0000
0000
0000
0000
0000
0000
0000
0000
0000
0000
0000
0000
0000
0000
0000
0000
0000
0000
0000
0000
0000
0000
0000
0000
0000
0000
0000
0000
0000
0000
0000
0000
0000
0000
0000
0000
0000
0000
0000
0000
0000
0000
0000
0000
0000
0000
0000
0000
0000
0000
0000
0000
0000
0000
0000
0000
0000
0000
0000
0000
0000
0000
0000
0000
0000
0000
0000
0000
0000
0000
0000
0000
0000
0000
0000
0000
0000
0000
0000
0000
0000
0000
bdbe
aa5b
7432
c731
56c7
fd5f
2030
8a18
3a04
e47f
bb4a
cc53
dc20
0622
5aca
ad58
f6f2
be3c
eb60
8b2a
f8f0
6d2e
4c14
0000
4202
6742
cc5e
1e50
a3c0
9f00
596b
ede3
f371
5300
8263
71e1
709c
fc8d
8004
0202
e272
b605
eada
8a7b
6644
d71f
aff7
0f77
d96a
5058
e400
ae85
fcf2
e74f
31a0
c90a
00d2
a500
7f58
8e0a
7500
1c00
f9ff
3d8f
f7f1
e24e
da10
4fb1
bce8
fe17
1032
568f
1062
8928
fb7d
caea
f280
0600
dadd
ad31
7de1
8f4b
c363
8550
fb80
5917
c5c0
6b0a
9a80
0700
f11a
0918
b502
4485
9fd5
9f95
779d
8b4f
60ca
ae6c
fdc2
762a
692a
300c
0040
7d19
f75a
cb0e
dad4
1480
32e1
7f98
fd9c
7b20
e052
a994
77a0
370d
69da
2008
40c1
d708
f8ee
0e5a
e880
9400
7e7f
1f72
fa91
aa0c
a001
a904
3efc
ef21
a0c6
5b00
69c3
0104
ef18
537e
c688
9d16
f272
ad25
d898
6598
c903
bf06
7ab1
7e58
8a82
0918
b0c6
070a
d99a
ddcc
7091
5e16
f7fe
2e36
74ca
0ec4
c420
1b1d
d9a0
02b6
1314
8309
5e60
df8c
ef90
cf9b
bd88
8d8b
cfef
8411
68ad
0a26
c400
20e1
f6fa
efdb
80a5
8e6f
3734
2580
e255
f82b
2961
0bae
b9ef
8201
fbe8
0ba2
5204
9531
edfe
b60d
364e
fb9f
0f02
7326
13c8
56fe
8703
6090
00ff
4c27
def9
1a03
28b0
a304
d744
efbe
b0a0
9cde
852a
e402
b61a
9f52
f9fb
7600
d9bd
8d0d
faa1
cf0e
a0c0
e5d6
e37d
ff1e
3400
8a09
f9fe
d50d
f2fa
875a
2530
9cc1
f7eb
e500
dbd2
0d80
6084
c2a7
54ac
777a
7008
2ede
91a4
5731
b27e
bf5f
ebba
d31a
f9fd
a555
ebf4
7e82
c00c
aeb1
7f28
77fd
180b
fb2f
bed1
bf22
f1db
fb5f
3a20
ff01
5efd
2300
f5a0
9a10
19e4
c50c
fdee
e557
c205
f3da
4c21
9da1
ba7a
ecd5
a344
ff03
b3df
2190
ee26
573d
3820
3790
9dcf
7e05
f070
eb7e
6d04
355b
f9d1
c87e
7390
020c
ffd5
8d8c
7cf3
0a0e
44c0
09d4
c7b6
5f26
02a0
da1d
e22e
d5e6
fe34
321d
f744
0e8d
f4bf
0585
3eb7
5a48
8579
2412
f7a8
3f23
d416
955f
280a
ff8b
f62e
be9b
e748
ec84
7fff
86e5
75f2
7f6e
6113
e744
63f5
f1ef
6311
d65a
7492
8d20
c2d2
ee5b
67c1
978d
f6bf
2f67
ffd1
3f8a
3020
3ed0
31c5
0cb3
6000
8c9b
c510
253e
7c1b
6e0f
35e1
3e0f
f6fb
0555
f7a7
1b14
8481
ad30
b7eb
3d28
907c
4b5a
f523
e7ce
fc79
eb1b
bc84
121e
faff
1c64
adbc
be4a
2507
c750
ab7a
4b8d
8502
3efa
c701
e707
a4fb
4fba
b918
e782
66df
b984
fd93
cf4f
f30d
0586
2245
438d
f850
185a
85ac
67a5
e55a
ad13
cbe4
9e36
f2ff
e9b4
ffe3
7a1c
e081
2437
7bf1
8ddb
a109
ab19
7977
a54b
f47d
f65a
aa3a
0340
fffd
2c8c
fef4
5e0e
f794
9983
ebc1
fd1b
7495
ab5b
bba5
f70d
eb5b
2f5f
bde0
0b52
fafd
1238
f7f0
76d7
19ca
77ed
f366
3f9a
a0b6
7dff
7f75
f91b
5f9e
ba56
3e13
f8bb
0000
af24
73d4
1902
9dc2
fe6e
7de7
db1e
760c
cc5b
61c0
e63a
bf56
5242
bc08
bf02
9fef
a73f
ddb9
df53
e140
2584
fa14
9e5d
60d0
56da
9591
7732
47db
58bf
6f08
38b3
0000
2f1c
8cd0
da0a
6080
a3f7
fcf6
f6ba
6083
e63d
dbfa
1f03
f7db
4e3a
9858
4744
d2ff
8dcb
f77c
282b
c414
23b4
b726
8f90
4004
2b5a
d320
cb00
d05a
ab3e
f8e0
fd46
fe3b
6df5
ffb0
5f60
c579
a521
ed3f
367d
3844
dc57
eee2
4531
f61a
bb1a
43e4
a68c
6cf7
25a5
cee8
5a13
7280
8d44
f2f0
79c3
818b
cf76
ac04
fc1f
ea7b
7c4a
ffe0
f54a
f97f
4e72
2700
46fc
2700
4ffa
00d6
4dfa
00c0
4256
13fc
00bb
00d0
0337
13fc
0009
00d0
0337
1039
00d0
0331
6100
0084
67d2
b03c
0053
66f4
6178
67c8
3e00
615a
7c00
1c01
5546
1a01
be3c
0030
67de
be3c
0035
67d8
be3c
0037
6c2a
ce7c
000f
7600
6132
5346
e18b
1601
51cf
fff6
2043
6124
10c1
51ce
fffa
611c
4605
67b0
3cbc
ffff
6000
ff82
5246
6112
51ce
fffc
6124
66fc
6000
ff72
6104
da01
4e75
6116
6700
ff66
6122
e908
1200
610a
6700
ff5a
6116
d200
4e75
0839
0003
00d0
0335
67f6
1039
00d0
0331
4e75
b03c
0039
6f02
5f00
903c
0030
4e75
0000
0000
5f00
0000
efaa
0000
2704
0000
ef04
0000
4e75
0000
0000
0000
0000
0000
0000
0065
0000
0400
b000
0000
2600
b000
0000
ffff
ffff
ffff
ffff
ffff
ffff
ffff
ffff
ffff
ffff
ffff
ffff
ffff
ffff
ffff
ffff
ffff
ffff
ffff
ffff
ffff
ffff
ffff
ffff
ffff
ffff
ffff
ffff
ffff
ffff
ffff
ffff
ffff
ffff
ffff
ffff
ffff
ffff
ffff
ffff
ffff
ffff
ffff
ffff
ffff
ffff
ffff
ffff
ffff
ffff
ffff
ffff
ffff
ffff
ffff
ffff
ffff
ffff
ffff
ffff
ffff
ffff
ffff
ffff
ffff
ffff
ffff
ffff
ffff
ffff
ffff
ffff
ffff
ffff
ffff
ffff
ffff
ffff
ffff
ffff
ffff
ffff
ffff
ffff
ffff
ffff
ffff
ffff
ffff
ffff
ffff
ffff
ffff
ffff
ffff
ffff
ffff
ffff
ffff
ffff
ffff
ffff
ffff
ffff
ffff
ffff
ffff
ffff
ffff
ffff
ffff
ffff
ffff
ffff
ffff
ffff
ffff
ffff
ffff
ffff
ffff
ffff
ffff
ffff
ffff
ffff
ffff
ffff
ffff
ffff
ffff
ffff
ffff
ffff
ffff
ffff
ffff
ffff
ffff
ffff
ffff
ffff
ffff
ffff
ffff
ffff
ffff
ffff
ffff
ffff
ffff
ffff
ffff
ffff
ffff
ffff
ffff
ffff
ffff
ffff
ffff
ffff
ffff
ffff
ffff
ffff
ffff
ffff
ffff
ffff
ffff
ffff
ffff
ffff
ffff
ffff
ffff
ffff
ffff
ffff
ffff
ffff
ffff
ffff
ffff
ffff
ffff
ffff
ffff
ffff
ffff
ffff
ffff
ffff
ffff
ffff
ffff
ffff
ffff
ffff
ffff
ffff
ffff
ffff
ffff
ffff
ffff
ffff
ffff
ffff
ffff
ffff
ffff
ffff
ffff
ffff
ffff
ffff
ffff
ffff
ffff
ffff
ffff
ffff
ffff
ffff
ffff
ffff
ffff
ffff
ffff
ffff
ffff
ffff
ffff
ffff
ffff
ffff
ffff
ffff
ffff
ffff
ffff
ffff
ffff
ffff
ffff
ffff
ffff
ffff
ffff
ffff
ffff
ffff
ffff
ffff
ffff
ffff
ffff
ffff
ffff
ffff
ffff
ffff
ffff
ffff
ffff
ffff
ffff
ffff
ffff
ffff
ffff
ffff
ffff
ffff
ffff
ffff
ffff
ffff
ffff
ffff
ffff
ffff
ffff
ffff
ffff
ffff
ffff
ffff
ffff
ffff
ffff
ffff
ffff
ffff
ffff
ffff
ffff
ffff
ffff
ffff
ffff
ffff
ffff
ffff
ffff
ffff
ffff
ffff
ffff
ffff
ffff
ffff
ffff
ffff
ffff
ffff
ffff
ffff
ffff
ffff
ffff
ffff
ffff
ffff
ffff
ffff
ffff
ffff
ffff
ffff
ffff
ffff
ffff
ffff
ffff
ffff
ffff
ffff
ffff
ffff
ffff
ffff
ffff
ffff
ffff
ffff
ffff
ffff
ffff
ffff
ffff
ffff
ffff
ffff
ffff
ffff
ffff
ffff
ffff
ffff
ffff
ffff
ffff
ffff
ffff
ffff
ffff
ffff
ffff
ffff
ffff
ffff
ffff
ffff
ffff
ffff
ffff
ffff
ffff
ffff
ffff
ffff
ffff
ffff
ffff
ffff
ffff
ffff
ffff
ffff
ffff
ffff
ffff
ffff
ffff
ffff
ffff
ffff
ffff
ffff
ffff
ffff
ffff
ffff
ffff
ffff
ffff
ffff
ffff
ffff
ffff
ffff
ffff
ffff
ffff
ffff
ffff
ffff
ffff
ffff
ffff
ffff
ffff
ffff
ffff
ffff
ffff
ffff
ffff
ffff
ffff
ffff
ffff
ffff
ffff
ffff
ffff
ffff
ffff
ffff
ffff
ffff
ffff
ffff
ffff
ffff
ffff
ffff
ffff
ffff
ffff
ffff
ffff
ffff
ffff
ffff
ffff
ffff
ffff
ffff
ffff
ffff
ffff
ffff
ffff
ffff
ffff
ffff
ffff
ffff
ffff
ffff
ffff
ffff
ffff
ffff
ffff
ffff
ffff
ffff
ffff
ffff
ffff
ffff
ffff
ffff
ffff
ffff
ffff
ffff
ffff
ffff
ffff
ffff
ffff
ffff
ffff
ffff
ffff
ffff
ffff
ffff
ffff
ffff
ffff
ffff
ffff
ffff
ffff
ffff
ffff
ffff
ffff
ffff
ffff
ffff
ffff
ffff
ffff
ffff
ffff
ffff
ffff
ffff
ffff
ffff
ffff
ffff
ffff
ffff
ffff
ffff
ffff
ffff
ffff
ffff
ffff
ffff
ffff
ffff
ffff
ffff
ffff
ffff
ffff
ffff
ffff
ffff
ffff
ffff
ffff
ffff
ffff
ffff
ffff
ffff
ffff
ffff
ffff
ffff
ffff
ffff
ffff
ffff
ffff
ffff
ffff
ffff
ffff
ffff
ffff
ffff
ffff
ffff
ffff
ffff
ffff
ffff
ffff
ffff
ffff
ffff
ffff
ffff
ffff
ffff
ffff
ffff
ffff
ffff
ffff
ffff
ffff
ffff
ffff
ffff
ffff
ffff
ffff
ffff
ffff
ffff
ffff
ffff
ffff
ffff
ffff
ffff
ffff
ffff
ffff
ffff
ffff
ffff
ffff
ffff
ffff
ffff
ffff
ffff
ffff
ffff
ffff
ffff
ffff
ffff
ffff
ffff
ffff
ffff
ffff
ffff
ffff
ffff
ffff
ffff
ffff
ffff
ffff
ffff
ffff
ffff
ffff
ffff
ffff
ffff
ffff
ffff
ffff
ffff
ffff
ffff
ffff
ffff
ffff
ffff
ffff
ffff
ffff
ffff
ffff
ffff
ffff
ffff
ffff
ffff
ffff
ffff
ffff
ffff
ffff
ffff
ffff
ffff
ffff
ffff
ffff
ffff
ffff
ffff
ffff
ffff
ffff
ffff
ffff
ffff
ffff
ffff
ffff
ffff
ffff
ffff
ffff
ffff
ffff
ffff
ffff
ffff
ffff
ffff
ffff
ffff
ffff
ffff
ffff
ffff
ffff
ffff
ffff
ffff
ffff
ffff
ffff
ffff
ffff
ffff
ffff
ffff
ffff
ffff
ffff
ffff
ffff
ffff
ffff
ffff
ffff
ffff
ffff
ffff
ffff
ffff
ffff
ffff
ffff
ffff
ffff
ffff
ffff
ffff
ffff
ffff
ffff
ffff
ffff
ffff
ffff
ffff
ffff
ffff
ffff
ffff
ffff
ffff
ffff
ffff
ffff
ffff
ffff
ffff
ffff
ffff
ffff
ffff
ffff
ffff
ffff
ffff
ffff
ffff
ffff
ffff
ffff
ffff
ffff
ffff
ffff
ffff
ffff
ffff
ffff
ffff
ffff
ffff
ffff
ffff
ffff
ffff
ffff
ffff
ffff
ffff
ffff
ffff
ffff
ffff
ffff
ffff
ffff
ffff
ffff
ffff
ffff
ffff
ffff
ffff
ffff
ffff
ffff
ffff
ffff
ffff
ffff
ffff
ffff
ffff
ffff
ffff
ffff
ffff
ffff
ffff
ffff
ffff
ffff
ffff
ffff
ffff
ffff
ffff
ffff
ffff
ffff
ffff
ffff
ffff
ffff
ffff
ffff
ffff
ffff
ffff
ffff
ffff
ffff
ffff
ffff
ffff
ffff
ffff
ffff
ffff
ffff
ffff
ffff
ffff
ffff
ffff
ffff
ffff
ffff
ffff
ffff
ffff
ffff
ffff
ffff
ffff
ffff
ffff
ffff
ffff
ffff
ffff
ffff
ffff
ffff
ffff
ffff
ffff
ffff
ffff
ffff
ffff
ffff
ffff
ffff
ffff
ffff
ffff
ffff
ffff
ffff
ffff
ffff
ffff
ffff
ffff
ffff
ffff
ffff
ffff
ffff
ffff
ffff
ffff
ffff
ffff
ffff
ffff
ffff
ffff
ffff
ffff
ffff
ffff
ffff
ffff
ffff
ffff
ffff
ffff
ffff
ffff
ffff
ffff
ffff
ffff
ffff
ffff
ffff
ffff
ffff
ffff
ffff
ffff
ffff
ffff
ffff
ffff
ffff
ffff
ffff
ffff
ffff
ffff
ffff
ffff
ffff
ffff
ffff
ffff
ffff
ffff
ffff
ffff
ffff
ffff
ffff
ffff
ffff
ffff
ffff
ffff
ffff
ffff
ffff
ffff
ffff
ffff
ffff
ffff
ffff
ffff
ffff
ffff
ffff
ffff
ffff
ffff
ffff
ffff
ffff
ffff
ffff
ffff
ffff
ffff
ffff
ffff
ffff
ffff
ffff
ffff
ffff
ffff
ffff
ffff
ffff
ffff
ffff
ffff
ffff
ffff
ffff
ffff
ffff
ffff
ffff
ffff
ffff
ffff
ffff
ffff
ffff
ffff
ffff
ffff
ffff
ffff
ffff
ffff
0000
0000
0000
0000
3c42
5a52
5a42
3c00
3e7e
783c
1e7e
7c00
3e7e
607c
607e
3e00
3e7e
606e
667e
3e00
1818
3c3c
666e
6e00
0000
0000
0000
0000
0000
0000
0000
0000
0000
0000
0000
0000
0000
0000
0000
0000
0000
0000
0000
0000
0000
0000
0000
0000
0000
0000
0000
0000
0000
0000
0000
0000
0000
0000
0000
0000
0000
0000
0000
0000
0000
0000
0000
0000
0000
0000
0000
0000
0000
0000
0000
0000
0000
0000
0000
0000
0000
0000
0000
0000
0000
0000
0000
0000
0000
0000
0000
0000
0000
0000
0000
0000
0000
0000
0000
0000
0000
0000
0000
0000
0000
0000
0000
0000
0000
0000
0000
0000
0000
0000
0000
0000
0000
0000
0000
0000
0000
0000
0000
0000
0000
0000
0000
0000
0000
0000
0000
0000
0808
0808
0000
0800
2424
2400
0000
0000
2424
7e24
7e24
2400
081e
281c
0a3c
0800
0062
6408
1026
4600
3048
4830
4a44
3a00
0408
1000
0000
0000
0408
1010
1008
0400
2010
0808
0810
2000
082a
1c3e
1c2a
0800
0008
083e
0808
0000
0000
0000
0008
0810
0000
007e
0000
0000
0000
0000
0018
1800
0002
0408
1020
4000
3c42
465a
6242
3c00
0818
2808
0808
3e00
3c42
020c
3040
7e00
3c42
021c
0242
3c00
040c
1424
7e04
0400
7e40
7804
0244
3800
1c20
407c
4242
3c00
7e42
0408
1010
1000
3c42
423c
4242
3c00
3c42
423e
0204
3800
0000
0800
0008
0000
0000
0800
0008
0810
0e18
3060
3018
0e00
0000
7e00
7e00
0000
7018
0c06
0c18
7000
3c42
020c
1000
1000
1c22
4a56
4c20
1e00
1824
427e
4242
4200
7c22
223c
2222
7c00
1c22
4040
4022
1c00
7824
2222
2224
7800
7e40
4078
4040
7e00
7e40
4078
4040
4000
1c22
404e
4222
1c00
4242
427e
4242
4200
1c08
0808
0808
1c00
0e04
0404
0444
3800
4244
4870
4844
4200
4040
4040
4040
7e00
4266
5a5a
4242
4200
4262
524a
4642
4200
1824
4242
4224
1800
7c42
427c
4040
4000
1824
4242
4a24
1a00
7c42
427c
4844
4200
3c42
403c
0242
3c00
3e08
0808
0808
0800
4242
4242
4242
3c00
4242
4224
2418
1800
4242
425a
5a66
4200
4242
2418
2442
4200
2222
221c
0808
0800
7e02
0418
2040
7e00
3c20
2020
2020
3c00
2222
143e
083e
0800
3c04
0404
0404
3c00
0814
2200
0000
0000
0000
0000
0000
7e00
0000
0000
0000
0000
0000
3c04
3c44
3a00
4040
5c62
4262
5c00
0000
3c42
4042
3c00
0202
3a46
4246
3a00
0000
3c42
7e40
3c00
0c12
107c
1010
1000
0000
3a46
463a
023c
4040
5c62
4242
4200
0800
1808
0808
1c00
0400
0c04
0404
4438
4040
4448
5068
4400
1808
0808
0808
1c00
0000
7649
4949
4900
0000
5c62
4242
4200
0000
3c42
4242
3c00
0000
5c62
625c
4040
0000
3a46
463a
0202
0000
5c62
4040
4000
0000
3e40
3c02
7c00
1010
7c10
1012
0c00
0000
4242
4246
3a00
0000
4242
4224
1800
0000
4149
4949
3600
0000
4224
1824
4200
0000
4242
463a
023c
0000
7e04
1820
7e00
0e10
1020
1010
0e00
0808
0000
0008
0800
7008
0804
0808
7000
3049
0600
0000
0000
0000
0000
0000
0000
0000
0000
0000
00ff
0000
0000
0000
ffff
0000
0000
00ff
ffff
0000
0000
ffff
ffff
0000
00ff
ffff
ffff
0000
ffff
ffff
ffff
00ff
ffff
ffff
ffff
ffff
ffff
ffff
ffff
8080
8080
8080
8080
c0c0
c0c0
c0c0
c0c0
e0e0
e0e0
e0e0
e0e0
f0f0
f0f0
f0f0
f0f0
f8f8
f8f8
f8f8
f8f8
fcfc
fcfc
fcfc
fcfc
fefe
fefe
fefe
fefe
0808
0808
ff08
0808
0808
0808
ff00
0000
0000
0000
ff08
0808
0808
0808
f808
0808
0808
0808
0f08
0808
ff00
0000
0000
0000
0000
0000
ff00
0000
0808
0808
0808
0808
0101
0101
0101
0101
0000
0000
0f08
0808
0000
0000
f808
0808
0808
0808
0f00
0000
0808
0808
f800
0000
0000
0000
0304
0808
0000
0000
e010
0808
0808
0804
0300
0000
0808
0810
e000
0000
0000
0000
0000
0000
0000
0000
3828
3800
1c10
1010
0000
0000
0000
0008
0808
3800
0000
0000
2010
0800
0000
0018
1800
0000
007e
027e
0204
3800
0000
3e02
0c08
1000
0000
0408
1828
0800
0000
083e
2202
0c00
0000
003e
0808
3e00
0000
043e
0c14
2400
0000
103e
1214
1000
0000
001c
0404
3e00
0000
3c04
3c04
3c00
0000
002a
2a02
0c00
0000
003e
0000
0000
7e02
0214
1810
2000
0204
0818
2848
0800
087e
4242
0204
3800
003e
0808
0808
3e00
087e
0818
2848
0800
107e
1212
1212
2400
083e
083e
0808
0800
1e22
4204
0810
6000
203e
4808
0808
1000
007e
0202
0202
7e00
247e
2424
0408
1000
0070
0072
0204
7800
7e02
0408
1824
4200
207e
2224
2020
1e00
4242
2202
0408
3000
1e22
6214
0810
6000
0438
087e
0808
7000
0052
5252
0408
7000
3c00
7e08
0810
2000
1010
1018
1410
1000
0808
7e08
0810
2000
003c
0000
0000
7e00
003e
0214
0814
2000
083e
0408
1c2a
0800
0202
0204
0810
2000
1008
0442
4242
4200
4040
7e40
4040
3e00
007e
0202
0408
3000
0010
2844
0202
0000
083e
0808
2a2a
0800
7e02
0204
2810
0800
003c
003c
007c
0200
0408
1020
487c
0200
0002
0214
0814
6000
007e
107e
1010
1e00
2020
7e22
2420
2000
0038
0808
0808
7e00
7e02
027e
0202
7e00
3c00
7e02
0408
1000
4242
4242
0204
1800
2828
282a
2a2c
4800
2020
2022
2428
3000
007e
4242
4242
7e00
007e
4242
0204
1800
0070
0202
0408
7000
1048
2000
0000
0000
7050
7000
0000
0000
0000
ff00
00ff
0000
0808
0f08
080f
0808
0808
ff08
08ff
0808
0808
f808
08f8
0808
0103
070f
1f3f
7fff
80c0
e0f0
f8fc
feff
ff7f
3f1f
0f07
0301
fffe
fcf8
f0e0
c080
081c
3e7f
7f1c
3e00
367f
7f7f
3e1c
0800
081c
3e7f
3e1c
0800
1c1c
7f7f
6b08
3e00
003c
7e7e
7e7e
3c00
003c
4242
4242
3c00
0102
0408
1020
4080
8040
2010
0804
0201
8142
2418
1824
4281
7f49
497f
4141
4100
407e
483c
287e
0800
3f21
3f21
3f21
4100
7f41
417f
4141
7f00
04ee
a4ef
a2ef
0a02
0018
2442
3c14
2400
3a12
7f17
3b52
1400
0000
0000
0000
0000
0000
0000
0000
0000
0000
0000
0000
0000
0000
0000
0000
0000
0000
0000
0000
0000
0000
0000
0000
0000
0000
0000
0000
0000
0000
0000
0000
0000
0000
0000
0000
0000
0000
0000
0000
0000
0000
0000
0000
0000
0000
0000
0000
0000
030c
1023
2448
4848
e018
04e2
1209
0101
4848
4824
2310
0c03
0101
0912
e204
18e0
071f
3837
6f6c
6f70
ffff
00ff
ff00
fc06
3f1f
007f
7f00
7f7f
fbfb
1bfb
f60e
fcf0
071f
3837
6f6c
6f60
ffff
00ff
ff00
fe00
6f6f
6c6f
3738
1f07
fefe
00ff
ff00
ffff
071f
3837
6f6c
6d6c
ffff
00ff
ff00
ff03
6d6d
6c6f
3738
1f07
fbfb
1bfb
fb03
ffff
0303
0706
060d
0d0d
e0e0
70b0
b0d8
d8d8
1b1b
3636
366c
6c6c
6c6c
36f6
f607
ffff
0000
0000
0000
0000
0000
0000
0000
0000
0000
0000
0000
0000
0000
0000
0000
0000
0000
0000
0000
0000
0000
0000
0000
0000
0000
0000
0000
0000
0000
0000
0000
0000
0000
0000
0000
0000
0000
0000
0000
0000
0000
0000
0000
0000
0000
0000
0000
0000
0000
0000
0000
0000
0000
0000
0000
0000
0000
0000
0000
0000
0000
0000
0000
0000
0000
0000
0000
0000
0000
0000
0000
0000
0000
0000
0000
0000
0000
0000
0000
0000
0000
0000
0000
0000
0000
0000
0000
0000
0000
0000
0000
0000
0000
0000
0000
0000
0000
0000
0000
0000
0000
0000
0000
0000
0000
0000
0000
0000
0000
0000
0000
0000
0000
0000
0000
0000
0000
0000
0000
0000
0000
0000
0000
0000
0000
0000
0000
0000
0000
0000
0000
0000
0000
0000
0000
0000
0000
0000
0000
0000
0000
0000
0000
0000
0000
0000
0000
0000
0000
0000
0000
0000
0000
0000
0000
0000
0000
0000
0000
0000
0000
0000
0000
0000
0000
0000
0000
0000
0000
0000
0000
0000
0000
0000
0000
0000
0000
0000
0000
0000
0000
0000
0000
0000
0000
0000
0000
0000
0000
0000
0000
0000
0000
0000
0000
0000
0000
0000
0000
0000
0000
0000
0000
0000
0000
0000
0000
0000
0000
0000
0000
0000
0000
0000
0000
0000
0000
0000
0000
0000
0000
0000
0000
0000
0000
0000
0000
0000
0000
0000
0000
0000
0000
0000
0000
0000
0000
0000
0000
0000
0000
0000
0000
0000
0000
0000
0000
0000
0000
0000
0000
0000
0000
0000
0000
0000
0000
0000
0000
0000
0000
0000
0000
0000
0000
0000
0000
0000
0000
0000
0000
0000
0000
0000
0000
0000
0000
0000
0000
0000
0000
0000
0000
0000
0000
0000
0000
0000
0000
0000
0000
0000
0000
0000
0000
0000
0000
0000
0000
0000
0000
0000
0000
0000
0000
0000
0000
0000
0000
0000
0000
0000
0000
0000
0000
0000
0000
0000
0000
0000
0000
0000
0000
0000
0000
0000
0000
0000
0000
0000
0000
0000
0000
0000
0000
0000
0000
0000
0000
0000
0000
0000
0000
0000
0000
0000
0000
0000
0000
0000
0000
0000
0000
0000
0000
0000
0000
0000
0000
0000
0000
0000
0000
0000
0000
0000
0000
0000
0000
0000
0000
0000
0000
0000
0000
0000
0000
0000
0000
0000
0000
0000
0000
0000
0000
0000
0000
0000
0000
0000
0000
0000
0000
0000
0000
0000
0000
0000
0000
0000
0000
0000
0000
0000
0000
0000
0000
0000
0000
0000
0000
0000
0000
0000
0000
0000
0000
0000
0000
0000
0000
0000
0000
0000
0000
0000
0000
0000
0000
0000
0000
0000
0000
0000
0000
0000
0000
0000
0000
0000
0000
0000
0000
0000
0000
0000
0000
0000
0000
0000
0000
0000
0000
0000
0000
0000
0000
0000
0000
0000
0000
0000
0000
0000
0000
0000
0000
0000
0000
0000
0000
0000
0000
0000
0000
0000
0000
0000
0000
0000
0000
0000
0000
0000
0000
0000
0000
0000
0000
0000
0000
0000
0000
0000
0000
0000
0000
0000
0000
0000
0000
0000
0000
0000
0000
0000
0000
0000
0000
0000
0000
0000
0000
0000
0000
0000
0000
0000
0000
0000
0000
0000
0000
0000
0000
0000
0000
0000
0000
0000
0000
0000
0000
0000
0000
0000
0000
0000
0000
0000
0000
0000
0000
0000
0000
0000
0000
0000
0000
0000
0000
0000
0000
0000
0000
0000
0000
0000
0000
0000
0000
0000
0000
0000
0000
0000
0000
0000
0000
0000
0000
0000
0000
0000
0000
0000
0000
0000
0000
0000
0000
0000
0000
0000
0000
0000
0000
0000
0000
0000
0000
0000
0000
0000
0000
0000
0000
0000
0000
0000
0000
0000
0000
0000
0000
0000
0000
0000
0000
0000
0000
0000
0000
0000
0000
0000
0000
0000
0000
0000
0000
0000
0000
0000
0000
0000
0000
0000
0000
0000
0000
0000
0000
0000
0000
0000
0000
0000
0000
0000
0000
0000
0000
0000
0000
0000
0000
0000
0000
0000
0000
0000
0000
0000
0000
0000
0000
0000
0000
0000
0000
0000
0000
0000
0000
0000
0000
0000
0000
0000
0000
0000
0000
0000
0000
0000
0000
0000
0000
0000
0000
0000
0000
0000
0000
0000
0000
0000
0000
0000
0000
0000
0000
0000
0000
0000
0000
0000
0000
0000
0000
0000
0000
0000
0000
0000
0000
0000
0000
0000
0000
0000
0000
0000
0000
0000
0000
0000
0000
0000
0000
0000
0000
0000
0000
0000
0000
0000
0000
0000
0000
0000
0000
0000
0000
0000
0000
0000
0000
0000
0000
0000
0000
0000
0000
0000
0000
0000
0000
0000
0000
0000
0000
0000
0000
0000
0000
0000
0000
0000
0000
0000
0000
0000
0000
0000
0000
0000
0000
0000
0000
0000
0000
0000
0000
0000
0000
0000
0000
0000
0000
0000
0000
0000
0000
0000
0000
0000
0000
0000
0000
0000
0000
0000
0000
0000
0000
0000
0000
0000
0000
0000
0000
0000
0000
0000
0000
0000
0000
0000
0000
0000
0000
0000
0000
0000
0000
0000
0000
0000
0000
0000
0000
0000
0000
0000
0000
0000
0000
0000
0000
0000
0000
0000
0000
0000
0000
0000
0000
0000
0000
0000
0000
0000
0000
0000
0000
0000
0000
0000
0000
0000
0000
0000
0000
0000
0000
0000
0000
0000
0000
0000
0000
0000
0000
0000
0000
0000
0000
0000
0000
0000
0000
0000
0000
0000
0000
0000
0000
0000
0000
0000
0000
0000
0000
0000
0000
0000
0000
0000
0000
0000
0000
0000
0000
0000
0000
0000
0000
0000
0000
0000
0000
0000
0000
0000
0000
0000
0000
0000
0000
0000
0000
0000
0000
0000
0000
0000
0000
0000
0000
0000
0000
0000
0000
0000
0000
0000
0000
0000
0000
0000
0000
0000
0000
0000
0000
0000
0000
0000
0000
0000
0000
0000
0000
0000
0000
0000
0000
0000
0000
0000
0000
0000
0000
0000
0000
0000
0000
0000
0000
0000
0000
0000
0000
0000
0000
0000
0000
0000
0000
0000
0000
0000
0000
0000
0000
0000
0000
0000
0000
0000
0000
0000
0000
0000
0000
0000
0000
0000
0000
0000
0000
0000
0000
0000
0000
0000
0000
0000
0000
0000
0000
0000
0000
0000
0000
0000
0000
0000
0000
0000
0000
0000
0000
0000
0000
0000
0000
0000
0000
0000
0000
0000
0000
0000
0000
0000
0000
0000
0000
0000
0000
0000
0000
0000
0000
0000
0000
0000
0000
0000
0000
0000
0000
0000
0000
0000
0000
0000
0000
0000
0000
0000
0000
0000
0000
0000
0000
0000
0000
0000
0000
0000
0000
0000
0000
0000
0000
0000
0000
0000
0000
0000
0000
0000
0000
0000
0000
0000
0000
0000
0000
0000
0000
0000
0000
0000
0000
0000
0000
0000
0000
0000
0000
0000
0000
0000
0000
0000
0000
0000
0000
0000
0000
0000
0000
0000
0000
0000
0000
0000
0000
0000
0000
0000
0000
0000
0000
0000
0000
0000
0000
0000
0000
0000
0000
0000
0000
0000
0000
0000
0000
0000
0000
0000
0000
0000
0000
0000
0000
0000
0000
0000
0000
0000
0000
0000
0000
0000
0000
0000
0000
0000
0000
0000
0000
0000
0000
0000
0000
0000
0000
0000
0000
0000
0000
0000
0000
0000
0000
0000
0000
0000
0000
0000
0000
0000
0000
0000
0000
0000
0000
0000
0000
0000
0000
0000
0000
0000
0000
0000
0000
0000
0000
0000
0000
0000
0000
0000
0000
0000
0000
0000
0000
0000
0000
0000
0000
0000
0000
0000
0000
0000
0000
0000
0000
0000
0000
0000
0000
0000
0000
0000
0000
0000
0000
0000
0000
0000
0000
0000
0000
0000
0000
0000
0000
0000
0000
0000
0000
0000
0000
0000
0000
0000
0000
0000
0000
0000
0000
0000
0000
0000
0000
0000
0000
0000
0000
0000
0000
0000
0000
0000
0000
0000
0000
0000
0000
0000
0000
0000
0000
0000
0000
0000
0000
0000
0000
0000
0000
0000
0000
0000
0000
0000
0000
0000
0000
0000
0000
0000
0000
0000
0000
0000
0000
0000
0000
0000
0000
0000
0000
0000
0000
0000
0000
0000
0000
0000
0000
0000
0000
0000
0000
0000
0000
0000
0000
0000
0000
0000
0000
0000
0000
0000
0000
0000
0000
0000
0000
0000
0000
0000
0000
0000
0000
0000
0000
0000
0000
0000
0000
0000
0000
0000
0000
0000
0000
0000
0000
0000
0000
0000
0000
0000
0000
0000
0000
0000
0000
0000
0000
0000
0000
0000
0000
0000
0000
0000
0000
0000
0000
0000
0000
0000
0000
0000
0000
0000
0000
0000
0000
0000
0000
0000
0000
0000
0000
0000
0000
0000
0000
0000
0000
0000
0000
0000
0000
0000
0000
0000
0000
0000
0000
0000
0000
0000
0000
0000
0000
0000
0000
0000
0000
0000
0000
0000
0000
0000
0000
0000
0000
0000
0000
0000
0000
0000
0000
0000
0000
0000
0000
0000
0000
0000
0000
0000
0000
0000
0000
0000
0000
0000
0000
0000
0000
0000
0000
0000
0000
0000
0000
0000
0000
0000
0000
0000
0000
0000
0000
0000
0000
0000
0000
0000
0000
0000
0000
0000
0000
0000
0000
0000
0000
0000
0000
0000
0000
0000
0000
0000
0000
0000
0000
0000
0000
0000
0000
0000
0000
0000
0000
0000
0000
0000
0000
0000
0000
0000
0000
0000
0000
0000
0000
0000
0000
0000
0000
0000
0000
0000
0000
0000
0000
0000
0000
0000
0000
0000
0000
0000
0000
0000
0000
0000
0000
0000
0000
0000
0000
0000
0000
0000
0000
0000
0000
0000
0000
0000
0000
0000
0000
0000
0000
0000
0000
0000
0000
0000
0000
0000
0000
0000
0000
0000
0000
0000
0000
0000
0000
0000
0000
0000
0000
0000
0000
0000
0000
0000
0000
0000
0000
0000
0000
0000
0000
0000
0000
0000
0000
0000
0000
0000
0000
0000
0000
0000
0000
0000
0000
0000
0000
0000
0000
0000
0000
0000
0000
0000
0000
0000
0000
0000
0000
0000
0000
0000
0000
0000
0000
0000
0000
0000
0000
0000
0000
0000
0000
0000
0000
0000
0000
0000
0000
0000
0000
0000
0000
0000
0000
0000
0000
0000
0000
0000
0000
0000
0000
0000
0000
0000
0000
0000
0000
0000
0000
0000
0000
0000
0000
0000
0000
0000
0000
0000
0000
0000
0000
0000
0000
0000
0000
0000
0000
0000
0000
0000
0000
0000
0000
0000
0000
0000
0000
0000
0000
0000
0000
0000
0000
0000
0000
0000
0000
0000
0000
0000
0000
0000
0000
0000
0000
0000
0000
0000
0000
0000
0000
0000
0000
0000
0000
0000
0000
0000
0000
0000
0000
0000
0000
0000
0000
0000
0000
0000
0000
0000
0000
0000
0000
0000
0000
0000
0000
0000
0000
0000
0000
0000
0000
0000
0000
0000
0000
0000
0000
0000
0000
0000
0000
0000
0000
0000
0000
0000
0000
0000
0000
0000
0000
0000
0000
0000
0000
0000
0000
0000
0000
0000
0000
0000
0000
0000
0000
0000
0000
0000
0000
0000
0000
0000
0000
0000
0000
0000
0000
0000
0000
0000
0000
0000
0000
0000
0000
0000
0000
0000
0000
0000
0000
0000
0000
0000
0000
0000
0000
0000
0000
0000
0000
0000
0000
0000
0000
0000
0000
0000
0000
0000
0000
0000
0000
0000
0000
0000
0000
0000
0000
0000
0000
0000
0000
0000
0000
0000
0000
0000
0000
0000
0000
0000
0000
0000
0000
0000
0000
0000
0000
0000
0000
0000
0000
0000
0000
0000
0000
0000
0000
0000
0000
0000
0000
0000
0000
0000
0000
0000
0000
0000
0000
0000
0000
0000
0000
0000
0000
0000
0000
0000
0000
0000
0000
0000
0000
0000
0000
0000
0000
0000
0000
0000
0000
0000
0000
0000
0000
0000
0000
0000
0000
0000
0000
0000
0000
0000
0000
0000
0000
0000
0000
0000
0000
0000
0000
0000
0000
0000
0000
0000
0000
0000
0000
0000
0000
0000
0000
0000
0000
0000
0000
0000
0000
0000
0000
0000
0000
0000
0000
0000
0000
0000
0000
0000
0000
0000
0000
0000
0000
0000
0000
0000
0000
0000
0000
0000
0000
0000
0000
0000
0000
0000
0000
0000
0000
0000
0000
0000
0000
0000
0000
0000
0000
0000
0000
0000
0000
0000
0000
0000
0000
0000
0000
0000
0000
0000
0000
0000
0000
0000
0000
0000
0000
0000
0000
0000
0000
0000
0000
0000
0000
0000
0000
0000
0000
0000
0000
0000
0000
0000
0000
0000
0000
0000
0000
0000
0000
0000
0000
0000
0000
0000
0000
0000
0000
0000
0000
0000
0000
0000
0000
0000
0000
0000
0000
0000
0000
0000
0000
0000
0000
0000
0000
0000
0000
0000
0000
0000
0000
0000
0000
0000
0000
0000
0000
0000
0000
0000
0000
0000
0000
0000
0000
0000
0000
0000
0000
0000
0000
0000
0000
0000
0000
0000
0000
0000
0000
0000
0000
0000
0000
0000
0000
0000
0000
0000
0000
0000
0000
0000
0000
0000
0000
0000
0000
0000
0000
0000
0000
0000
0000
0000
0000
0000
0000
0000
0000
0000
0000
0000
0000
0000
0000
0000
0000
0000
0000
0000
0000
0000
0000
0000
0000
0000
0000
0000
0000
0000
0000
0000
0000
0000
0000
0000
0000
0000
0000
0000
0000
0000
0000
0000
0000
0000
0000
0000
0000
0000
0000
0000
0000
0000
0000
0000
0000
0000
0000
0000
0000
0000
0000
0000
0000
0000
0000
0000
0000
0000
0000
0000
0000
0000
0000
0000
0000
0000
0000
0000
0000
0000
0000
0000
0000
0000
0000
0000
0000
0000
0000
0000
0000
0000
0000
0000
0000
0000
0000
0000
0000
0000
0000
0000
0000
0000
0000
0000
0000
0000
0000
0000
0000
0000
0000
0000
0000
0000
0000
0000
0000
0000
0000
0000
0000
0000
0000
0000
0000
0000
0000
0000
0000
0000
0000
0000
0000
0000
0000
0000
0000
0000
0000
0000
0000
0000
0000
0000
0000
0000
0000
0000
0000
0000
0000
0000
0000
0000
0000
0000
0000
0000
0000
0000
0000
0000
0000
0000
0000
0000
0000
0000
0000
0000
0000
0000
0000
0000
0000
0000
0000
0000
0000
0000
0000
0000
0000
0000
0000
0000
0000
0000
0000
0000
0000
0000
0000
0000
0000
0000
0000
0000
0000
0000
0000
0000
0000
0000
0000
0000
0000
0000
0000
0000
0000
0000
0000
0000
0000
0000
0000
0000
0000
0000
0000
0000
0000
0000
0000
0000
0000
0000
0000
0000
0000
0000
0000
0000
0000
0000
0000
0000
0000
0000
0000
0000
0000
0000
0000
0000
0000
0000
0000
0000
0000
0000
0000
0000
0000
0000
0000
0000
0000
0000
0000
0000
0000
0000
0000
0000
0000
0000
0000
0000
0000
0000
0000
0000
0000
0000
0000
0000
0000
0000
0000
0000
0000
0000
0000
0000
0000
0000
0000
0000
0000
0000
0000
0000
0000
0000
0000
0000
0000
0000
0000
0000
0000
0000
0000
0000
0000
0000
0000
0000
0000
0000
0000
0000
0000
0000
0000
0000
0000
0000
0000
0000
0000
0000
0000
0000
0000
0000
0000
0000
0000
0000
0000
0000
0000
0000
0000
0000
0000
0000
0000
0000
0000
0000
0000
0000
0000
0000
0000
0000
0000
0000
0000
0000
0000
0000
0000
0000
0000
0000
0000
0000
0000
0000
0000
0000
0000
0000
0000
0000
0000
0000
0000
0000
0000
0000
0000
0000
0000
0000
0000
0000
0000
0000
0000
0000
0000
0000
0000
0000
0000
0000
0000
0000
0000
0000
0000
0000
0000
0000
0000
0000
0000
0000
0000
0000
0000
0000
0000
0000
0000
0000
0000
0080
4060
3030
0000
0000
0000
0000
0000
0000
0000
0000
0000
0000
0000
0000
0000
0070
8888
8870
0000
0000
0000
0000
0000
0000
0000
0000
0000
0000
0000
0000
0000
0000
c0c0
4080
0000
0000
0000
0000
0000
0000
0000
0000
0000
0000
0000
0000
0000
0000
00c0
c000
0000
0000
0000
0000
0000
0000
0000
0103
0000
0000
0000
80c0
0301
0000
0000
0000
c080
0000
0000
0000
0000
0000
0003
0300
0000
0000
0000
0000
0000
0000
0303
0000
0000
0000
0000
0000
0000
0000
0003
0300
0000
0000
0000
0000
0000
0000
0303
0102
0000
0000
0000
0000
0304
0810
1010
0c00
8040
2010
1010
2040
0001
0101
0001
0301
8000
0000
0000
8000
0103
0303
0303
0301
0080
8080
8080
8000
0101
0100
0001
0301
0000
0000
0000
8000
2090
4824
1000
0000
0000
0000
0000
0000
0000
0000
0000
0000
0000
0000
0000
0000
7088
8888
7000
0000
0000
0000
0000
0000
0000
0000
0000
0000
0000
0000
0000
0000
0001
0200
0000
0000
8000
0000
0000
0000
0000
0000
0000
0000
0000
0000
0000
0000
0201
0000
0000
0000
0000
8000
0000
0000
0000
0000
0000
0000
0000
0000
0000
0000
0c0c
0000
0000
0000
c0c0
0000
0000
0000
0000
0000
0000
0000
0000
0000
0000
0000
0102
0400
0000
0000
0080
4000
0000
0000
0000
0000
0000
0000
0000
0000
0000
0000
ff00
0000
0000
0000
fe00
0000
0000
0000
0000
0000
0000
0000
0000
0000
0000
0000
0000
0000
0000
0000
0000
0000
0000
0000
0000
0000
0000
00ff
0000
0000
0000
00fe
0000
0000
0004
0201
0000
0000
0000
0000
0000
0000
0000
0000
80c0
4040
0000
0000
0000
0000
0008
0402
0000
2010
8040
0000
0101
0000
0000
0000
0080
8080
0000
0000
0000
0008
0804
0402
0000
0000
0000
0000
0100
0001
0600
0000
0080
40c0
2000
0000
0000
0008
0804
0402
0000
1008
4020
0000
0100
0001
0600
0000
0080
40c0
2000
0000
0000
0000
0206
0408
0000
0000
2060
4080
0811
0000
0000
0000
8000
0000
0000
0000
0101
0204
0810
2040
0000
8040
2010
0804
bf01
0101
0101
ff00
fa00
0000
0000
fe00
0002
0202
0704
0808
0000
0000
f808
0808
1020
4086
0100
0000
1010
2040
8040
2010
0000
0000
0004
0a11
0010
0810
2040
8000
1224
2848
5060
4000
8000
0000
0000
0000
0000
0718
2040
8080
0000
c030
0804
0202
8080
4020
1807
0000
0202
0408
30c0
0000
0000
0000
0000
403f
0000
0000
0000
00fc
0000
0000
0000
0000
0000
0000
0000
0000
0000
0000
0000
00ff
0000
0000
0000
00fe
0000
0000
0000
0000
0000
0000
0000
0000
0000
0000
0000
0007
0000
0000
0000
00c0
0000
0000
0000
0000
0000
0000
0000
0000
0000
0000
0000
0001
0204
0810
2040
8000
0204
0810
2040
8000
0000
0000
0000
0000
8040
2010
0804
0201
0000
0000
0000
0000
0000
0000
0000
0000
8040
2010
0804
0200
0000
0000
0038
4482
0000
0000
0000
0002
0100
0000
0000
0000
0488
7000
0000
0000
0404
0404
0404
0404
4040
4040
4040
4040
0404
0404
0404
0404
4040
4040
4040
4040
0101
0101
0101
0101
0000
0000
0000
0000
0101
0101
0101
0101
0000
0000
0000
0000
0000
0000
0000
41e3
0000
0000
0000
048e
4100
0000
0000
0000
0400
0000
0000
0000
0000
0000
0000
2070
0000
0000
0000
081c
2000
0000
0000
0000
0800
0000
0000
0000
0000
0000
0000
0000
0408
0c0c
0000
0000
0000
0000
0000
0000
0000
0000
0000
0000
6060
2040
0000
0000
0000
0000
0000
0000
0000
0000
0000
0000
0000
0000
0000
0000
0000
0000
0000
0000
2448
486c
0000
0000
0000
0000
0000
0000
0000
0000
0000
0000
6c24
2448
0000
0000
0000
0000
0000
0000
0000
0000
0000
0000
0000
0000
0000
0000
0000
0000
0000
0000
0408
1020
2040
4040
0000
0000
0000
0000
4040
4020
2010
0804
4020
1008
0804
0404
0000
0000
0000
0000
0404
0408
0810
2040
0000
0000
0000
0000
0000
0000
0000
0000
0418
2020
2020
2020
0000
0000
0000
0000
2020
2020
2020
1804
4030
0808
0808
0808
0000
0000
0000
0000
0808
0808
0808
3040
0000
0000
0000
0000
0000
0000
0000
0000
3c20
2020
2020
2020
0000
0000
0000
0000
2020
2020
2020
203c
7808
0808
0808
0808
0000
0000
0000
0000
0808
0808
0808
0878
0000
0000
0000
0000
0000
0000
0000
0000
0c10
1010
1010
2040
0000
0000
0000
0000
2010
1010
1010
100c
6010
1010
1010
0804
0000
0000
0000
0000
0810
1010
1010
1060
0000
0000
0000
0000
0000
0000
0000
0000
0404
0808
1020
2040
0000
0000
0000
0000
4020
2010
0808
0404
4040
2020
1008
0804
0000
0000
0000
0000
0408
0810
2020
4040
0000
0000
0000
0000
0000
0000
0001
0102
2424
4848
9020
2040
0201
0100
0000
0000
4020
2090
4848
2424
4848
2424
1209
0904
0000
0000
0000
0080
0409
0912
2424
4848
8000
0000
0000
0000
0000
0000
0000
0000
7c40
4040
4040
4040
0000
0000
0000
0000
4040
4040
0000
0000
0000
0000
0404
0404
0000
0000
0000
0000
0404
0404
0404
047c
0000
0000
0000
0000
0000
0000
0000
0000
fc84
bca0
a0a0
a0a0
0000
0000
0000
0000
a0a0
a0e0
0000
0000
0000
0000
0e0a
0a0a
0000
0000
0000
0000
0a0a
0a0a
0a7a
427e
0000
0000
0000
0000
0000
0000
0000
0000
3c38
3030
3030
3030
0000
0000
0000
0000
3030
3030
3030
383c
7838
1818
1818
1818
0000
0000
0000
0000
1818
1818
1818
3878
0000
0000
0000
0000
0000
0101
0101
013f
0000
0000
0000
00f8
0101
0101
0100
0000
0000
0000
0000
0000
0000
0000
0000
003f
0000
0000
0000
00f8
0000
0000
0000
0000
0000
0000
0000
0000
0001
0101
013f
0101
0000
0000
00f8
0000
0101
0000
3f00
0000
0000
0000
f800
0000
0000
0010
0804
0201
0000
0010
2040
8000
0102
0408
1000
0000
0080
4020
1000
0000
0000
0103
0100
003f
0000
0080
0000
00f8
0000
0103
0100
0000
0000
0080
0000
0000
0000
0000
0000
3f00
0000
0000
0000
f800
003f
0000
0000
0000
00f8
0000
0000
0000
0000
0000
0000
3f01
0000
2040
4080
f800
013f
0204
0408
0000
00f8
0000
0000
0000
0000
0000
0106
1860
0000
1860
8000
0000
1806
0100
0000
0000
0000
8060
1800
0000
0000
300c
0300
0000
0000
0000
00c0
300c
0000
030c
3000
0000
30c0
0000
0000
0000
0000
0003
0c30
0c03
0018
e000
0000
0000
0000
003f
003f
0000
e018
00f8
00f8
0000
0030
0e01
0000
0001
0000
0080
6018
6080
0e30
003f
003f
0000
0000
00f8
00f8
0000
0000
0000
1824
4241
0000
0000
3048
8404
4224
1800
0000
0000
8448
3000
0000
0000
0000
0001
0301
0000
0000
0000
8000
0000
0000
1038
1000
0000
0000
1038
1000
0000
0000
0000
0000
0001
00fc
0c14
2444
8400
3a44
8282
8244
3800
0000
0000
0000
0000
0304
0808
0804
0301
8040
2020
2040
8000
013f
0101
0101
0100
00f8
0000
0000
0000
7088
8888
7000
0000
0000
0000
0000
0000
0000
0000
0000
0000
0000
0000
0000
0000
2060
4040
8000
0000
0000
0000
0000
0000
0000
0000
0000
0000
0000
0000
0000
0000
246c
4848
9000
0000
0000
0000
0000
0000
0000
0000
0000
0000
0000
0000
0000
0000
0030
494a
3404
0808
0000
e010
0808
0000
0808
0404
0201
0000
0000
0808
10e0
0000
007c
1008
0804
3f02
003c
1020
2040
f880
013f
0101
0101
0700
00f8
0000
0000
c000
0103
0509
0909
0503
0080
4020
2000
0080
0101
0911
1109
0701
4020
1010
1020
c000
0000
0000
0003
0408
0000
4040
40c0
a080
0808
0909
0503
0202
8080
0000
20c0
0000
0003
0408
0804
043f
0080
4020
4000
00e0
0402
021a
2625
1800
0000
0808
0890
6000
1824
4242
4224
1801
0204
0810
2040
8000
0204
0810
2040
8000
3048
8484
8448
3000
0404
0404
3f08
0808
1010
1010
fc20
2020
0808
7f10
1010
1010
2020
f840
4040
4040
0007
0808
0805
0205
0000
8080
8000
0000
0910
1010
100f
0000
0888
5020
5488
0000
0000
0101
1109
0503
0000
0000
1020
4080
0509
1101
0100
0000
4020
1000
0000
0000
0003
0c10
2122
4244
00c0
3008
a464
2424
4444
2423
100c
0300
4444
c832
0418
e000
0304
0808
0403
0408
8040
2040
0000
c020
0601
0004
0804
0300
4080
4020
2040
8000
0101
0102
0204
f860
0000
0080
8040
3e0c
1804
0809
1214
1820
3040
2020
9050
3008
0101
0103
0307
ff7f
0000
0080
80c0
fefc
1f07
0f0f
1e1c
1820
f0c0
e0e0
f070
3008
0718
2040
4080
8080
c030
0804
0402
0202
8080
8040
4020
1807
0202
0204
0408
30c0
071f
3f7f
7fff
ffff
c0f0
f8fc
fcfe
fefe
ffff
ff7f
7f3f
1f07
fefe
fefc
fcf8
f0c0
0718
2040
4788
9090
c030
0804
c422
1212
9090
8847
4020
1807
1212
22c4
0408
30c0
0102
0408
1020
4080
0080
4020
1008
0402
4020
1008
0402
0100
0408
1020
4080
0000
0000
0000
0000
0000
0101
0101
0101
0101
0000
0000
0000
0000
0101
0101
0101
0101
0000
0000
0000
0000
0000
0000
0000
0000
0000
0000
0000
0000
0000
0000
0000
0000
0000
0000
0000
0000
0000
0000
0000
0000
0000
0000
0000
0000
0000
0000
0000
0000
0000
0000
0000
0000
0000
0000
0000
0000
0000
0000
0000
0000
0000
0000
0000
0000
0000
0000
0000
0000
0000
0000
0000
0000
0000
0000
0000
0000
0000
0000
0000
0000
0000
0000
0000
0000
0000
0000
0000
0000
0000
0000
0000
0000
0000
0000
0000
0000
0000
0000
0000
0000
0000
0000
0000
0000
0000
0000
0000
0000
0000
0000
0000
0000
0000
0000
0000
0000
0000
0000
0000
0000
0000
0000
0000
0000
0000
0000
0000
0000
0000
0000
0000
0000
0000
0000
0000
0000
0000
0000
0000
0000
0000
0000
0000
0000
0000
0000
0000
0000
0000
0000
0000
0000
0000
0000
0000
0000
0000
0000
0000
0000
0000
0000
0000
0000
0000
0000
0000
0000
0000
0000
0000
0000
0000
0000
0000
0000
0000
0000
0000
0000
0000
0000
0000
0000
0000
0000
0000
0000
0000
0000
0000
0000
0000
0000
0000
0000
0000
0000
0000
0000
0000
0000
0000
0000
0000
0000
0000
0000
0000
0000
0000
0000
0000
0000
0000
0000
0000
0000
0000
0000
0000
0000
0000
0000
0000
0000
0000
0000
0000
0000
0000
0000
0000
0000
0000
0000
0000
0000
0000
0000
0000
0000
0000
0000
0000
0000
0000
0000
0000
0000
0000
0000
0000
0000
0000
0000
0000
0000
0000
0000
0000
0000
0000
0000
0000
0000
0000
0000
0000
0000
0000
0000
0000
0000
0000
0000
0000
0000
0000
0000
0000
0000
0000
0000
0000
0000
0000
0000
0000
0000
0000
0000
0000
0000
0000
0000
0000
0000
0000
0000
0000
0000
0000
0000
0000
0000
0000
0000
0000
0000
0000
0000
0000
0000
0000
0000
0000
0000
0000
0000
0000
0000
0000
0000
0000
0000
0000
0000
0000
0000
0000
0000
0000
0000
0000
0000
0000
0000
0000
0000
0000
0000
0000
0000
0000
0000
0000
0000
0000
0000
0000
0000
0000
0000
0000
0000
0000
0000
0000
0000
0000
0000
0000
0000
0000
0000
0000
0000
0000
0000
0000
0000
0000
0000
0000
0000
0000
0000
0000
0000
0000
0000
0000
0000
0000
0000
0000
0000
0000
0000
0000
0000
0000
0000
0000
0000
0000
0000
0000
0000
0000
0000
0000
0000
0000
0000
0000
0000
0000
0000
0000
0000
0000
0000
0000
0000
0000
0000
0000
0000
0000
0000
0000
0000
0000
0000
0000
0000
0000
0000
0000
0000
0000
0000
0000
0000
0000
0000
0000
0000
0000
0000
0000
0000
0000
0000
0000
0000
0000
0000
0000
0000
0000
0000
0000
0000
0000
0000
0000
0000
0000
0000
0000
0000
0000
0000
0000
0000
0000
0000
0000
0000
0000
0000
0000
0000
0000
0000
0000
0000
0000
0000
0000
0000
0000
0000
0000
0000
0000
0000
0000
0000
0000
0000
0000
0000
0000
0000
0000
0000
0000
0000
0000
0000
0000
0000
0000
0000
0000
0000
0000
0000
0000
0000
0000
0000
0000
0000
0000
0000
0000
0000
0000
0000
0000
0000
0000
0000
0000
0000
0000
0000
0000
0000
0000
0000
0000
0000
0000
0000
0000
0000
0000
0000
0103
070f
1f3f
7fff
0080
c0e0
f0f8
fcfe
ff7f
3f1f
0f07
0301
fefc
f8f0
e0c0
8000
ff80
8080
8080
8080
fe02
0202
0202
0202
8080
8080
8080
80ff
0202
0202
0202
02fe
ffff
ffff
ffff
ffff
fefe
fefe
fefe
fefe
ffff
ffff
ffff
ffff
fefe
fefe
fefe
fefe
0101
0202
0404
0808
0000
8080
4040
2020
1010
2020
4040
ff00
1010
0808
0404
fe00
0101
0303
0707
0f0f
0000
8080
c0c0
e0e0
1f1f
3f3f
7f7f
ff00
f0f0
f8f8
fcfc
fe00
00ff
4040
2020
1010
00fe
0404
0808
1010
0808
0404
0202
0101
2020
4040
8080
0000
00ff
7f7f
3f3f
1f1f
00fe
fcfc
f8f8
f0f0
0f0f
0707
0303
0101
e0e0
c0c0
8080
0000
0043
2313
0804
7271
0084
8890
2040
9c1c
7204
0813
2343
0000
9c40
2090
8884
0000
00ff
ff00
00ff
ff03
00fc
fc00
00fc
fc00
0303
0303
0303
0303
0000
0000
0000
0000
0000
0000
0000
00ff
0000
0000
1008
04fe
0000
0000
0000
0000
0408
1000
0000
0000
0000
0000
1020
40ff
0000
0000
0000
00fe
4020
1000
0000
0000
0000
0000
0000
0000
0103
0509
0101
0101
0080
4020
0000
0000
0101
0101
0101
0101
0000
0000
0000
0000
0101
0101
0101
0101
0000
0000
0000
0000
0101
0101
0905
0301
0000
0000
2040
8000
0000
0000
3f3f
0000
0000
0000
f8f8
0000
003f
3f00
0000
0000
00f8
f800
0000
0000
0000
0000
0000
0000
0000
0000
0000
0000
0000
0000
0000
0000
0000
0000
0000
0000
0000
0000
0000
0000
0000
0000
0000
0000
0000
0000
0000
0000
0000
0000
0000
0000
0000
0000
0000
0000
0000
0000
0000
0000
0000
0000
0000
0000
0000
0000
0000
0000
0000
0000
0000
0000
0000
0000
0000
0000
0000
0000
0000
0000
0000
0000
0000
0000
0000
0000
0000
0000
0000
0000
0000
0000
0000
0000
0000
0000
0000
0000
0000
0000
0000
0000
0000
0000
0000
0000
0000
0000
0000
0000
0000
0000
0000
0000
0000
0000
0000
0000
0000
0000
0000
0000
0000
0000
0000
0000
0000
0000
0000
0000
0000
0000
0000
0000
0000
0000
0000
0000
0000
0000
0000
0000
0000
0000
0000
0000
0000
0000
0000
0000
0000
0000
0000
0000
0000
0000
0000
0000
0000
0000
0000
0000
0000
0000
0000
0000
0000
0000
0000
0000
0000
0000
0000
0000
0000
0000
0000
0000
0000
0000
0000
0000
0000
0000
0000
0000
0000
0000
0000
0000
0000
0000
0000
0000
0000
0000
0000
0000
0000
0000
0000
0000
0000
0000
0000
0000
0000
0000
0000
0000
0000
0000
0000
0000
0000
0000
0000
0000
0000
0000
0000
0000
0000
0000
0000
0000
0000
0000
0000
0000
0000
0000
0000
0000
0000
0000
0000
0000
0000
0000
0000
0000
0000
0000
0000
0000
0000
0000
0000
0000
0000
0000
0000
0000
0000
0000
0000
0000
0000
0000
0000
0000
0000
0000
0000
0000
0000
0000
0000
0000
0000
0000
0000
0000
0000
0000
0000
0000
0000
0000
0000
0000
0000
0000
0000
0000
0000
0000
0000
0000
0000
0000
0000
0404
0404
0404
0000
8080
8080
8080
0404
0404
0404
0000
8080
8080
8080
0000
0102
0408
0808
0402
0000
0000
0000
0000
0100
0000
0000
0102
0080
4040
4080
0000
0000
0000
0000
ff00
0000
0000
0000
fe00
00ff
0000
0000
0000
00fe
0000
0000
0000
0000
0000
0000
00ff
0000
0000
0000
00fe
0000
0000
0000
0000
0000
0000
0000
0000
0103
0100
0000
0103
0080
0000
0000
0080
0100
0000
0103
0100
0000
0000
0080
0000
0000
0003
0300
0000
0000
0000
0000
0000
0000
0003
0300
0000
0000
0000
0000
0000
0000
0000
0000
0000
0202
0202
0202
0202
0000
0000
0000
0000
0202
0202
0202
0202
8080
8080
8080
8080
0000
0000
0000
0000
8080
8080
8080
8080
0000
0000
0000
0000
0000
0000
0000
0000
0101
0101
0101
0101
0000
0000
0000
0000
0101
0101
0101
0101
0000
0000
0000
0000
0101
0101
0101
0101
0000
0000
0000
0000
0101
0101
0101
0101
0000
0000
0000
0000
0000
0000
0000
0000
0000
0007
1820
4080
0000
00c0
3008
0402
8040
2018
0700
0000
0204
0830
c000
0000
0000
0000
0000
0000
0000
0000
0000
0000
0000
0000
0000
0000
0000
0000
0000
0000
0000
0000
3f40
4080
0000
0000
f804
0402
8040
403f
0000
0000
0204
04f8
0000
0000
0000
0000
0000
0000
0000
0000
0000
0000
0000
0000
0000
0000
0000
0000
0000
0000
0000
0000
ff80
8080
0000
0000
fe02
0202
8080
80ff
0000
0000
0202
02fe
0000
0000
0000
0000
0000
0000
0000
0000
0000
0000
0000
0000
0000
0000
0000
0000
0000
0000
0000
0001
023c
4080
0000
0000
8078
0402
8040
3c02
0100
0000
0204
7880
0000
0000
0000
0000
0000
0000
0000
0000
0000
0000
0000
0000
0000
0000
0000
0000
0000
0000
0000
0001
0618
6080
0000
0000
c030
0c02
8060
1806
0100
0000
020c
30c0
0000
0000
0000
0000
0000
0000
0000
0000
0000
0000
0000
0000
0000
0000
0000
0000
0000
0000
0106
1861
8618
6080
00c0
300c
c230
0c02
8060
1886
6118
0601
020c
30c2
0c30
c000
0000
0000
0000
0000
0000
0000
0000
0000
0000
0000
0000
0000
0000
0000
0000
0000
ff00
0000
0000
0000
fe02
0202
0202
0202
8080
8080
8080
80ff
0000
0000
0000
00fe
0000
0000
0000
0000
0000
0000
0000
0000
0000
0000
0000
0000
0000
0000
0000
0000
0000
0704
0700
0000
0000
fe02
fa0a
0a0e
e0a0
a0bf
80ff
0000
0000
00c0
40c0
0000
0000
0000
0000
0000
0000
0000
0000
0000
0000
0000
0000
0000
0000
0000
0000
0000
0000
0000
ffff
c080
0000
0000
fefe
0602
80c0
ffff
0000
0000
0206
fefe
0000
0000
0000
0000
0000
0000
0000
0000
0000
0000
0000
0000
0000
0000
0101
0101
0101
0101
0000
0000
0000
0000
0101
0101
0101
0101
0101
0101
0101
0101
0000
0000
0000
0000
0101
0101
0101
0101
0000
0000
0000
0000
0000
0000
0000
0101
0000
0000
0000
0000
0101
0000
0000
0000
0000
0000
0000
0000
0000
0000
0000
0000
0101
0101
0101
0101
0000
0000
0000
0000
0101
0101
0101
0101
0000
0000
0000
0000
0000
0000
0000
0000
0000
0000
0000
0000
0000
0000
0000
0000
0000
0000
0000
0000
0000
0000
0000
0000
0000
0000
0000
0000
0000
0000
0000
0000
0000
0000
0000
0000
0000
0000
0000
0000
0000
0000
0000
0000
0000
0000
0000
0000
0000
0000
0000
0000
0000
0000
0000
0000
0000
0000
0000
0000
0000
0000
0000
0000
0000
0000
0000
0000
0000
0000
0000
0000
0000
0000
0000
0000
0000
0000
0000
0000
0000
0000
0000
0000
0000
0000
0000
0000
0000
0000
0000
0000
0000
0000
0000
0000
0000
0000
0000
0000
0000
0000
0000
0000
0000
0000
0000
0000
0000
0000
0000
0000
0000
0000
0000
0000
0000
0000
0000
0000
0000
0000
0000
0000
0000
0000
0000
0000
0000
0000
0000
0000
0000
0000
0000
0000
0000
0000
0000
0000
0000
0000
0000
0000
0000
0000
0000
0000
0000
0000
0000
0000
0000
0000
0000
0000
0000
0000
0000
0000
0000
0000
0000
0000
0000
0000
0000
0000
0000
0000
0000
0000
0000
0000
0000
0000
0000
0000
0000
0000
0000
0000
0000
0000
0000
0000
0000
0000
0000
0000
0000
0000
0000
0000
0000
0000
0000
0000
0000
0000
0000
0000
0000
0000
0000
0000
0000
0000
0000
0000
0000
0000
0000
0000
0000
0000
0000
0000
0000
0000
0000
0000
0000
0000
0000
0000
0000
0000
0000
0000
0000
0000
0000
0000
0000
0000
0000
0000
0000
0000
0000
0000
0000
0000
0000
0000
0000
0000
0000
0000
0000
0000
0000
0000
0000
0000
0000
0000
0000
0000
0000
0000
0000
0000
0000
0000
0000
0000
0000
0000
0000
0000
0000
0000
0000
0000
0000
0000
0000
0000
0000
0000
0000
0000
0000
0000
0000
0000
0000
0000
0000
0000
0000
0000
0000
0000
0000
0000
0000
0000
0000
0000
0000
0000
0000
0000
0000
0000
0000
0000
0000
0000
0000
0000
0000
0000
0000
0000
0000
0000
0000
0000
0000
0000
0000
0000
0000
0000
0000
0000
0000
0000
0000
0000
0000
0000
0000
0000
0000
0000
0000
0000
0000
0000
0000
0000
0000
0000
0000
0000
0000
0000
0000
0000
0000
0000
0000
0000
0000
0000
0000
0000
0000
0000
0000
0000
0000
0000
0000
0000
0000
0000
0000
0000
0000
0000
0000
0000
0000
0000
0000
0000
0000
0000
0000
0000
0000
0000
0000
0000
0000
0000
0000
0000
0000
0000
0000
0000
0000
0000
0000
0000
0000
0000
0000
0000
0000
0000
0000
0000
0000
0000
0000
0000
0000
0000
0000
0000
0000
0000
0000
0000
0000
0000
0000
0000
0000
0000
0000
0000
0000
0000
0000
0000
0000
0000
0000
0000
0000
0000
0000
0000
0000
0000
0000
0000
0000
0000
0000
0000
0000
0000
0000
0000
0000
0000
0000
0000
0000
0000
0000
0000
0000
0000
0000
0000
0000
0000
0000
0000
0000
0000
0000
0000
0000
0000
0000
0000
0000
0000
0000
0000
0000
0000
0000
0000
0000
0000
0000
0000
0000
0000
0000
0000
0000
0000
0000
0000
0000
0000
0000
0000
0000
0000
0000
0000
0000
0000
0000
0000
0000
0000
0000
0000
0000
0000
0000
0000
0000
0000
0000
0000
0000
0000
0000
0000
0000
0000
0000
0000
0000
0000
0000
0000
0000
0000
0000
0000
0000
0000
0000
0000
0000
0000
0000
0000
0000
0000
0000
0000
0000
0000
0000
0000
0000
0000
0000
0000
0000
0000
0000
0000
0000
0000
0000
0000
0000
0000
0000
0000
0000
0000
0000
0000
0000
0000
0000
0000
0000
0000
0000
0000
0000
0000
0000
0000
0000
0000
0000
0000
0000
0000
0000
0000
0000
0000
0000
0000
0000
0000
0000
0000
0000
0000
0000
0000
0000
0000
0000
0000
0000
0000
0000
0000
0000
0000
0000
0000
0000
0000
0000
0000
0000
0000
0000
0000
0000
0000
0000
0000
0000
0000
0000
0000
0000
0000
0000
0000
0000
0000
0000
0000
0000
0000
0000
0000
0000
0000
0000
0000
0000
0000
0000
0000
0000
0000
0000
0000
0000
0000
0000
0000
0000
0000
0000
0000
0000
0000
0000
0000
0000
0000
0000
0000
0000
0000
0000
0000
0000
0000
0000
0000
0000
0000
0000
0000
0000
0000
0000
0000
0000
0000
0000
0000
0000
0000
0000
0000
0000
0000
0000
0000
0000
0000
0000
0000
0000
0000
0000
0000
0000
0000
0000
0000
0000
0000
0000
0000
0000
0000
0000
0000
0000
0000
0000
0000
0000
0000
0000
0000
0000
0000
0000
0000
0000
0000
0000
0000
0000
0000
0000
0000
0000
0000
0000
0000
0000
0000
0000
0000
0000
0000
0000
0000
0000
0000
0000
0000
0000
0000
0000
0000
0000
0000
0000
0000
0000
0000
0000
0000
0000
0000
0000
0000
0000
0000
0000
0000
0000
0000
0000
0000
0000
0000
0000
0000
0000
0000
0000
0000
0000
0000
0000
0000
0000
0000
0000
0000
0000
0000
0000
0000
0000
0000
0000
0000
0000
0000
0000
0000
0000
0000
0000
0000
0000
0000
0000
0000
0000
0000
0000
0000
0000
0000
0000
0000
0000
0000
0000
0000
0000
0000
0000
0000
0000
0000
0000
0000
0000
0000
0000
0000
0000
0000
0000
0000
0000
0000
0000
0000
0000
0000
0000
0000
0000
0000
0000
0000
0000
0000
0000
0000
0000
0000
0000
0000
0000
0000
0000
0000
0000
0000
0000
0000
0000
0000
0000
0000
0000
0000
0000
0000
0000
0000
0000
0000
0000
0000
0000
0000
0000
0000
0000
0000
0000
0000
0000
0000
0000
0000
0000
0000
0000
0000
0000
0000
0000
0000
0000
0000
0000
0000
0000
0000
0000
0000
0000
0000
0000
0000
0000
0000
0000
0000
0000
0000
0000
0000
0000
0000
0000
0000
0000
0000
0000
0000
0000
0000
0000
0000
0000
0000
0000
0000
0000
0000
0000
0000
0000
0000
0000
0000
0000
0000
0000
0000
0000
0000
0000
0000
0000
0000
0000
0000
0000
0000
0000
0000
0000
0000
0000
0000
0000
0000
0000
0000
0000
0000
0000
0000
0000
0000
0000
0000
0000
0000
0000
0000
0000
0000
0000
0000
0000
0000
0000
0000
0000
0000
0000
0000
0000
0000
0000
0000
0000
0000
0000
0000
0000
0000
0000
0000
0000
0000
0000
0000
0000
0000
0000
0000
0000
0000
0000
0000
0000
0000
0000
0000
0000
0000
0000
0000
0000
0000
0000
0000
0000
0000
0000
0000
001f
2040
4040
4040
0000
8040
4040
4040
4040
4040
4020
1f00
4040
4040
448e
0400
0002
060a
0202
0202
0000
0000
0000
0000
0202
0202
0202
0f00
0000
0000
040e
8400
000f
1020
2000
0000
0080
4020
2020
4080
0304
0810
2020
3f00
0000
0000
042e
e400
000f
1020
0000
0001
0080
4020
2020
4080
0000
0000
2010
0f00
4020
2020
244e
8400
0001
0305
0509
0911
0000
0000
0000
0000
2121
417f
0101
0700
0000
00e0
040e
c400
003f
2020
2020
2f30
00c0
0000
0000
8040
2000
0000
2010
0f00
2020
2020
244e
8400
000f
1020
2020
2f30
0080
4020
0000
8040
2020
2020
2010
0f00
2020
2020
244e
8400
003f
2020
2000
0000
00e0
2020
4040
8080
0101
0102
0202
0200
0000
0000
081c
0800
000f
1020
2020
100f
0080
4020
2020
4080
1020
2020
2010
0f00
4020
2020
244e
8400
000f
1020
2020
2020
0080
4020
2020
2020
100f
0000
2010
0f00
60a0
2020
244e
8400
0000
0000
0000
0000
0000
0000
0000
0000
0000
0000
0000
0000
0000
0000
0000
0000
0000
0000
0000
0000
0000
0000
0000
0000
0000
0000
0000
0000
0000
0000
0000
0000
0000
0000
0000
0000
0000
0000
0000
0000
0000
0000
0000
0000
0000
0000
0000
0000
0000
0000
0000
0000
0000
0000
0000
0000
0000
0000
0000
0000
0000
0000
0000
0000
0000
0000
0000
0000
0000
0000
0000
0000
0000
0000
0000
0000
0000
0000
0000
0000
0007
0810
1010
1010
00c0
2010
1010
1010
1010
1010
1008
0700
1010
1010
1020
c000
0001
0305
0101
0101
0000
0000
0000
0000
0101
0101
0101
0700
0000
0000
0000
c000
0007
0810
1000
0000
00c0
2010
1010
2040
0102
0408
1010
1f00
8000
0000
0010
f000
0007
0810
0000
0001
00c0
2010
1010
20c0
0000
0000
1008
0700
2010
1010
1020
c000
0000
0102
0204
0408
0080
8080
8080
8080
1010
203f
0000
0300
8080
80f0
8080
e000
001f
1010
1010
1718
00e0
0000
0000
c020
1000
0000
1008
0700
1010
1010
1020
c000
0007
0810
1010
1718
00c0
2010
0000
c020
1010
1010
1008
0700
1010
1010
1020
c000
001f
1010
1000
0000
00f0
1010
2020
4040
0000
0001
0101
0100
8080
8000
0000
0000
0007
0810
1010
0807
00c0
2010
1010
20c0
0810
1010
1008
0700
2010
1010
1020
c000
0007
0810
1010
1010
00c0
2010
1010
1010
0807
0000
1008
0700
30d0
1010
1020
c000
0000
000f
1020
203f
0000
00f8
0000
00f8
2020
100f
0000
0000
0000
00f8
0000
0000
0000
003f
0000
003f
0000
00e0
1008
08f8
0000
003f
0000
0000
0808
10e0
0000
0000
0000
0f10
2020
2020
0000
f800
0000
0000
100f
0000
3f00
0000
00f8
0000
f800
0000
0000
3f00
0000
0000
0000
e010
0808
0808
003f
0000
3f00
0000
10e0
0000
f800
0000
0000
000f
1020
2020
0000
00f8
0000
0000
2020
100f
0000
0000
0000
00f8
0000
0000
0000
003f
0000
0000
0000
00e0
1008
0808
0000
003f
0000
0000
0808
10e0
0000
0000
0000
0000
0000
0000
0000
0000
0000
0000
0000
0000
0000
0000
0000
0000
0000
0000
0001
0102
0204
0404
0000
0080
8040
4040
080f
0810
1078
0000
20e0
2010
103c
0000
003f
0808
0808
080f
00c0
2010
1010
20c0
0808
0808
083f
0000
2010
1010
20c0
0000
0003
0408
0810
1010
00d0
3010
0000
0000
1010
0808
0403
0000
0000
0808
10e0
0000
003f
0808
0808
0808
00c0
2010
1008
0808
0808
0808
083f
0000
0808
1010
20c0
0000
003f
0808
0808
080f
00f0
1008
0040
40c0
0808
0808
083f
0000
4040
0008
10f0
0000
003f
0808
0808
080f
00f0
1008
0040
40c0
0808
0808
083e
0000
4040
0000
0000
0000
0007
0810
1020
2020
00e0
2010
0000
0000
2020
1010
0807
0000
f820
2020
60a0
0000
003e
0808
0808
080f
007c
1010
1010
10f0
0808
0808
083e
0000
1010
1010
107c
0000
0007
0101
0101
0101
00c0
0000
0000
0000
0101
0101
0107
0000
0000
0000
00c0
0000
0001
0000
0000
0000
00f0
4040
4040
4040
0000
000c
0807
0000
4040
4040
4080
0000
007c
1010
1011
1215
0078
2040
8000
0000
1910
1010
107c
0000
0080
4040
2078
0000
003e
0808
0808
0808
0000
0000
0000
0000
0808
0808
083f
0000
0000
0008
10f0
0000
00f0
3028
2828
2424
001e
1828
2828
4848
2422
2222
21f9
0000
4888
8888
083e
0000
0078
1814
1412
1211
007c
1010
1010
1010
1010
1010
107c
0000
9090
5050
3010
0000
0007
0810
1020
2020
00c0
2010
1008
0808
2020
1010
0807
0000
0808
1010
20c0
0000
003f
0808
0808
080f
00c0
2010
1010
20c0
0808
0808
083e
0000
0000
0000
0000
0000
0007
0810
1020
2020
00c0
2010
1008
0808
2023
1418
0807
0000
0888
5020
60a0
1408
003f
0808
0808
080f
00c0
2010
1010
20c0
0908
0808
083e
0000
0080
4040
2038
0000
0007
0810
1010
0c03
00a0
6020
0000
0080
0000
1010
1817
0000
6010
1010
20c0
0000
001f
1121
2101
0101
00f0
1008
0800
0000
0101
0101
0107
0000
0000
0000
00c0
0000
007c
1010
1010
1010
007c
1010
1010
1010
1010
1010
0807
0000
1010
1010
20c0
0000
007c
1010
0808
0804
007c
1010
2020
2040
0404
0202
0101
0000
4040
8080
0000
0000
00e3
4141
4122
2222
008e
0404
0488
8888
1414
1408
0808
0000
5050
5020
2020
0000
003c
0804
0402
0101
0078
2040
4080
0000
0202
0404
083c
0000
8080
4040
2078
0000
007c
1008
0804
0402
007c
1020
2040
4080
0101
0101
0107
0000
0000
0000
00c0
0000
000f
0810
0000
0101
00f0
2040
4080
0000
0204
0808
103f
0000
0000
1010
20e0
0000
0000
0000
0000
0000
0101
0101
0101
0101
0000
0000
0000
0000
0101
0101
0101
0101
0000
0000
0000
0000
0101
0101
0101
0101
0000
0000
0000
0000
0101
0101
0101
0101
0000
0000
0000
0000
0101
0101
0101
0101
0000
0000
0000
0000
0101
0101
0101
0101
0000
0000
0000
0000
0101
0101
0101
0101
0000
0000
0000
0000
0101
0101
0101
0101
0000
0000
0000
0000
0101
0101
0101
0101
0000
0000
0000
0000
0101
0101
0101
0101
0000
0000
0000
0000
0101
0101
0101
0101
0000
0000
0000
0000
0101
0101
0101
0101
0000
0000
0003
0408
0000
0000
0080
4040
0106
0808
0807
0000
c040
4040
c060
0000
000c
0404
0405
0604
0000
0000
00c0
2010
0404
0404
0605
0000
1010
1010
20c0
0000
0000
0000
0003
0408
0000
0000
0080
4020
0808
0808
0403
0000
0000
0020
4080
0000
0001
0000
0007
0810
00c0
4040
4040
c040
1010
1010
0807
0000
4040
4040
c060
0000
0000
0000
0003
0408
0000
0000
0080
4020
080f
0808
0403
0000
20e0
0000
20c0
0000
0000
0102
020f
0202
0080
4000
0080
0000
0202
0202
020f
0000
0000
0000
0080
0000
0000
0000
0007
0810
0000
0000
0020
d040
0807
0807
0810
0807
8000
0080
4020
20c0
000c
0404
0405
0604
0000
0000
0080
4020
0404
0404
040e
0000
2020
2020
2070
0000
0001
0100
0003
0101
0000
0000
0000
0000
0101
0101
0103
0000
0000
0000
0080
0000
0000
0000
0001
0000
0080
8000
0080
8080
0000
0000
0000
0403
8080
8080
8080
8000
0018
0808
0808
0808
0000
0000
00e0
4080
090a
0d08
081c
0000
0000
0080
4070
0000
0003
0101
0101
0101
0000
0000
0000
0000
0101
0101
0103
0000
0000
0000
0080
0000
0000
0000
006c
3221
0000
0000
0060
9008
2121
2121
2173
0000
0808
0808
089c
0000
0000
0000
001b
0c08
0000
0000
0080
4020
0808
0808
081c
0000
2020
2020
2070
0000
0000
0000
0003
0408
0000
0000
0080
4020
0808
0808
0403
0000
2020
2020
4080
0000
0000
0000
000d
0604
0000
0000
00c0
2010
0404
0404
0605
040e
1010
1010
20c0
0000
0000
0000
0007
0810
0000
0000
0040
c040
1010
1010
0807
0000
4040
4040
c040
40e0
0000
0000
0006
0203
0000
0000
0060
9000
0202
0202
0207
0000
0000
0000
0080
0000
0000
0000
0007
0808
0000
0000
00c0
2000
0403
0008
0807
0000
0080
4020
20c0
0000
0001
0101
0107
0101
0000
0000
00c0
0000
0101
0101
0100
0000
0000
0000
20c0
0000
0000
0000
0018
0808
0000
0000
00e0
2020
0808
0808
0403
0000
2020
2020
60b0
0000
0000
0000
001c
0808
0000
0000
0070
2020
0404
0202
0101
0000
4040
8080
0000
0000
0000
0000
0073
2122
0000
0000
009c
0888
1214
1414
0808
0000
9050
5050
2020
0000
0000
0000
001c
0804
0000
0000
0070
2040
0201
0204
081c
0000
8000
8040
2070
0000
0000
0000
001c
0808
0000
0000
0070
2020
0404
0202
0101
120c
4040
8080
0000
0000
0000
0000
000f
0810
0000
0000
00e0
4080
0102
0204
081f
0000
0000
0020
40c0
0000
0000
0000
0000
0000
0101
0101
0101
0101
0000
0000
0000
0000
0101
0101
0101
0101
0000
0000
0000
0000
0101
0101
0101
0101
0000
0000
0000
0000
0101
0101
0101
0101
0000
0000
0000
0000
0101
0101
0101
0101
0000
0000
0000
0000
0101
0101
0101
0101
0000
0000
0000
0000
0101
0101
0101
0101
0000
0000
0000
0000
0101
0101
0101
0101
0000
0000
0000
0000
0101
0101
0101
0101
0000
0000
0000
0000
0101
0101
0101
0101
0000
0000
0000
0000
0000
0000
0000
0000
0000
0000
0000
0000
0000
0000
0000
0000
0000
0000
0000
0000
0000
0000
0000
0000
0000
0000
0000
0000
0000
0000
0000
0000
0000
0000
0000
0000
0000
0000
0000
0000
0000
0000
0000
0000
0000
0000
0000
0000
0000
0000
0000
0000
0000
0000
0000
0000
0000
0000
0000
0000
0000
0000
0000
0000
0000
0000
0000
0000
0000
0000
0000
0000
0000
0000
0000
0000
0000
0000
0000
0000
0000
0000
0000
0000
0000
0000
0000
0000
0000
0000
0000
0000
0000
0000
0000
0000
0000
0000
0000
0000
0000
0000
0000
0000
0000
0000
0000
0000
0000
0000
0000
0000
0000
0000
0000
0000
0000
0000
0000
0000
0000
0000
0000
0000
0000
0000
0000
0000
0000
0000
0000
0000
0000
0000
0000
0000
0000
0000
0000
0000
0000
0000
0000
0000
0000
0000
0000
0000
0000
0000
0000
0000
0000
0000
0000
0000
0000
0000
0000
0000
0000
0000
0000
0000
0000
0000
0000
0000
0000
0000
0000
0000
0000
0000
0000
0000
0000
0000
0000
0000
0000
0000
0000
0000
0000
0000
0000
0000
0000
0000
0000
0000
0000
0000
0000
0000
0000
0000
0000
0000
0000
0000
0000
0000
0000
0000
0000
0000
0000
0000
0000
0000
0000
0000
0000
0000
0000
0000
0000
0000
0000
0000
0000
0000
0000
0000
0000
0000
0000
0000
0000
0000
0000
0000
0000
0000
0000
0000
0000
0000
0000
0000
0000
0000
0000
0000
0000
0000
0000
0000
0000
0000
0000
0000
0000
0000
0000
0000
0000
0000
0000
0000
0000
0000
0000
0000
0000
0000
0000
0000
0000
0000
0000
0000
0000
0000
0000
0000
0000
0000
0000
0000
0000
0000
0000
0000
0000
0000
0000
0000
0000
0000
0000
0000
0000
0000
0000
0000
0000
0000
0000
0000
0000
0000
0000
0000
0000
0000
0000
0000
0000
0000
0000
0000
0000
0000
0000
0000
0000
0000
0000
0000
0000
0000
0000
0000
0000
0000
0000
0000
0000
0000
0000
0000
0000
0000
0000
0000
0000
0000
0000
0000
0000
0000
0000
0000
0000
0000
0000
0000
0000
0000
0000
0000
0000
0000
0000
0000
0000
0000
0000
0000
0000
0000
0000
0000
0000
0000
0000
0000
0000
0000
0000
0000
0000
0000
0000
0000
0000
0000
0000
0000
0000
0000
0000
0000
0000
0000
0000
0000
0000
0000
0000
0000
0000
0000
0000
0000
0000
0000
0000
0000
0000
0000
0000
0000
0000
0000
0000
0000
0000
0000
0000
0000
0000
0000
0000
0000
0000
0000
0000
0000
0000
0000
0000
0000
0000
0000
0000
0000
0000
0000
0000
0000
0000
0000
0000
0000
0000
0000
0000
0000
0000
0000
0000
0000
0000
0000
0000
0000
0000
0000
0000
0000
0000
0000
0000
0000
0000
0000
0000
0000
0000
0000
0000
0000
0000
0000
0000
0000
0000
0000
0000
0000
0000
0000
0000
0000
0000
0000
0000
0000
0000
0000
0000
0000
0000
0000
0000
0000
0000
0000
0000
0000
0000
0000
0000
0000
0000
0000
0000
0000
0000
0000
0000
0000
0000
0000
0000
0000
0000
0000
0000
0000
0000
0000
0000
0000
0000
0000
0000
0000
0000
0000
0000
0000
0000
0000
0000
0000
0002
020f
0000
0000
0000
00c0
0203
060a
1112
0c00
00c0
a090
1090
20c0
0402
0222
1f04
070c
0000
30c0
0000
c0b0
1423
4246
4a38
0100
8808
0808
0810
e000
0000
0000
0000
0010
0000
0000
0000
0000
1010
1010
080a
0400
2020
1010
1000
0000
0000
4020
2020
4040
0000
0000
3008
0804
4444
2828
3018
0000
0404
0000
0000
0000
0000
0000
0002
0100
0000
0000
0000
8000
030c
0000
0000
0003
c020
2020
4040
8000
0403
0001
0011
1e08
00c0
8000
00c0
2010
0000
0000
0000
0003
1010
1020
2040
8000
0000
0000
0000
0300
0000
0000
0000
8000
030c
0103
0408
1000
c080
0000
8080
f000
0403
0000
0027
3801
00c0
8000
80c0
8000
0204
0f10
6040
0000
0000
0080
8080
7c00
0000
0000
0000
0202
0000
0000
0000
0020
1f02
070a
121a
0602
9000
c020
1090
6000
0c04
0404
473c
0404
0000
0030
0804
0060
0506
0c34
650c
0400
9008
0808
10e0
0000
0402
0204
0758
6808
0000
0000
00b0
8884
0810
1020
2543
4200
8482
8280
0000
0000
0402
0204
0758
6808
0004
0208
04b0
8884
0810
1020
2543
4200
8482
8280
0000
0000
0602
0211
0f01
201f
0000
0060
8000
b0c0
0000
0f10
1018
0f00
4020
e030
0000
e000
0602
0211
0f01
201f
0402
0864
8000
b0c0
0000
0f10
1018
0f00
4020
e030
0000
e000
0000
0001
0204
0808
8040
8000
0000
0000
0804
0201
0000
0000
0000
0000
8080
4040
0000
0001
0204
0808
8040
9008
4820
2000
0804
0201
0000
0000
0000
0000
8080
4040
0000
4020
2020
4340
4020
2020
2438
e020
4050
5060
2020
0003
2020
2020
2040
8000
0000
4020
2020
4740
8452
4840
4478
c040
4050
5060
2020
0106
4040
4040
4080
0000
0000
0807
0001
0000
0000
00e0
8000
0000
0020
2020
100f
0000
0000
0000
10f8
0000
0000
100f
0102
0000
0824
10c0
0000
0000
0020
2020
100f
0000
0000
0000
10f8
0000
0003
0101
211f
0000
0000
0018
6080
4040
000f
1010
1008
0700
20f0
1000
0000
e000
0006
0202
423f
0000
0412
0820
c000
8080
001f
2020
2010
0f00
40e0
2000
0000
c000
100c
0808
0808
0808
0000
0000
0000
0000
0808
0808
0804
0300
0004
0408
1060
8000
100c
0808
0808
0808
0000
1048
2820
0000
0808
0808
0804
0300
0004
0408
1060
8000
0100
0083
7c00
0708
8080
80fe
8080
8080
0809
0600
0101
020c
8080
8080
0000
0000
0100
0083
7c00
0708
a492
80fe
8080
8080
0809
0600
0101
020c
8080
8080
0000
0000
0000
1008
0808
8f78
0040
2020
203e
c040
0808
0808
0808
0700
4040
c040
0000
f000
0000
1008
0808
8f78
0442
2824
203e
c040
0808
0808
0808
0700
4040
c040
0000
f000
0009
0600
0102
040f
00c0
6080
0000
7c80
7142
0202
0201
0000
0000
0000
0080
7000
0009
0600
0102
040f
04c2
6884
0000
7c80
7142
0202
0201
0000
0000
0000
0080
7000
000c
0404
0778
0808
0000
0000
0078
9020
1010
1121
2140
4000
0000
0000
00fc
0000
000c
0404
0778
0808
0412
0808
0078
9020
1010
1121
2140
4000
0000
0000
00fc
0000
0602
0223
1c04
0404
0000
30c0
0000
0070
090e
0800
0000
0300
8804
0404
0810
e000
0602
0223
1c04
0404
0004
6288
0400
0070
090e
0800
0000
0300
8804
0404
0810
e000
0000
0000
0000
0000
0000
0000
0000
0000
033c
0000
0000
0106
e010
1010
2040
8000
0000
0000
018e
7000
0000
0000
f008
0404
0000
0000
0003
0000
0404
0408
30c0
0000
0000
0000
018e
7000
0412
0800
f008
0404
0000
0000
0003
0000
0404
0408
30c0
0000
0000
018e
7001
0202
0000
fc60
8000
0000
0404
0404
0201
0000
0000
0000
00f0
0000
0000
018e
7001
0202
0000
fc60
8804
2010
0404
0404
0201
0000
0000
0000
00f0
0000
0006
0202
0202
0103
0000
0000
0000
7080
0c10
2020
2010
0f00
0000
0000
0018
e000
0006
0202
0202
0103
0008
2410
0000
7080
0c10
2020
2010
0f00
0000
0000
0018
e000
0404
080e
7810
1010
0000
700c
1440
4040
1020
2021
0202
0100
2020
20f0
2824
c000
0000
4022
2120
2040
0000
0078
8000
0000
4042
5252
6120
2000
0000
0000
00fc
0000
0001
2020
1315
1932
0080
8080
f008
0404
4a4c
444a
4830
0000
0404
6898
8c72
0000
0018
0808
0c79
0a1c
0000
0070
8808
0808
1828
2849
4918
0800
0808
e818
08f4
0000
0000
0709
1121
2242
0000
e010
0808
0404
4244
4448
3001
0000
0404
0808
30c0
0000
0000
4020
2423
2040
0060
2020
2cf0
2020
4040
5051
6222
2100
2020
20e0
3824
c000
0000
4020
2423
2040
0a6a
2020
2cf0
2020
4040
5051
6222
2100
2020
20e0
3824
c000
0000
4020
2423
2040
0e6a
2e20
2cf0
2020
4040
5051
6222
2100
2020
20e0
3824
c000
0000
1e64
0810
1020
0040
4040
2030
3028
2020
2020
2010
0f00
2420
2020
4080
0000
0000
1e64
0810
1020
0452
4848
2030
3028
2020
2020
2010
0f00
2420
2020
4080
0000
0000
1e64
0810
1020
004e
4a4e
2030
3028
2020
2020
2010
0f00
2420
2020
4080
0000
0002
0100
0304
0404
0000
00c0
0000
0000
0201
0810
a047
0000
4030
8884
8400
0000
0002
0100
0304
0404
0000
00cc
0218
0400
0201
0810
a047
0000
4030
8884
8400
0000
0002
0100
0304
0404
0000
00dc
141c
0000
0201
0810
a047
0000
4030
8884
8400
0000
0000
0000
0609
10a0
0000
0000
0000
8040
4000
0000
0000
0000
2018
0600
0000
0000
0000
0000
0609
10a0
0000
0018
0410
8840
4000
0000
0000
0000
2018
0600
0000
0000
0000
0000
0609
10a0
0000
001c
141c
8040
4000
0000
0000
0000
2018
0600
0000
0000
0000
4120
2020
2443
0018
e020
2020
3ce0
4040
5051
6222
2100
2020
20e0
3028
c400
0000
4120
2020
2443
0412
e024
2220
78a0
4040
5051
6222
2100
2020
20e0
3028
c400
0000
4120
2020
2443
0e1a
ee20
2020
7ca0
4040
5051
6222
2100
2020
20e0
3028
c400
0301
0141
3f01
0911
0000
0030
c000
0030
0f01
010f
1111
0e00
c000
0000
c020
1000
0003
1c01
0202
041f
0080
8000
0030
1090
2448
4830
0000
0300
7018
2420
4080
0000
0c04
0407
7808
0838
0000
0018
0402
0200
4848
5030
1010
0f00
0010
1010
1030
c000
0000
6010
1315
1929
8040
4080
e010
0804
4a46
444a
3000
0000
0404
0408
10e0
0000
0602
0202
1f04
0c04
0000
0000
0000
0040
2424
1f04
0404
0300
2010
0808
0808
f000
0000
0000
0211
110e
0000
0000
0000
e090
1828
0405
0404
0400
9010
1020
c000
0000
0003
0810
110a
9c68
0000
8070
8804
0404
0504
0202
0101
0100
08f0
0000
0000
0000
0000
0000
0010
1112
0000
0000
8080
e090
1418
1012
1100
0102
8888
8890
e080
0000
0001
0040
2122
2448
0080
4070
c844
4444
4852
5221
2000
0700
4444
48f0
4080
0000
0000
0000
0101
0101
0000
0000
0000
00e0
0101
010f
1111
0e00
0000
0000
c030
0000
0003
0101
0101
0101
0000
0000
10e0
0000
0101
013f
4121
1e00
0000
0000
c030
0800
0403
0001
0008
0810
0080
c000
0000
00e0
1314
1810
0000
0300
1008
0808
1060
8000
0010
0809
0a12
1214
0000
00c0
2010
1010
1414
0808
0000
0106
1010
1020
2040
8000
0001
0e00
0001
0204
00c0
2040
8000
00e0
0f18
3023
0404
0300
1008
0808
8810
e000
1008
080c
196a
0c18
0000
00e0
1010
1010
1828
2848
4818
0800
1020
2022
2418
0000
0001
0e00
0102
0409
00c0
4080
0000
00e0
0e10
2020
0000
0100
1008
0808
0830
c000
0000
0000
0000
0404
0000
0000
0000
0000
1d06
0c14
2404
0c04
c020
1010
1020
4000
0008
0404
0618
6b0c
0000
0000
00f0
0804
1818
2848
4818
0800
0404
0408
10e0
0000
0003
0c00
0101
010e
0080
c080
0000
f008
1224
2449
4a32
0100
0404
0484
4810
e000
0003
0c01
0207
0810
0080
8000
00e0
1010
1705
0708
3462
0100
10e0
0030
4884
0000
0201
023f
0408
131c
0000
6080
0000
048c
2041
0204
0808
0700
f080
8080
0000
f000
0003
0102
0204
0408
0000
0000
0000
0000
0b1c
1020
6040
0000
0084
8484
8870
0000
0403
0001
0011
1e08
00c4
9208
00c0
2010
0000
0000
0000
0003
1010
1020
2040
8000
0000
0000
0000
0000
0101
0101
0101
0101
0000
0000
0000
0000
0101
0101
0101
0101
0000
0000
0000
0000
0101
0101
0101
0101
0000
0000
0000
0000
0101
0101
0101
0101
0000
0000
0000
0000
0101
0101
0101
0101
0000
0000
0000
0000
0101
0101
0101
0101
0000
0000
0000
0000
0101
0101
0101
0101
0000
0000
0000
0000
0101
0101
0101
0101
0000
0000
0000
0000
0101
0101
0101
0101
0000
0000
0000
0000
0101
0101
0101
0101
0000
0000
0000
0000
0101
0101
0101
0101
0000
0000
0000
0000
0101
0101
0101
0101
0000
0000
0000
0000
0101
0101
0101
0101
0000
0000
0000
0000
0101
0101
0101
0101
0000
0000
0000
0000
0101
0101
0101
0101
0000
0000
0000
0000
0101
0101
0101
0101
0000
0000
0000
0000
0101
0101
0101
0101
0000
0000
0000
0000
0101
0101
0101
0101
0000
0000
0000
0000
0101
0101
0101
0101
0000
0000
0000
0000
0101
0101
0101
0101
0000
0000
0000
0000
0101
0101
0101
0101
0000
0000
0000
0000
0101
0101
0101
0101
0000
0000
0000
0000
1008
0c06
0600
0000
0000
0000
0000
0000
0000
0000
0000
0000
0000
0000
0000
0000
1c22
2222
1c00
0000
0000
0000
0000
0000
0000
0000
0000
0000
0000
0000
0000
0000
0606
0204
0000
0000
0000
0000
0000
0000
0000
0000
0000
0000
0000
0000
0000
0000
0006
0600
0000
0000
0000
0000
0000
0000
0000
0000
0000
0000
0002
0101
0101
0101
0000
0000
0000
0000
0101
0101
0101
0100
0000
0000
0000
0000
0000
0000
0100
0000
0000
4040
f840
78d4
0102
0201
0000
0000
5222
5284
1800
0000
0000
0000
0202
0202
0000
0000
0004
0402
0202
0101
0000
0000
0202
0040
8000
0000
0000
0000
0000
0000
0000
2018
003c
c202
0000
0000
0000
0000
0204
0408
3000
0000
0000
0000
0000
0001
0000
0040
3000
7890
0000
0001
0200
0000
2060
9010
1e00
0000
0000
0000
0003
0000
0000
0040
44f2
40f8
0102
0300
0000
0000
4442
52cc
4000
0000
0000
0000
0202
0103
0000
0040
203c
d202
0500
0000
0000
0000
02a4
9880
8000
0000
0000
0004
0404
0506
0000
2020
78a4
2222
0404
0000
0000
0000
a478
2040
8000
0000
0000
0000
0000
0000
0000
1010
101e
1010
0000
0101
0000
0000
10f0
1c12
e000
0000
0000
0000
0000
0700
0000
0000
007c
8202
0000
0000
0000
0000
0204
0830
c000
0000
0000
0000
0003
0001
0000
0080
80b8
c482
0204
0001
0000
0000
8282
8488
8000
0000
0000
0003
0000
0000
0000
00fe
0428
3020
0000
0100
0000
0000
2040
8000
0000
0000
0000
0000
0000
0000
0000
0204
0818
2848
0000
0000
0000
0000
8808
0808
0000
0000
0000
0000
0101
0100
0000
2020
fe02
0204
0000
0000
0000
0000
0408
1060
0000
0000
0000
0000
0100
0000
0000
0000
fc20
2020
0000
0300
0000
0000
2020
fe00
0000
0000
0000
0000
0003
0000
0000
0010
10fe
3050
0001
0000
0000
0000
9010
1030
0000
0000
0000
0000
0003
0000
0000
4040
5ee2
4448
0000
0000
0000
0000
4020
2020
0000
0000
0000
0000
0001
0000
0000
0000
00f8
0808
0000
0300
0000
0000
0808
fe00
0000
0000
0000
0000
0000
0000
0000
fe02
0202
fe02
0000
0000
0000
0000
0202
fe00
0000
0000
0000
0000
0100
0000
0000
0022
1292
8204
0000
0000
0000
0000
0408
30c0
0000
0000
0000
0003
0202
0000
0000
00fe
0202
0202
0000
0000
0000
0000
0404
0830
0000
0000
0000
0000
0100
0000
0000
2020
fe22
2242
0000
0102
0000
0000
4284
0418
0000
0000
0001
0102
0304
0800
0000
0000
fe10
1010
0000
0000
0000
0000
2020
4080
0000
0000
0000
0000
0000
0000
0101
0101
0101
0101
0000
0000
0000
0000
0101
0101
0101
0101
0000
0000
0000
0000
0101
0101
0101
0101
0000
0000
0000
0000
0101
0101
0101
0101
0000
0000
0000
0000
0101
0101
0101
0101
0000
0000
0000
0000
0101
0101
0101
0101
0000
0000
0000
0000
0101
0101
0101
0101
0000
0000
0000
0000
0101
0101
0101
0101
0000
0000
0000
0000
0101
0101
0101
0101
0000
0000
0000
0000
0101
0101
0101
0101
0000
0000
0000
0000
0000
0000
0000
0000
0000
0000
0000
0000
0000
0000
0000
0000
0000
0000
0000
001f
0000
0000
0000
00f0
0001
0101
0102
0c00
2040
8000
0000
0000
0000
0003
3c00
0201
0000
00f8
1020
c000
0101
0102
0204
0800
0000
0000
0000
0000
0000
0000
0000
0000
0000
0000
0000
4080
0103
0509
1101
0101
0000
0000
0000
0000
0000
0000
0001
0305
0040
6040
8000
0000
0931
0101
0101
0100
0000
0000
0000
0000
0000
0000
0000
0101
0000
0000
0000
0000
0f08
0800
0000
0003
f010
1020
2040
8000
0000
0301
013e
1010
0000
0000
f010
1010
1010
0000
0001
0e00
2020
4040
8000
0000
0000
0000
0000
0000
0000
0000
0000
0000
0f01
0101
0101
1f00
e000
0000
0000
f000
0000
0000
001f
0101
0000
0000
f000
0000
0101
0143
3c00
0000
0000
00f8
0400
0000
0000
0000
0000
0000
0000
0000
0000
8080
1f01
0204
0810
0100
f080
8080
8080
8080
0001
0000
0043
3d01
0080
8080
80f8
8080
0204
0810
2241
0000
8080
8080
8080
8000
0003
0101
033e
0204
0000
0000
f010
1010
0404
0808
1160
0000
1020
2020
20c0
0000
0003
0101
033e
0204
0412
0a08
f010
1010
0404
0808
1160
0000
1020
2020
20c0
0000
0006
0202
021f
0202
0000
0000
e000
0000
014f
3101
0101
0100
7880
0000
0000
0000
0006
0202
021f
0202
0412
0a08
e000
0000
014f
3101
0101
0100
7880
0000
0000
0000
0002
0102
0304
0810
0000
0020
f020
2040
2000
0102
0408
3000
4080
0000
0000
0000
0002
0102
0304
0810
0402
0824
f420
2040
2000
0102
0408
3000
4080
0000
0000
0000
0008
0404
0808
1f10
0000
0000
00f8
0080
2040
0101
0202
0c00
8080
0000
0000
0000
0008
0404
0808
1f10
0412
0a08
00f8
0080
2040
0101
0202
0c00
8080
0000
0000
0000
0000
0000
110e
0000
0000
0000
f010
1010
0000
0011
0e00
0000
1010
10f0
0000
0000
0000
0000
110e
0000
0412
0a08
f010
1010
0000
0011
0e00
0000
1010
10f0
0000
0000
0000
000c
0404
473c
0000
c040
4040
fc40
0404
0000
0001
0600
4040
4080
8000
0000
0000
000c
0404
473c
0412
ca48
4040
fc40
0404
0000
0001
0600
4040
4080
8000
0000
0000
0601
0000
1804
0000
0000
0004
0408
0000
0000
131c
0000
1020
4080
0000
0000
0000
0601
0000
1804
1804
2010
0004
0408
0000
0000
131c
0000
1020
4080
0000
0000
0000
0001
1e00
0000
0000
00e0
2040
4080
0001
0204
0830
0000
8040
2010
0800
0000
0000
0001
1e00
0000
0412
0ae8
2040
4080
0001
0204
0830
0000
8040
2010
0800
0000
0000
0602
0202
034e
0000
0000
0038
c810
3202
0202
0201
0000
2040
0000
00f8
0000
0000
0602
0202
034e
0804
2410
0038
c810
3202
0202
0201
0000
2040
0000
00f8
0000
0000
0000
100c
0400
0000
3010
1010
2020
0000
0000
0106
0000
2040
4080
0000
0000
0000
0000
4030
1000
0412
0860
2020
2040
0000
0001
020c
0000
4080
8000
0000
0000
0000
0402
0304
0408
0000
0000
f020
2040
1221
0001
020c
3000
4080
8000
0000
0000
0000
0804
0708
0810
0412
0a08
e040
4080
2443
0102
0418
6000
8000
0000
0000
0000
0000
001f
0101
017f
0000
e000
0000
f800
0101
0102
0204
0800
0000
0000
0000
0000
0000
013e
0202
03fe
0004
c210
0800
f000
0202
0204
0408
1000
0000
0000
0000
0000
0000
0000
0000
0002
0000
0000
0000
0010
1109
0800
0000
0106
1010
1020
2040
8000
0000
0002
2111
1000
0000
0010
0818
1020
0000
0000
0106
0000
2040
4080
0000
0000
0000
0004
4222
2000
0412
0a20
1030
2040
0000
0001
020c
0000
4080
8000
0000
0000
0000
0807
0000
4739
0000
6080
0000
f800
0101
0102
0204
1800
0000
0000
0000
0000
0000
100f
0000
8f72
0004
c212
0800
f000
0202
0204
0408
3000
0000
0000
0000
0000
0004
0202
0202
0302
0000
0000
0000
8040
0202
0202
0202
0200
2000
0000
0000
0000
0004
0202
0202
0302
0000
1804
3008
8040
0202
0202
0202
0200
2000
0000
0000
0000
0002
0101
0141
3f01
0000
0000
0078
8000
0101
0102
0204
1800
0000
0000
0000
0000
0000
0000
000f
0000
0000
0000
6080
0000
0000
037c
0000
0000
0000
fc00
0000
0000
0000
0000
1f00
0006
0000
00e0
2020
4080
0103
020c
1060
0000
8040
2010
0000
0000
0201
0000
011e
0001
0000
8000
e040
8000
0305
0911
6101
0100
4030
0808
0000
0000
0000
0000
0000
0000
0000
8040
40c0
8080
0101
0204
0830
0000
0000
0000
0000
0000
0000
0000
0804
0408
0000
0000
4020
1008
0810
1020
4000
0000
080c
0404
0000
0000
0000
0000
0804
0408
0000
0402
4824
1008
0810
1020
4000
0000
080c
0404
0000
0000
0000
0000
0804
0408
000c
1212
4c20
1008
0810
1020
4000
0000
080c
0404
0000
0000
0000
0018
0808
080f
0000
0000
0000
e000
0808
0808
0700
0000
0000
0000
f000
0000
0000
0018
0808
080f
0008
2414
1000
e000
0808
0808
0700
0000
0000
0000
f000
0000
0000
0018
0808
080f
000c
1212
0c00
e000
0808
0808
0700
0000
0000
0000
f000
0000
0000
0020
1f00
0000
0000
00f0
1010
2020
0000
0001
020c
0000
4040
8000
0000
0000
0000
0041
3e00
0000
0412
08e0
2020
4040
0000
0102
0418
0000
8080
0000
0000
0000
0000
0041
3e00
0000
0c12
12ec
2020
4040
0000
0102
0418
0000
8080
0000
0000
0000
0000
0000
0304
0850
0000
0000
0080
4020
2000
0000
0000
0000
1008
0400
0000
0000
0000
0000
0003
0408
0000
0824
1000
8040
5020
0000
0000
0000
2010
0804
0000
0000
0000
0000
0003
0408
0000
1824
2418
8040
5020
0000
0000
0000
2010
0804
0000
0000
0002
0101
0121
1f01
0000
0000
00f8
0000
0111
1111
2103
0100
2010
1008
0800
0000
0002
0101
0121
1f01
0008
2410
00f8
0000
0111
1111
2103
0100
2010
1008
0800
0000
0002
0101
0121
1f01
1824
2418
00f8
0000
0111
1111
2103
0100
2010
1008
0800
0000
0000
0000
413e
0000
0000
0000
f018
1020
0006
0100
0000
0000
4080
0080
4000
0000
0000
0700
0000
0700
0000
00c0
0000
0080
0000
0e01
0000
0000
0000
0080
4020
0000
0000
0201
0102
0204
0000
0000
0000
0000
0408
0848
7f00
0000
0020
10f8
0804
0000
0000
0000
000c
0201
0000
4040
4080
8000
0202
0408
1020
0000
8040
4000
0000
0000
0000
0001
1e02
0243
0000
00e0
0000
00f8
3e02
0202
0100
0000
0000
0000
f000
0000
0000
0000
0000
0202
0000
0000
0000
0000
021f
0202
0201
0101
f010
2040
0000
0000
000c
0404
0403
1e62
0000
0000
7098
1020
0202
0101
0101
0100
4000
0000
0000
0000
0000
0000
0000
0000
0000
0000
0000
0000
0f00
0000
001f
0000
c040
4040
40f0
0000
0000
0000
031c
0000
0000
0000
c040
4040
0000
0047
3800
0000
8080
80fc
0000
0000
0000
0000
0000
000f
0000
0000
0000
00e0
0000
0f00
0000
0f00
2020
e020
2020
e000
0000
0001
1e00
0001
0000
00e0
3020
20e0
0e00
0001
1e00
0000
2020
20e0
2000
0000
0000
000f
0000
110e
0000
6080
0000
f810
0000
0000
0001
0600
1020
2040
8000
0000
0000
0c04
0404
0404
0060
2020
2020
2020
0404
0000
0000
0100
2020
2040
4080
0000
0000
0001
0804
0404
0000
0080
8080
8082
0408
0810
2040
0000
8284
88b0
c000
0000
0000
1808
0808
0808
0000
0000
0000
0004
0808
0808
0b0c
0000
0810
20c0
0000
0000
0000
0000
011e
0808
0000
0000
f018
1010
0808
0808
0f08
0000
1010
2020
f000
0000
0000
0000
0000
001f
0000
0000
0000
00e0
1010
1000
0000
0003
2020
2020
4040
8000
0000
0021
1e10
1010
0000
00f0
1010
1020
1000
0000
0001
0600
2020
4040
8000
0000
0003
0101
013f
1111
0000
0000
00e0
0000
117f
0101
0101
0100
00f8
0000
0000
0000
0000
0000
130c
0000
0000
0000
f020
4080
0301
0101
7e00
0000
0000
00f8
0400
0000
0000
0023
1c00
0013
0000
00f0
2020
20e0
1c00
0000
0102
0c00
4040
8080
0000
0000
0000
0018
0406
0000
0000
0000
0408
0810
0000
0000
130e
0000
1020
4080
0000
0000
0000
0602
423f
2020
0412
0a08
00f0
2020
2020
0000
0102
0c00
2040
4080
0000
0000
0000
0000
0000
0101
0000
0000
0000
0000
0f01
0102
0204
0810
f010
1010
1020
20c0
0000
0000
0004
0408
0000
0000
0000
0000
0f10
2000
0101
0204
f080
8080
0000
0000
0000
0000
0000
0000
0101
0101
0101
0101
0000
0000
0000
0000
0101
0101
0101
0101
0000
0000
0000
0000
0101
0101
0101
0101
0000
0000
0000
0000
0101
0101
0101
0101
0000
0000
0000
0000
0101
0101
0101
0101
0000
0000
0000
0000
0101
0101
0101
0101
0000
0000
0000
0000
0101
0101
0101
0101
0000
0000
0000
0000
0101
0101
0101
0101
0000
0000
0000
0000
0101
0101
0101
0101
0000
0000
0000
0000
0101
0101
0101
0101
0000
0000
0000
0000
0101
0101
0101
0101
0000
0000
0000
0000
0101
0101
0101
0101
0000
0000
0000
0000
0101
0101
0101
0101
0000
0000
0000
0000
0101
0101
0101
0101
0000
0000
0000
0000
0101
0101
0101
0101
0000
0000
0000
0000
0101
0101
0101
0101
0000
0000
0000
0000
0101
0101
0101
0101
0000
0000
0000
0000
0101
0101
0101
0101
0000
0000
0000
0000
0000
0000
0000
0000
0000
0000
0000
0000
0000
0000
0000
0000
0000
0000
0000
0000
0000
0000
0000
0000
0000
0000
0000
0000
0000
0000
0000
0000
0000
0000
0000
0000
0000
0000
0000
0000
0000
0000
0000
0000
0000
0000
0000
0000
0000
0000
0000
0000
0000
0000
0000
0000
0000
0000
0000
0000
0000
0000
0000
0000
0000
0000
0000
0000
0000
0000
0000
0000
0000
0000
0000
0000
0000
0000
0000
0000
0000
0000
0000
0000
0000
0000
0000
0000
0000
0000
0000
0000
0000
0000
0000
0000
0000
0000
0000
0000
0000
0000
0000
0000
0000
0000
0000
0000
0000
0000
0000
0000
0000
0000
0000
0000
0000
0000
0000
0000
0000
0000
0000
0000
0000
0000
0000
0000
0000
0000
0000
0000
0000
0000
0000
0000
0000
0000
0000
0000
0000
0000
0000
0000
0000
0000
0000
0000
0000
0000
0000
0000
0000
0000
0000
0000
0000
0000
0000
0000
0000
0000
0000
0000
0000
0000
0000
0000
0000
0000
0000
0000
0000
0000
0000
0000
0000
0000
0000
0000
0000
0000
0000
0000
0000
0000
0000
0000
0000
0000
0000
0000
0000
0000
0000
0000
0000
0000
0000
0000
0000
0000
0000
0000
0000
0000
0000
0000
0000
0000
0000
0000
0000
0000
0000
0000
0000
0000
0000
0000
0000
0000
0000
0000
0000
0000
0000
0000
0000
0000
0000
0000
0000
0000
0000
0000
0000
0000
0000
0000
0000
0000
0000
0000
0000
0000
0000
0000
0000
0000
0000
0000
0000
0000
0000
0000
0000
0000
0000
0000
0000
0000
0000
0000
0000
0000
0000
0000
0000
0000
0000
0000
0000
0000
0000
0000
0000
0000
0000
0000
0000
0000
0000
0000
0000
0000
0000
0000
0000
0000
0000
0000
0000
0000
0000
0000
0000
0000
0000
0000
0000
0000
0000
0000
0000
0000
0000
0000
0000
0000
0000
0000
0000
0000
0000
0000
0000
0000
0000
0000
0000
0000
0000
0000
0000
0000
0000
0000
0000
0000
0000
0000
0000
0000
0000
0000
0000
0000
0000
0000
0000
0000
0000
0000
0000
0000
0000
0000
0000
0000
0000
0000
0000
0000
0000
0000
0000
0000
0000
0000
0000
0000
0000
0000
0000
0000
0000
0000
0000
0000
0000
0000
0000
0000
0000
0000
0000
0000
0000
0000
0000
0000
0000
0000
0000
0000
0000
0000
0000
0000
0000
0000
0000
0000
0000
0000
0000
0000
0000
0000
0000
0000
0000
0000
0000
0000
0000
0000
0000
0000
0000
0000
0000
0000
0000
0000
0000
0000
0000
0000
0000
0000
0000
0000
0000
0000
0000
0000
0000
0000
0000
0000
0000
0000
0000
0000
0000
0000
0000
0000
0000
0000
0000
0000
0000
0000
0000
0000
0000
0000
0000
0000
0000
0000
0000
0000
0000
0000
0000
0000
0000
0000
0000
0000
0000
0000
0000
0000
0000
0000
0000
0000
0000
0000
0000
0000
0000
0000
0000
0000
0000
0000
0000
0000
0000
0000
0000
0000
0000
0000
0000
0000
0000
0000
0000
0000
0000
0000
0000
0000
0000
0000
0000
0000
0000
0000
0000
0000
0000
0000
0000
0000
0000
0000
0000
0000
0000
0000
0000
0000
0000
0000
0000
0000
0000
0000
0000
0000
0001
0102
0204
0404
0000
0080
8040
4040
080f
0810
1078
0000
20e0
2010
103c
0000
003f
0808
0808
080f
00c0
2010
1010
20c0
0808
0808
083f
0000
2010
1010
20c0
0000
003f
0808
0808
0808
00f0
1010
0000
0000
0808
0808
083f
0000
0000
0000
0000
0000
0001
0102
0204
0408
0000
0080
8040
4020
0810
1020
207f
0000
2010
1008
08fc
0000
003f
0808
0808
080f
00f8
0808
0040
40c0
0808
0808
083f
0000
4040
0008
08f8
0000
001f
1010
0000
0001
00f8
1020
4040
8000
0102
0404
081f
0000
0000
0008
08f8
0000
003e
0808
0808
080f
007c
1010
1010
10f0
0808
0808
083e
0000
1010
1010
107c
0000
0007
0810
1020
2427
00c0
2010
1008
48c8
2420
1010
0807
0000
4808
1010
20c0
0000
0007
0101
0101
0101
00c0
0000
0000
0000
0101
0101
0107
0000
0000
0000
00c0
0000
007c
1010
1011
1215
0078
2040
8000
0000
1910
1010
107c
0000
0080
4040
2078
0000
0001
0102
0204
0404
0000
0080
8040
4040
0808
0810
107c
0000
2020
2010
107c
0000
0070
3028
2828
2424
001c
1828
2828
4848
2222
2221
21f8
0000
8888
8808
083e
0000
0078
1814
1412
1211
007c
1010
1010
1010
1010
1010
107c
0000
9090
5050
3010
0000
003f
2000
0000
101f
00f8
0800
0000
10f0
1000
0000
203f
0000
1000
0000
08f8
0000
0007
0810
1020
2020
00c0
2010
1008
0808
2020
1010
0807
0000
0808
1010
20c0
0000
003f
0808
0808
0808
00f8
2020
2020
2020
0808
0808
083c
0000
2020
2020
2078
0000
003f
0808
0808
080f
00e0
1008
0808
10e0
0808
0808
083f
0000
0000
0000
0000
0000
003f
2010
0804
0201
00f8
0808
0000
0000
0204
0810
203f
0000
0000
0008
08f8
0000
003f
2121
2101
0101
00f8
0808
0800
0000
0101
0101
0107
0000
0000
0000
00c0
0000
001c
2221
0101
0101
0070
8808
0000
0000
0101
0101
0107
0000
0000
0000
00c0
0000
0007
0107
1921
2121
00c0
00c0
3008
0808
2121
1907
0107
0000
0808
30c0
00c0
0000
007c
1008
0402
0101
007c
1020
4080
0000
0204
0408
107c
0000
8040
4020
107c
0000
0007
0121
5111
1111
00c0
0008
1410
1010
0907
0101
0107
0000
20c0
0000
00c0
0000
0007
0810
1020
2020
00c0
2010
1008
0808
1010
0804
243c
0000
1010
2040
4878
0000
0000
0000
0000
0000
0101
0101
0101
0101
0000
0000
0000
0000
0101
0101
0101
0101
0000
0000
0000
0000
0101
0101
0101
0101
0000
0000
0000
0000
0101
0101
0101
0101
0000
0000
0000
0000
0101
0101
0101
0101
0000
0000
0000
0000
0101
0101
0101
0101
0000
0000
0000
0000
0101
0101
0101
0101
0000
0000
0000
0000
0101
0101
0101
0101
0000
0000
0000
0000
0101
0101
0101
0101
0000
0000
0000
0000
0101
0101
0101
0101
0000
0000
0000
0000
0101
0101
0101
0101
0000
0000
0000
0000
0101
0101
0101
0101
0000
0000
0000
0000
0101
0101
0101
0101
0000
0000
0000
0000
0101
0101
0101
0101
0000
0000
0000
0000
0101
0101
0101
0101
0000
0000
0000
0000
0101
0101
0101
0101
0000
0000
0003
0408
0000
0000
0088
4850
1010
2020
231c
0000
6040
40c0
4030
0000
0001
0202
0404
0b08
00e0
1010
1020
c040
0808
0814
1310
1010
2020
2040
8000
0000
0000
0000
000c
1202
0000
0000
0038
4080
0101
0202
0204
0404
0000
0000
0000
0000
0001
0201
0001
0204
00e0
1008
8880
4020
0408
0808
0807
0000
2020
2040
8000
0000
0000
0000
0003
0404
0000
0000
00e0
1000
0203
0408
0807
0000
00c0
0000
20c0
0000
0001
0204
0301
0204
0000
0070
c000
0000
0808
1010
0f00
0003
0000
0000
0080
4080
0000
0000
0008
1502
0000
0000
00e0
1010
0204
0408
0800
0000
2020
4040
4080
8080
0001
0204
0408
0f08
00c0
2020
2020
e040
1010
1010
110e
0000
4040
8080
0000
0000
0000
0000
0000
0101
0000
0000
0080
0000
0202
0404
0403
0000
0000
0000
4080
0000
0000
0000
0004
0405
0000
0000
0070
8000
0609
0909
1110
0000
0000
0000
20c0
0000
0003
0000
0000
0000
0000
8040
4040
c0c0
0101
0204
0810
0000
4040
4040
4030
0000
0000
0000
0004
0404
0000
0000
0020
2020
0808
0808
1710
2020
4040
40c0
3000
0000
0000
0000
0008
0404
0000
0000
0010
1020
0404
0409
0e08
0000
2040
8000
0000
0000
0001
0201
0204
0402
00c0
00f0
0000
0000
0708
1010
0f00
0003
e000
0000
0080
4080
0000
0000
0001
0204
0000
0000
00c0
2020
0408
0808
0807
0000
2020
4040
8000
0000
0000
0000
000f
1202
0000
0000
08f0
4040
0404
0809
1110
0000
8080
8000
20c0
0000
0000
0000
0001
0204
0000
0000
00c0
2020
0408
080c
1310
1010
2020
2040
8000
0000
0000
0000
0003
0408
0000
0000
08f0
8040
0810
1010
110e
0000
4040
8080
0000
0000
0000
0000
001f
2001
0000
0000
10e0
8000
0202
0404
0403
0000
0000
0000
4080
0000
0000
0000
0008
0808
0000
0000
0040
2020
0808
1010
100f
0000
2020
4040
8000
0000
0000
0000
0007
0811
0040
4080
80c0
a010
1111
120a
0702
0404
1010
1020
c000
0000
0000
0000
000c
1201
0000
0000
0010
2020
0101
0103
0508
0810
4080
0000
0080
9060
0000
0000
0010
0909
0040
4080
80a0
1010
0911
120a
0702
0404
1010
2040
8000
0000
0000
0000
0004
0810
0000
0000
0020
1008
1021
2322
2619
0000
0808
0810
20c0
0000
0000
0000
0000
0000
0101
0101
0101
0101
0000
0000
0000
0000
0101
0101
0101
0101
0000
0000
0000
0000
0101
0101
0101
0101
0000
0000
0000
0000
0101
0101
0101
0101
0000
0000
0000
0000
0101
0101
0101
0101
0000
0000
0000
0000
0101
0101
0101
0101
0000
0000
0000
0000
0101
0101
0101
0101
0000
0000
0000
0000
0101
0101
0101
0101
0000
0000
0000
0000
0101
0101
0101
0101
0000
0000
0000
0000
0101
0101
0101
0101
0000
0000
0000
0000
0101
0101
0101
0101
0000
0000
0000
0000
0101
0101
0101
0101
0000
0000
0000
0000
0101
0101
0101
0101
0000
0000
0000
0000
0101
0101
0101
0101
0000
0000
0000
0000
0000
0000
0000
0000
0000
0000
0000
0000
0000
0000
0000
0000
0000
0000
0000
0000
0000
0000
0000
0000
0000
0000
0000
0000
0000
0000
0000
0000
0000
0000
0000
0000
0000
0000
0000
0000
0000
0000
0000
0000
0000
0000
0000
0000
0000
0000
0000
0000
0000
0000
0000
0000
0000
0000
0000
0000
0000
0000
0000
0000
0000
0000
0000
0000
0000
0000
0000
0000
0000
0000
0000
0000
0000
0000
0000
0000
0000
0000
0000
0000
0000
0000
0000
0000
0000
0000
0000
0000
0000
0000
0000
0000
0000
0000
0000
0000
0000
0000
0000
0000
0000
0000
0000
0000
0000
0000
0000
0000
0000
0000
0000
0000
0000
0000
0000
0000
0000
0000
0000
0000
0000
0000
0000
0000
0000
0000
0000
0000
0000
0000
0000
0000
0000
0000
0000
0000
0000
0000
0000
0000
0000
0000
0000
0000
0000
0000
0000
0000
0000
0000
0000
0000
0000
0000
0000
0000
0000
0000
0000
0000
0000
0000
0000
0000
0000
0000
0000
0000
0000
0000
0000
0000
0000
0000
0000
0000
0000
0000
0000
0000
0000
0000
0000
0000
0000
0000
0000
0000
0000
0000
0000
0000
0000
0000
0000
0000
0000
0000
0000
0000
0000
0000
0000
0000
0000
0000
0000
0000
0000
0000
0000
0000
0000
0000
0000
0000
0000
0000
0000
0000
0000
0000
0000
0000
0000
0000
0000
0000
0000
0000
0000
0000
0000
0000
0000
0000
0000
0000
0000
0000
0000
0000
0000
0000
0000
0000
0000
0000
0000
0000
0000
0000
0000
0000
0000
0000
0000
0000
0000
0000
0000
0000
0000
0000
0000
0000
0000
0000
0000
0000
0000
0000
0000
0000
0000
0000
0000
0000
0000
0000
0000
0000
0000
0000
0000
0000
0000
0000
0000
0000
0000
0000
0000
0000
0000
0000
0000
0000
0000
0000
0000
0000
0000
0000
0000
0000
0000
0000
0000
0000
0000
0000
0000
0000
0000
0000
0000
0000
0000
0000
0000
0000
0000
0000
0000
0000
0000
0000
0000
0000
0000
0000
0000
0000
0000
0000
0000
0000
0000
0000
0000
0000
0000
0000
0000
0000
0000
0000
0000
0000
0000
0000
0000
0000
0000
0000
0000
0000
0000
0000
0000
0000
0000
0000
0000
0000
0000
0000
0000
0000
0000
0000
0000
0000
0000
0000
0000
0000
0000
0000
0000
0000
0000
0000
0000
0000
0000
0000
0000
0000
0000
0000
0000
0000
0000
0000
0000
0000
0000
0000
0000
0000
0000
0000
0000
0000
0000
0000
0000
0000
0000
0000
0000
0000
0000
0000
0000
0000
0000
0000
0000
0000
0000
0000
0000
0000
0000
0000
0000
0000
0000
0000
0000
0000
0000
0000
0000
0000
0000
0000
0000
0000
0000
0000
0000
0000
0000
0000
0000
0000
0000
0000
0000
0000
0000
0000
0000
0000
0000
0000
0000
0000
0000
0000
0000
0000
0000
0000
0000
0000
0000
0000
0000
0000
0000
0000
0000
0000
0000
0000
0000
0000
0000
0000
0000
0000
0000
0000
0000
0000
0000
0000
0000
0000
0000
0000
0000
0000
0000
0000
0000
0000
0000
0000
0000
0000
0000
0000
0000
0000
0000
0000
0000
0000
0000
0000
0000
0000
0000
0000
0000
0000
0000
0000
0000
0000
0000
0000
0000
0000
0000
0000
0000
0000
0000
0000
0000
0000
0000
0000
0000
0000
0000
0000
0000
0000
0000
0000
0000
0000
0000
0000
0000
0000
0000
0000
0000
0000
0000
0000
0000
0000
0000
0000
0000
0000
0000
0000
0000
0000
0000
0000
0000
0000
0000
0000
0000
0000
0000
0000
0000
0000
0000
0000
0000
0000
0000
0000
0000
0000
0000
0000
0000
0000
0000
0000
0000
0000
0000
0000
0000
0000
0000
0000
0000
0000
0000
0000
0000
0000
0000
0000
0000
0000
0000
0000
0000
0000
0000
0000
0000
0000
0000
0000
0000
0000
0000
0000
0000
0000
0000
0000
0000
0000
0000
0000
0000
0000
0000
0000
0000
0000
0000
0000
0000
0000
0000
0000
0000
0000
0000
0000
0000
0000
0000
0000
0000
0000
0000
0000
0000
0000
0000
0000
0000
0000
0000
0000
0000
0000
0000
0000
0000
0000
0000
0000
0000
0000
0000
0000
0000
0000
0000
0000
0000
0000
0000
0000
0000
0000
0000
0000
0000
0000
0000
0000
0000
0000
0000
0000
0000
0000
0000
0000
0000
0000
0000
0000
0000
0000
0000
0000
0000
0000
0000
0000
0000
0000
0000
0000
0000
0000
0000
0000
0000
0000
0000
0000
0000
0000
0000
0000
0000
0000
0000
0000
0000
0000
0000
0000
0000
0000
0000
0000
0000
0000
0000
0000
0000
0000
0000
0000
0000
0000
0000
0000
0000
0000
0000
0000
0000
0000
0000
0000
0000
0000
0000
0000
0000
0000
0000
0000
0000
0000
0000
0000
0000
0000
0000
0000
0000
0000
0000
0000
0000
0000
0000
0000
0000
0000
0000
0000
0000
0000
0000
0000
0000
0000
0000
0000
0000
0000
0000
0000
0000
0000
0000
0000
0000
0000
0000
0000
0000
0000
0000
0000
0000
0000
0000
0000
0000
0000
0000
0000
0000
0000
0000
0000
0000
0000
0000
0000
0000
0000
0000
0000
0000
0000
0000
0000
0000
0000
0000
0000
0000
0000
0000
0000
0000
0000
0000
0000
0000
0000
0000
0000
0000
0000
0000
0000
0000
0000
0000
0000
0000
0000
0000
0000
0000
0000
0000
0000
0000
0000
0000
0000
0000
0000
0000
0000
0000
0000
0000
0000
0000
0000
0000
0000
0000
0000
0000
0000
0000
0000
0000
0000
0000
0000
0000
0000
0000
0000
0000
0000
0000
0000
0000
0000
0000
0000
0000
0000
0000
0000
0000
0000
0000
0000
0000
0000
0000
0000
0000
0000
0000
0000
0000
0000
0000
0000
0000
0000
0000
0000
0000
0000
0000
0000
0000
0000
0000
0000
0000
0000
0000
0000
0000
0000
0000
0000
0000
0000
0000
0000
0000
0000
0000
0000
0000
0000
0000
0000
0000
0000
0000
0000
0000
0000
0000
0000
0000
0000
0000
0000
0000
0000
0000
0000
0000
0000
0000
0000
0000
0000
0000
0000
0000
0000
0000
0000
0000
0000
0000
0000
0000
0000
0000
0000
0000
0000
0000
0000
0000
0000
0000
0000
0000
0000
0000
0000
0000
0000
0000
0000
0000
0000
0000
0000
0000
0000
0000
0000
0000
0000
0000
0000
0000
0000
0000
0000
0000
0000
0000
0000
0000
0000
0001
0102
0204
0404
0000
0080
8040
4040
080f
0810
1038
0000
20e0
2010
1038
0000
001f
0808
0808
080f
00e0
2010
0000
00c0
0808
0808
081f
0000
2010
1010
20c0
0000
001f
0808
0808
080f
00c0
2010
1010
20c0
0808
0808
081f
0000
2010
1010
20c0
0000
001f
0808
0808
0808
00e0
2010
0000
0000
0808
0808
081f
0000
0000
0000
0000
0000
000f
0404
0404
0404
00f0
2020
2020
2020
0404
0408
083f
2020
2020
2020
20f8
0808
001f
0808
0808
0f08
00f0
0800
2020
e020
0808
0808
081f
0000
2000
0008
10f0
0000
0400
1f08
0808
080f
4000
f008
0020
20e0
0808
0808
081f
0000
2020
0008
10f0
0000
0023
5111
1111
0907
0088
1410
1010
20c0
0909
1121
2173
0000
2020
1008
089c
0000
0007
0810
0000
0003
00c0
2010
1010
20c0
0000
1010
080f
0000
2010
1010
20c0
0000
0038
1010
1010
1011
0038
1030
5090
9010
1212
1418
1038
0000
1010
1010
1038
0000
0403
3810
1010
1011
4080
3810
3050
9010
1112
1418
1038
0000
1010
1010
1038
0000
0038
1010
1011
1e11
0030
4840
8000
0000
1010
1010
1038
0000
8040
4020
1038
0000
0007
0202
0202
0202
00f0
2020
2020
2020
0202
0404
4830
0000
2020
2020
2070
0000
0038
1414
1412
1212
0038
5050
5090
9090
2121
2120
2070
0000
0808
0808
081c
0000
0038
1010
1010
1f10
0038
1010
1010
f010
1010
1010
1038
0000
1010
1010
1038
0000
0007
0810
1020
2020
00c0
2010
1008
0808
2020
1010
0807
0000
0808
1010
20c0
0000
003f
1010
1010
1010
00f8
1010
1010
1010
1010
1010
1038
0000
1010
1010
1038
0000
001f
0808
0808
0808
00c0
2010
1010
1020
0f08
0808
081f
0000
c000
0000
0000
0000
0007
0810
1020
2020
00d0
3010
0000
0000
2020
1010
0807
0000
0000
1010
30c0
0000
001f
1121
2101
0101
00f0
1008
0800
0000
0101
0101
0107
0000
0000
0000
00c0
0000
0038
1010
0808
0404
0038
1010
2020
4040
0202
0101
120c
0000
8080
0000
0000
0000
0003
0107
1921
2121
0080
00c0
3008
0808
2121
1907
0103
0000
0808
30c0
0080
0000
0038
1008
0402
0101
0038
1020
4080
0000
0204
0408
1038
0000
8040
4020
1038
0000
0038
1010
1010
1010
0070
2020
2020
2020
1010
1010
103f
0000
2020
2020
20f8
0808
0038
1010
1010
1010
0070
2020
2020
2020
0807
0000
0001
0000
60a0
2020
20f0
0000
0073
2121
2121
2121
009c
0808
0808
0808
2121
2121
217f
0000
0808
0808
08fc
0000
0073
2121
2121
2121
009c
0808
0808
0808
2121
2121
217f
0000
0808
0808
08fe
0202
003e
2242
0202
0302
0000
0000
0000
e010
0202
0202
0207
0000
0808
0808
10e0
0000
0070
2020
2020
3e21
001c
0808
0808
0808
2020
2020
217e
0000
8888
8888
081c
0000
001c
0808
0808
0f08
0000
0000
0000
c020
0808
0808
081f
0000
1010
1010
20c0
0000
0017
1810
0000
0609
00c0
2010
1008
1828
0000
1010
1807
0000
c808
1010
20c0
0000
0071
2224
2424
3c24
00e0
1008
0808
0808
2424
2424
2271
0000
0808
0808
10e0
0000
0007
0810
1010
0807
00f0
2020
2020
20e0
0404
0808
1020
0000
2020
2020
2070
0000
0000
0000
0000
0000
0101
0101
0101
0101
0000
0000
0000
0000
0101
0101
0101
0101
0000
0000
0000
0000
0101
0101
0101
0101
0000
0000
0000
0000
0101
0101
0101
0101
0000
0000
0000
0000
0101
0101
0101
0101
0000
0000
0000
0000
0101
0101
0101
0101
0000
0000
0000
0000
0101
0101
0101
0101
0000
0000
0000
0000
0101
0101
0101
0101
0000
0000
0000
0000
0101
0101
0101
0101
0000
0000
0000
0000
0101
0101
0101
0101
0000
0000
0000
0000
0101
0101
0101
0101
0000
0000
0000
0000
0101
0101
0101
0101
0000
0000
0000
0000
0101
0101
0101
0101
0000
0000
0000
0000
0101
0101
0101
0101
0000
0000
0000
0000
0101
0101
0101
0101
0000
0000
0000
0000
0101
0101
0101
0101
0000
0000
0000
0000
0101
0101
0101
0101
0000
0000
0000
0000
0101
0101
0101
0101
0000
0000
0000
0000
0101
0101
0101
0101
0000
0000
0000
0000
0101
0101
0101
0101
0000
0000
0000
0000
0101
0101
0101
0101
0000
0000
0000
0000
0101
0101
0101
0101
0000
0000
0000
0000
0101
0101
0101
0101
0000
0000
0000
0000
0101
0101
0101
0101
0000
0000
0000
0000
0101
0101
0101
0101
0000
0000
0000
0000
0101
0101
0101
0101
0000
0000
0000
0000
0101
0101
0101
0101
0000
0000
0000
0000
0101
0101
0101
0101
0000
0000
0000
0000
0101
0101
0101
0101
0000
0000
0000
0000
0101
0101
0101
0101
0000
0000
0007
0800
0000
0000
0080
4040
030c
1010
100f
0000
c040
4040
c020
0000
0000
0708
1017
1810
0040
8000
0080
4020
1010
1010
0807
0000
2020
2020
4080
0000
0000
0000
001f
0808
0000
0000
00c0
2020
080f
0808
081f
0000
40c0
2020
20c0
0000
0000
0000
001f
0808
0000
0000
00e0
2020
0808
0808
081e
0000
0000
0000
0000
0000
0000
0000
0007
0202
0000
0000
00f0
2020
0202
0204
041f
1010
2020
2020
20f0
1010
0000
0000
0007
0810
0000
0000
0080
4020
101f
1010
0807
0000
20e0
0000
20c0
0000
0000
0008
0007
0810
0000
0040
0080
4020
101f
1010
0807
0000
20e0
0000
20c0
0000
0000
0000
0013
2909
0000
0000
0090
2820
0907
0909
113b
0000
20c0
2020
10b8
0000
0000
0000
0007
0810
0000
0000
0080
4020
0003
0010
0807
0000
4080
4020
20c0
0000
0000
0000
001c
0808
0000
0000
0070
2060
0809
0a0c
081c
0000
a020
2020
2070
0000
0000
0403
001c
0808
0000
4080
0070
2060
0809
0a0c
081c
0000
a020
2020
2070
0000
0000
0000
001c
0808
0000
0000
0020
5080
090f
0808
081c
0000
0000
8040
2070
0000
0000
0000
0007
0202
0000
0000
00f0
2020
0202
0202
2418
0000
2020
2020
2070
0000
0000
0000
0030
1818
0000
0000
0018
3030
1414
1212
1138
0000
5050
9090
1038
0000
0000
0000
001c
0808
0000
0000
0070
2020
0f08
0808
081c
0000
e020
2020
2070
0000
0000
0000
0007
0810
0000
0000
0080
4020
1010
1010
0807
0000
2020
2020
4080
0000
0000
0000
001f
0808
0000
0000
00f0
2020
0808
0808
081c
0000
2020
2020
2070
0000
0000
0000
0003
1c08
0000
0000
0080
4020
0808
080c
0b08
081e
2020
2040
8000
0000
0000
0000
0007
0810
0000
0000
0080
6020
1010
1010
0807
0000
0000
0020
40c0
0000
0000
0000
001f
1111
0000
0000
00f0
1010
0101
0101
0103
0000
0000
0000
0080
0000
0000
0000
001c
0808
0000
0000
0070
2020
0404
0202
0101
120c
4040
8080
0000
0000
0001
0301
010d
1321
0000
0000
0060
9008
2121
2113
0d01
0103
0808
0890
6000
0080
0000
0000
001c
0804
0000
0000
0070
2040
0201
0204
081c
0000
8000
8040
2070
0000
0000
0000
001c
0808
0000
0000
0070
2020
0808
0808
081f
0000
2020
2020
20f8
0808
0000
0000
001c
0808
0000
0000
0070
2020
0808
0700
0000
0000
2060
a020
20f0
0000
0000
0000
003b
1111
0000
0000
00b8
1010
1111
1111
113f
0000
1010
1010
10f8
0000
0000
0000
003b
1111
0000
0000
00b8
1010
1111
1111
113f
0000
1010
1010
10f8
0808
0000
0000
003e
2222
0000
0000
0000
0000
0302
0202
0207
0000
e010
1010
10e0
0000
0000
0000
0038
1010
0000
0000
0038
1010
1f10
1010
103f
0000
1090
9090
9038
0000
0000
0000
000e
0404
0000
0000
0000
0000
0704
0404
040f
0000
c020
1010
20c0
0000
0000
0000
000f
1000
0000
0000
0080
4020
0609
0000
100f
0000
60a0
2020
4080
0000
0000
0000
0039
1212
0000
0000
00e0
1010
1e12
1212
1239
0000
1010
1010
10e0
0000
0000
0000
0007
0808
0000
0000
00f0
2020
0807
0202
0418
0000
20e0
2020
2070
0000
0000
0000
0000
0000
0101
0101
0101
0101
0000
0000
0000
0000
0101
0101
0101
0101
0000
0000
0000
0000
0101
0101
0101
0101
0000
0000
0000
0000
0101
0101
0101
0101
0000
0000
0000
0000
0101
0101
0101
0101
0000
0000
0000
0000
0101
0101
0101
0101
0000
0000
0000
0000
0101
0101
0101
0101
0000
0000
0000
0000
0101
0101
0101
0101
0000
0000
0000
0000
0101
0101
0101
0101
0000
0000
0000
0000
0101
0101
0101
0101
0000
0000
0000
0000
0101
0101
0101
0101
0000
0000
0000
0000
0101
0101
0101
0101
0000
0000
0000
0000
0101
0101
0101
0101
0000
0000
0000
0000
0101
0101
0101
0101
0000
0000
0000
0000
0101
0101
0101
0101
0000
0000
0000
0000
0101
0101
0101
0101
0000
0000
0000
0000
0101
0101
0101
0101
0000
0000
0000
0000
0101
0101
0101
0101
0000
0000
0000
0000
0101
0101
0101
0101
0000
0000
0000
0000
0101
0101
0101
0101
0000
0000
0000
0000
0101
0101
0101
0101
0000
0000
0000
0000
0101
0101
0101
0101
0000
0000
0000
0000
0101
0101
0101
0101
0000
0000
0000
0000
0101
0101
0101
0101
0000
0000
0000
0000
0101
0101
0101
0101
0000
0000
0000
0000
0101
0101
0101
0101
0000
0000
0000
0000
0101
0101
0101
0101
0000
0000
0000
0000
0101
0101
0101
0101
0000
0000
0000
0000
0000
0000
0000
0000
0000
0000
0000
0000
0000
0000
0000
0000
0000
0000
0000
0000
0000
0000
0000
0000
0000
0000
0000
0000
0000
0000
0000
0000
0000
0000
0000
0000
0000
0000
0000
0000
0000
0000
0000
0000
0000
0000
0000
0000
0000
0000
0000
0000
0000
0000
0000
0000
0000
0000
0000
0000
0000
0000
0000
0000
0000
0000
0000
0000
0000
0000
0000
0000
0000
0000
0000
0000
0000
0000
0000
0000
0000
0000
0000
0000
0000
0000
0000
0000
0000
0000
0000
0000
0000
0000
0000
0000
0000
0000
0000
0000
0000
0000
0000
0000
0000
0000
0000
0000
0000
0000
0000
0000
0000
0000
0000
0000
0000
0000
0000
0000
0000
0000
0000
0000
0000
0000
0000
0000
0000
0000
0000
0000
0000
0000
0000
0000
0000
0000
0000
0000
0000
0000
0000
0000
0000
0000
0000
0000
0000
0000
0000
0000
0000
0000
0000
0000
0000
0000
0000
0000
0000
0000
0000
0000
0000
0000
0000
0000
0000
0000
0000
0000
0000
0000
0000
0000
0000
0000
0000
0000
0000
0000
0000
0000
0000
0000
0000
0000
0000
0000
0000
0000
0000
0000
0000
0000
0000
0000
0000
0000
0000
0000
0000
0000
0000
0000
0000
0000
0000
0000
0000
0000
0000
0000
0000
0000
0000
0000
0000
0000
0000
0000
0000
0000
0000
0000
0000
0000
0000
0000
0000
0000
0000
0000
0000
0000
0000
0000
0000
0000
0000
0000
0000
0000
0000
0000
0000
0000
0000
0000
0000
0000
0000
0000
0000
0000
0000
0000
0000
0000
0000
0000
0000
0000
0000
0000
0000
0000
0000
0000
0000
0000
0000
0000
0000
0000
0000
0000
0000
0000
0000
0000
0000
0000
0000
0000
0000
0000
0000
0000
0000
0000
0000
0000
0000
0000
0000
0000
0000
0000
0000
0000
0000
0000
0000
0000
0000
0000
0000
0000
0000
0000
0000
0000
0000
0000
0000
0000
0000
0000
0000
0000
0000
0000
0000
0000
0000
0000
0000
0000
0000
0000
0000
0000
0000
0000
0000
0000
0000
0000
0000
0000
0000
0000
0000
0000
0000
0000
0000
0000
0000
0000
0000
0000
0000
0000
0000
0000
0000
0000
0000
0000
0000
0000
0000
0000
0000
0000
0000
0000
0000
0000
0000
0000
0000
0000
0000
0000
0000
0000
0000
0000
0000
0000
0000
0000
0000
0000
0000
0000
0000
0000
0000
0000
0000
0000
0000
0000
0000
0000
0000
0000
0000
0000
0000
0000
0000
0000
0000
0000
0000
0000
0000
0000
0000
0000
0000
0000
0000
0000
0000
0000
0000
0000
0000
0000
0000
0000
0000
0000
0000
0000
0000
0000
0000
0000
0000
0000
0000
0000
0000
0000
0000
0000
0000
0000
0000
0000
0000
0000
0000
0000
0000
0000
0000
0000
0000
0000
0000
0000
0000
0000
0000
0000
0000
0000
0000
0000
0000
0000
0000
0000
0000
0000
0000
0000
0000
0000
0000
0000
0000
0000
0000
0000
0000
0000
0000
0000
0000
0000
0000
0000
0000
0000
0000
0000
0000
0000
0000
0000
0000
0000
0000
0000
0000
0000
0000
0000
0000
0000
0000
0000
0000
0000
0000
0000
0000
0000
0000
0000
0000
0000
0000
0000
0000
0000
0000
0000
0000
0000
0000
0000
0000
0000
0000
0000
0000
0000
0000
0000
0000
0000
0000
0000
0000
0000
0000
0000
0000
0000
0000
0000
0000
0000
0000
0000
0000
0000
0000
0000
0000
0000
0000
0000
0000
0000
0000
0000
0000
0000
0000
0000
0000
0000
0000
0000
0000
0000
0000
0000
0000
0000
0000
0000
0000
0000
0000
0000
0000
0000
0000
0000
0000
0000
0000
0000
0000
0000
0000
0000
0000
0000
0000
0000
0000
0000
0000
0000
0000
0000
0000
0000
0000
0000
0000
0000
0000
0000
0000
0000
0000
0000
0000
0000
0000
0000
0000
0000
0000
0000
0000
0000
0000
0000
0000
0000
0000
0000
0000
0000
0000
0000
0000
0000
0000
0000
0000
0000
0000
0000
0000
0000
0000
0000
0000
0000
0000
0000
0000
0000
0000
0000
0000
0000
0000
0000
0000
0000
0000
0000
0000
0000
0000
0000
0000
0000
0000
0000
0000
0000
0000
0000
0000
0000
0000
0000
0000
0000
0000
0000
0000
0000
0000
0000
0000
0000
0000
0000
0000
0000
0000
0000
0000
0000
0000
0000
0000
0000
0000
0000
0000
0000
0000
0000
0000
0000
0000
0000
0000
0000
0000
0000
0000
0000
0000
0000
0000
0000
0000
0000
0000
0000
0000
0000
0000
0000
0000
0000
0000
0000
0000
0000
0000
0000
0000
0000
0000
0000
0000
0000
0000
0000
0000
0000
0000
0000
0000
0000
0000
0000
0000
0000
0000
0000
0000
0000
0000
0000
0000
0000
0000
0000
0000
0000
0000
0000
0000
0000
0000
0000
0000
0000
0000
0000
0000
0000
0000
0000
0000
0000
0000
0000
0000
0000
0000
0000
0000
0000
0000
0000
0000
0000
0000
0000
0000
0000
0000
0000
0000
0000
0000
0000
0000
0000
0000
0000
0000
0000
0000
0000
0000
0000
0000
0000
0000
0000
0000
0000
0000
0000
0000
0000
0000
0000
0000
0000
0000
0000
0000
0000
0000
0000
0000
0000
0000
0000
0000
0000
0000
0000
0000
0000
0000
0000
0000
0000
0000
0000
0000
0000
0000
0000
0000
0000
0000
0000
0000
0000
0000
0000
0000
0000
0000
0000
0000
0000
0000
0000
0000
0000
0000
0000
0000
0000
0000
0000
0000
0000
0000
0000
0000
0000
0000
0000
0000
0000
0000
0000
0000
0000
0000
0000
0000
0000
0000
0000
0000
0000
0000
0000
0000
0000
0000
0000
0000
0000
0000
0000
0000
0000
0000
0000
0000
0000
0000
0000
0000
0000
0000
0000
0000
0000
0000
0000
0000
0000
0000
0000
0000
0000
0000
0000
0000
0000
0000
0000
0000
0000
0000
0000
0000
0000
0000
0000
0000
0000
0000
0000
0000
0000
0000
0000
0000
0000
0000
0000
0000
0000
0000
0000
0000
0000
0000
0000
0000
0000
0000
0000
0000
0000
0000
0000
0000
0000
0000
0000
0000
0000
0000
0000
0000
0000
0000
0000
0000
0000
0000
0000
0000
0000
0000
0000
0000
0000
0000
0000
0000
0000
0000
0000
0000
0000
0000
0000
0000
0000
0000
0000
0000
0000
0000
0000
0000
0000
0000
0000
0000
0000
0000
0000
0000
0000
0000
0000
0000
0000
0000
0000
0000
0000
0000
0000
0000
0000
0000
0000
0000
0000
0000
0000
0000
0000
0000
0000
0000
0000
0000
0000
0000
0000
0000
0000
0000
0000
0000
0000
0000
0000
0000
0000
0000
0000
0000
0000
0000
0000
0000
0000
0000
0000
0000
0000
0000
0000
0000
0000
0000
0000
0000
0000
0000
0000
0000
0000
0000
0000
0000
0000
0000
0000
0000
0000
0000
0000
0000
0000
0000
0000
0000
0000
0000
0000
0000
0000
0000
0000
0000
0000
0000
0000
0000
0000
0000
0000
0000
0000
0000
0000
0000
0000
0000
0000
0000
0000
0000
0000
0000
0000
0000
0000
0000
0000
0000
0000
0000
0000
0000
0000
0000
0000
0000
0000
0000
0000
0000
0000
0000
0000
0000
0000
0000
0000
0000
0000
0000
0000
0000
0000
0000
0000
0000
0000
0000
0000
0000
0000
0000
0000
0000
0000
0000
0000
0000
0000
0000
0000
0000
0000
0000
0000
0000
0000
0000
0000
0000
0000
0000
0000
0000
0000
0000
0000
0000
0000
0000
0000
0000
0000
0000
0000
0000
0000
0000
0000
0000
0000
0000
0000
0000
0000
0000
0000
0000
0000
0000
0000
0000
0000
0000
0000
0000
0000
0000
0000
0000
0000
0000
0000
0000
0000
0000
0000
0000
0000
0000
0000
0000
0000
0000
0000
0000
0000
0000
0000
0000
0000
0000
0000
0000
0000
0000
0000
0000
0000
0000
0000
0000
0000
0000
0000
0000
0000
0000
0000
0000
0000
0000
0000
0000
0000
0000
0000
0000
0000
0000
0000
0000
0000
0000
0000
0000
0000
0000
0000
0000
0000
0000
0000
0000
0000
0000
0000
0000
0000
0000
0000
0000
0000
0000
0000
0000
0000
0000
0000
0000
0000
0000
0000
0000
0000
0000
0000
0000
0000
0000
0000
0000
0000
0000
0000
0000
0000
0000
0000
0000
0000
0000
0000
0000
0000
0000
0000
0000
0000
0000
0000
0000
0000
0000
0000
0000
0000
0000
0000
0000
0000
0000
0000
0000
0000
0000
0000
0000
0000
0000
0000
0000
0000
0000
0000
0000
0000
0000
0000
0000
0000
0000
0000
0000
0000
0000
0000
0000
0000
0000
0000
0000
0000
0000
0000
0000
0000
0000
0000
0000
0000
0000
0000
0000
0000
0000
0000
0000
0000
0000
0000
0000
0000
0000
0000
0000
0000
0000
0000
0000
0000
0000
0000
0000
0000
0000
0000
0000
0000
0000
0000
0000
0000
0000
0000
0000
0000
0000
0000
0000
0000
0000
0000
0000
0000
0000
0000
0000
0000
0000
0000
0000
0000
0000
0000
0000
0000
0000
0000
0000
0000
0000
0000
0000
0000
0000
0000
0000
0000
0000
0000
0000
0000
0000
0000
0000
0000
0000
0000
0000
0000
0000
0000
0000
0000
0000
0000
0000
0000
0000
0000
0000
0000
0000
0000
0000
0000
0000
0000
0000
0000
0000
0000
0000
0000
0000
0000
0000
0000
0000
0000
0000
0000
0000
0000
0000
0000
0000
0000
0000
0000
0000
0000
0000
0000
0000
0000
0000
0000
0000
0000
0000
0000
0000
0000
0000
0000
0000
0000
0000
0000
0000
0000
0000
0000
0000
0000
0000
0000
0000
0000
0000
0000
0000
0000
0000
0000
0000
0000
0000
0000
0000
0000
0000
0000
0000
0000
0000
0000
0000
0000
0000
0000
0000
0000
0000
0000
0000
0000
0000
0000
0000
0000
0000
0000
0000
0000
0000
0000
0000
0000
0000
0000
0000
0000
0000
0000
0000
0000
0000
0000
0000
0000
0000
0000
0000
0000
0000
0000
0000
0000
0000
0000
0000
0000
0000
0000
0000
0000
0000
0000
0000
0000
0000
0000
0000
0000
0000
0000
0000
0000
0000
0000
0000
0000
0000
0000
0000
0000
0000
0000
0000
0000
0000
0000
0000
0000
0000
0000
0000
0000
0000
0000
0000
0000
0000
0000
0000
0000
0000
0000
0000
0000
0000
0000
0000
0000
0000
0000
0000
0000
0000
0000
0000
0000
0000
0000
0000
0000
0000
0000
0000
0000
0000
0000
0000
0000
0000
0000
0000
0000
0000
0000
0000
0000
0000
0000
0000
0000
0000
0000
0000
0000
0000
0000
0000
0000
0000
0000
0000
0000
0000
0000
0000
0000
0000
0000
0000
0000
0000
0000
0000
0000
0000
0000
0000
0000
0000
0000
0000
0000
0000
0000
0000
0000
0000
0000
0000
0000
0000
0000
0000
0000
0000
0000
0000
0000
0000
0000
0000
0000
0000
0000
0000
0000
0000
0000
0000
0000
0000
0000
0000
0000
0000
0000
0000
0000
0000
0000
0000
0000
0000
0000
0000
0000
0000
0000
0000
0000
0000
0000
0000
0000
0000
0000
0000
0000
0000
0000
0000
0000
0000
0000
0000
0000
0000
0000
0000
0000
0000
0000
0000
0000
0000
0000
0000
0000
0000
0000
0000
0000
0000
0000
0000
0000
0000
0000
0000
0000
0000
0000
0000
0000
0000
0000
0000
0000
0000
0000
0000
0000
0000
0000
0000
0000
0000
0000
0000
0000
0000
0000
0000
0000
0000
0000
0000
0000
0000
0000
0000
0000
0000
0000
0000
0000
0000
0000
0000
0000
0000
0000
0000
0000
0000
0000
0000
0000
0000
0000
0000
0000
0000
0000
0000
0000
0000
0000
0000
0000
0000
0000
0000
0000
0000
0000
0000
0000
0000
0000
0000
0000
0000
0000
0000
0000
0000
0000
0000
0000
0000
0000
0000
0000
0000
0000
0000
0000
0000
0000
0000
0000
0000
0000
0000
0000
0000
0000
0000
0000
0000
0000
0000
0000
0000
0000
0000
0000
0000
0000
0000
0000
0000
0000
0000
0000
0000
0000
0000
0000
0000
0000
0000
0000
0000
0000
0000
0000
0000
0000
0000
0000
0000
0000
0000
0000
0000
0000
0000
0000
0000
0000
0000
0000
0000
0000
0000
0000
0000
0000
0000
0000
0000
0000
0000
0000
0000
0000
0000
0000
0000
0000
0000
0000
0000
0000
0000
0000
0000
0000
0000
0000
0000
0000
0000
0000
0000
0000
0000
0000
0000
0000
0000
0000
0000
0000
0000
0000
0000
0000
0000
0000
0000
0000
0000
0000
0000
0000
0000
0000
0000
0000
0000
0000
0000
0000
0000
0000
0000
0000
0000
0000
0000
0000
0000
0000
0000
0000
0000
0000
0000
0000
0000
0000
0000
0000
0000
0000
0000
0000
0000
0000
0000
0000
0000
0000
0000
0000
0000
0000
0000
0000
0000
0000
0000
0000
0000
0000
0000
0000
003c
425a
5252
5252
0000
0000
0000
0000
5252
525a
423c
0000
0000
0000
0000
0000
003e
7e7e
7e70
7c7e
0000
0000
0000
0000
3e0e
7e7e
7e7c
0000
0000
0000
0000
0000
003e
7e7e
7e70
7c7c
0000
0000
0000
0000
7c70
7e7e
7e3e
0000
0000
0000
0000
0000
003e
7e7e
7e60
6e6e
0000
0000
0000
0000
6e66
7e7e
7e3e
0000
0000
0000
0000
0000
0018
1818
183c
3c3c
0000
0000
0000
0000
3c66
6e6e
6e6e
0000
0000
0000
0000
0000
0000
0000
0000
0000
0000
0000
0000
0000
0000
0000
0000
0000
0000
0000
0000
0000
0000
0000
0000
0000
0000
0000
0000
0000
0000
0000
0000
0000
0000
0000
0000
0000
0000
0000
0000
0000
0000
0000
0000
0000
0000
0000
0000
0000
0000
0000
0000
0000
0000
0000
0000
0000
0000
0000
0000
0000
0000
0000
0000
0000
0000
0000
0000
0000
0000
0000
0000
0000
0000
0000
0000
0000
0000
0000
0000
0000
0000
0000
0000
0000
0000
0000
0000
0000
0000
0000
0000
0000
0000
0000
0000
0000
0000
0000
0000
0000
0000
0000
0000
0000
0000
0000
0000
0000
0000
0000
0000
0000
0000
0000
0000
0000
0000
0000
0000
0000
0000
0000
0000
0000
0000
0000
0000
0000
0000
0000
0000
0000
0000
0000
0000
0000
0000
0000
0000
0000
0000
0000
0000
0000
0000
0000
0000
0000
0000
0000
0000
0000
0000
0000
0000
0000
0000
0000
0000
0000
0000
0000
0000
0000
0000
0000
0000
0060
0000
0000
0000
0000
9292
0c00
0000
0000
0000
0000
0000
0000
0000
0000
0000
0000
0000
0000
0000
0000
fe02
0202
0202
0000
0000
0000
0000
0000
0000
0000
0000
0010
0000
0000
0000
0000
3838
1000
0000
0000
0000
0000
0000
0000
0000
0000
0000
0000
0000
0000
0000
0000
7c00
0000
0000
0000
0000
0000
0000
0000
0408
080c
0c00
0000
0000
0000
0000
0000
0000
0000
0000
0000
0000
0000
0000
0000
1224
2436
0000
0000
0000
0000
0000
0000
0000
0000
0000
0000
0000
0000
0000
0000
3c20
2020
2020
2020
0000
0000
0000
0000
2020
0000
0000
0000
0000
0000
0000
0000
0000
0000
0008
0808
0000
0000
0000
0000
0808
0808
0808
7800
0000
0000
0000
0000
3c38
3030
3030
3030
0000
0000
0000
0000
3030
3030
3038
3c00
0000
0000
0000
0000
7838
1818
1818
1818
0000
0000
0000
0000
1818
1818
1838
7800
0000
0000
0000
0000
0080
8040
4020
2010
0000
0000
0000
0000
1008
0804
0402
0200
0000
0000
0000
0000
0000
0000
0000
0000
0000
0000
0000
0000
0000
0000
0000
0000
0000
0000
0000
0000
0000
0000
0000
0000
0000
0000
0000
0000
0000
0000
0000
0000
0000
0000
0000
0000
0000
0000
0000
0000
0000
0000
0000
0000
0000
0000
0000
0000
0000
0000
0000
0000
0000
0000
0000
0000
0000
0000
0000
0000
0000
0000
0000
0000
0000
0000
0000
0000
0000
0000
0000
0000
0000
0000
0000
0000
0000
0000
0000
0000
0000
0000
0000
0000
0000
0000
0000
0000
0000
0000
0000
0000
0000
0000
0000
0000
0000
0000
0000
0000
0010
3838
3838
1010
0000
0000
0000
0000
1010
1000
0010
3810
0000
0000
0000
0000
d848
4890
0000
0000
0000
0000
0000
0000
0000
0000
0000
0000
0000
0000
0000
0000
0044
4444
fe44
4444
0000
0000
0000
0000
44fe
4444
4444
0000
0000
0000
0000
0000
0010
107c
9290
5038
0000
0000
0000
0000
1412
1292
7c10
1000
0000
0000
0000
0000
0060
9292
9464
0810
0000
0000
0000
0000
1020
4c52
9292
0c00
0000
0000
0000
0000
0070
8888
8850
2060
0000
0000
0000
0000
a292
9488
8c72
0000
0000
0000
0000
0000
c0c0
4040
8000
0000
0000
0000
0000
0000
0000
0000
0000
0000
0000
0000
0000
0000
0408
1010
2020
2020
0000
0000
0000
0000
2020
2010
1008
0400
0000
0000
0000
0000
4020
1010
0808
0808
0000
0000
0000
0000
0808
0810
1020
4000
0000
0000
0000
0000
0000
0000
1010
9254
0000
0000
0000
0000
3854
9210
1000
0000
0000
0000
0000
0000
0000
0010
1010
1010
0000
0000
0000
0000
fe10
1010
1010
0000
0000
0000
0000
0000
0000
0000
0000
0000
0000
0000
0000
0000
0000
0030
3010
1020
0000
0000
0000
0000
0000
0000
0000
0000
0000
0000
0000
0000
fe00
0000
0000
0000
0000
0000
0000
0000
0000
0000
0000
0000
0000
0000
0000
0000
0000
0000
3030
0000
0000
0000
0000
0000
0002
0204
0408
0810
0000
0000
0000
0000
1020
2040
4080
8000
0000
0000
0000
0000
0078
8484
8484
8484
0000
0000
0000
0000
8484
8484
8484
7800
0000
0000
0000
0000
0010
3050
1010
1010
0000
0000
0000
0000
1010
1010
1010
7c00
0000
0000
0000
0000
0078
8484
0404
0408
0000
0000
0000
0000
1020
4080
8084
fc00
0000
0000
0000
0000
0078
8404
0404
0830
0000
0000
0000
0000
0804
0404
0484
7800
0000
0000
0000
0000
0008
1828
2848
4848
0000
0000
0000
0000
8888
88fc
0808
3c00
0000
0000
0000
0000
00fc
8080
8080
b8c4
0000
0000
0000
0000
8404
0404
0484
7800
0000
0000
0000
0000
0078
8480
8080
80b8
0000
0000
0000
0000
c484
8484
8484
7800
0000
0000
0000
0000
00fc
8484
0408
0810
0000
0000
0000
0000
1010
1010
1010
1000
0000
0000
0000
0000
0078
8484
8484
8478
0000
0000
0000
0000
8484
8484
8484
7800
0000
0000
0000
0000
0078
8484
8484
8484
0000
0000
0000
0000
8c74
0404
0484
7800
0000
0000
0000
0000
0000
0000
0018
1800
0000
0000
0000
0000
0000
0000
1818
0000
0000
0000
0000
0000
0000
0000
0018
1800
0000
0000
0000
0000
0000
0018
1808
0810
0000
0000
0000
0000
0000
0004
0810
2040
0000
0000
0000
0000
8040
2010
0804
0000
0000
0000
0000
0000
0000
0000
0000
fe00
0000
0000
0000
0000
00fe
0000
0000
0000
0000
0000
0000
0000
0000
0040
2010
0804
0000
0000
0000
0000
0204
0810
2040
0000
0000
0000
0000
0000
0038
4482
8282
4204
0000
0000
0000
0000
0810
1000
0010
3810
0000
0000
0000
0000
0038
4482
8202
3252
0000
0000
0000
0000
9292
9292
926c
0000
0000
0000
0000
0000
0010
2828
2844
4444
0000
0000
0000
0000
4482
fe82
8282
0000
0000
0000
0000
0000
00f8
4442
4242
4478
0000
0000
0000
0000
4442
4242
42fc
0000
0000
0000
0000
0000
0038
4682
8080
8080
0000
0000
0000
0000
8080
8282
4438
0000
0000
0000
0000
0000
00f8
4442
4242
4242
0000
0000
0000
0000
4242
4242
44f8
0000
0000
0000
0000
0000
00fe
4240
4040
447c
0000
0000
0000
0000
4440
4040
42fe
0000
0000
0000
0000
0000
00fe
4240
4040
447c
0000
0000
0000
0000
4440
4040
40e0
0000
0000
0000
0000
0000
0038
4682
8280
8080
0000
0000
0000
0000
8e82
8282
463a
0000
0000
0000
0000
0000
0082
8282
8282
82fe
0000
0000
0000
0000
8282
8282
8282
0000
0000
0000
0000
0000
007c
1010
1010
1010
0000
0000
0000
0000
1010
1010
107c
0000
0000
0000
0000
0000
001c
0808
0808
0808
0000
0000
0000
0000
0808
0888
8870
0000
0000
0000
0000
0000
00e2
4244
4448
4870
0000
0000
0000
0000
4848
4444
42e2
0000
0000
0000
0000
0000
00e0
4040
4040
4040
0000
0000
0000
0000
4040
4040
42fe
0000
0000
0000
0000
0000
0082
82c6
c6aa
aa92
0000
0000
0000
0000
9282
8282
8282
0000
0000
0000
0000
0000
0082
82c2
c2a2
a292
0000
0000
0000
0000
928a
8a86
8682
0000
0000
0000
0000
0000
0038
4444
8282
8282
0000
0000
0000
0000
8282
8244
4438
0000
0000
0000
0000
0000
00f8
4442
4242
4244
0000
0000
0000
0000
7840
4040
40e0
0000
0000
0000
0000
0000
0038
4482
8282
8282
0000
0000
0000
0000
82b2
ca84
443a
0000
0000
0000
0000
0000
00f8
4442
4242
4244
0000
0000
0000
0000
7848
4444
42e2
0000
0000
0000
0000
0000
0038
4482
8280
6018
0000
0000
0000
0000
0402
8282
423c
0000
0000
0000
0000
0000
00fe
9292
1010
1010
0000
0000
0000
0000
1010
1010
1038
0000
0000
0000
0000
0000
0082
8282
8282
8282
0000
0000
0000
0000
8282
8282
4438
0000
0000
0000
0000
0000
0082
8282
8282
4444
0000
0000
0000
0000
4428
2828
1010
0000
0000
0000
0000
0000
0082
8282
8282
9292
0000
0000
0000
0000
aaaa
aa44
4444
0000
0000
0000
0000
0000
0082
8244
4428
2810
0000
0000
0000
0000
2828
4444
8282
0000
0000
0000
0000
0000
0082
8282
4444
2828
0000
0000
0000
0000
1010
1010
1038
0000
0000
0000
0000
0000
007e
4202
0408
0810
0000
0000
0000
0000
2020
4080
82fe
0000
0000
0000
0000
0000
0c30
2020
2020
2020
0000
0000
0000
0000
2020
2020
2030
0c00
0000
0000
0000
0000
0082
8282
4444
fe28
0000
0000
0000
0000
28fe
1010
1010
3800
0000
0000
0000
0000
6018
0808
0808
0808
0000
0000
0000
0000
0808
0808
0818
6000
0000
0000
0000
0000
1028
4400
0000
0000
0000
0000
0000
0000
0000
0000
0000
0000
0000
0000
0000
0000
0000
0000
0000
0000
0000
0000
0000
0000
0000
0000
0000
00fe
0000
0000
0000
0000
2010
0800
0000
0000
0000
0000
0000
0000
0000
0000
0000
0000
0000
0000
0000
0000
0000
0000
0078
8404
0000
0000
0000
0000
3c44
8484
8c76
0000
0000
0000
0000
0000
0080
8080
80b8
c482
0000
0000
0000
0000
8282
8282
c4b8
0000
0000
0000
0000
0000
0000
0000
0038
4482
0000
0000
0000
0000
8080
8082
4438
0000
0000
0000
0000
0000
0006
0202
023a
4682
0000
0000
0000
0000
8282
8282
463a
0000
0000
0000
0000
0000
0000
0000
0038
4482
0000
0000
0000
0000
82fe
8080
423c
0000
0000
0000
0000
0000
000c
1210
107c
1010
0000
0000
0000
0000
1010
1010
1038
0000
0000
0000
0000
0000
0000
0000
0078
8684
0000
0000
0000
0000
8478
407c
8282
827c
0000
0000
0000
0000
00c0
4040
4058
6442
0000
0000
0000
0000
4242
4242
42c2
0000
0000
0000
0000
0000
0010
1000
0030
1010
0000
0000
0000
0000
1010
1010
1038
0000
0000
0000
0000
0000
0010
1000
0030
1010
0000
0000
0000
0000
1010
1010
1010
9060
0000
0000
0000
0000
00e0
4040
4042
4448
0000
0000
0000
0000
5068
4844
42e2
0000
0000
0000
0000
0000
0030
1010
1010
1010
0000
0000
0000
0000
1010
1010
1038
0000
0000
0000
0000
0000
0000
0000
00ec
9292
0000
0000
0000
0000
9292
9292
9292
0000
0000
0000
0000
0000
0000
0000
00dc
6242
0000
0000
0000
0000
4242
4242
4242
0000
0000
0000
0000
0000
0000
0000
0038
4482
0000
0000
0000
0000
8282
8282
4438
0000
0000
0000
0000
0000
0000
0000
00b8
c482
0000
0000
0000
0000
8282
82c4
b880
80c0
0000
0000
0000
0000
0000
0000
003a
4682
0000
0000
0000
0000
8282
8246
3a02
0206
0000
0000
0000
0000
0000
0000
006c
3222
0000
0000
0000
0000
2020
2020
2070
0000
0000
0000
0000
0000
0000
0000
0078
8482
0000
0000
0000
0000
6018
0482
423c
0000
0000
0000
0000
0000
0000
2020
20fc
2020
0000
0000
0000
0000
2020
2020
221c
0000
0000
0000
0000
0000
0000
0000
0084
8484
0000
0000
0000
0000
8484
8484
4c36
0000
0000
0000
0000
0000
0000
0000
0082
8282
0000
0000
0000
0000
4444
2828
1010
0000
0000
0000
0000
0000
0000
0000
0082
8282
0000
0000
0000
0000
9292
aaaa
4444
0000
0000
0000
0000
0000
0000
0000
0082
8244
0000
0000
0000
0000
2810
2844
8282
0000
0000
0000
0000
0000
0000
0000
0082
8242
0000
0000
0000
0000
4424
2818
1010
20c0
0000
0000
0000
0000
0000
0000
007e
0204
0000
0000
0000
0000
0810
2040
80fe
0000
0000
0000
0000
0000
0c10
1010
1010
2040
0000
0000
0000
0000
2010
1010
1010
0c00
0000
0000
0000
0000
0010
1010
1010
1010
0000
0000
0000
0000
1010
1010
1010
1000
0000
0000
0000
0000
6010
1010
1010
0804
0000
0000
0000
0000
0810
1010
1010
6000
0000
0000
0000
0000
fe00
0000
0000
0000
0000
0000
0000
0000
0000
0000
0000
0000
0000
0000
0000
0000
2449
9224
4992
2449
0000
0000
0000
0000
9224
4992
2449
9224
0000
0000
0000
0000
0000
0000
0000
0000
0000
0000
0000
0000
0000
0000
0000
0000
0000
0000
0000
0000
0000
0000
0000
0000
0000
0000
0000
0000
0000
0000
0000
0000
0000
0000
0000
0000
0000
0000
0000
0000
0000
0000
0000
0000
0000
0000
0000
0000
0000
0000
0000
0000
0000
0000
0000
0000
0000
0000
0000
0000
0000
0000
0000
0000
0000
0000
0000
0000
0000
0000
0000
0000
0000
0000
0000
0000
0000
0000
0000
0000
0000
0000
0000
0000
0000
0000
0000
0000
0000
0000
0000
0000
0000
0000
0000
0000
0000
0000
0000
0000
0000
0000
0000
0000
0000
0000
0000
0000
0000
0000
0000
0000
0000
0000
0000
0000
0000
0000
0000
0000
0000
0000
0000
0000
0000
0000
0000
0000
0000
0000
0000
0000
0000
0000
0000
0000
0000
0000
0000
0000
0000
0000
0000
0000
0000
0000
0000
0000
0000
0000
0000
0000
0000
0000
0000
0000
0000
0000
0000
0000
0000
0000
0000
0000
0000
0000
0000
0000
0000
0000
0000
0000
0000
0000
0000
0000
0000
0000
0000
0000
0000
0000
0000
0000
0000
0000
0000
0000
0000
0000
0000
0000
0000
0000
0000
0000
0000
0000
0000
0000
0000
0000
0000
0000
0000
0000
0000
0000
0000
0000
0000
0000
0000
0000
0000
0000
0000
0000
0000
0000
0000
0000
0000
0000
0000
0000
0000
0000
0000
0000
0000
0000
0000
0000
0000
0000
0000
0000
0000
0000
0000
0000
0000
0000
0000
0000
0000
0000
0000
0000
0000
0000
0000
0000
0000
0000
0000
0000
0000
0000
0000
0000
0000
0000
0000
0000
0000
0000
0000
0000
0000
0000
0000
0000
0000
0000
0000
0000
0000
0000
0000
0000
0000
0000
0000
0000
0000
0000
0000
0000
0000
0000
0000
0000
0000
0000
0000
0000
0000
0000
0000
0000
0000
0000
0000
0000
0000
0000
0000
0000
0000
0000
0000
0000
0000
0000
0000
0000
0000
0000
0000
0000
0000
0000
0000
0000
0000
0000
0000
0000
0000
0000
0000
0000
0000
0000
0000
0000
0000
0000
0000
0000
0000
0000
0000
0000
0000
0000
0000
0000
0000
0000
0000
0000
0000
0000
0000
0000
0000
0000
0000
0000
0000
0000
0000
0000
0000
0000
0000
0000
0000
0000
0000
0000
0000
0000
0000
0000
0000
0000
0000
0000
0000
0000
0000
0000
0000
0000
0000
0000
0000
0000
0000
0000
0000
0000
0000
0000
0000
0000
0000
0000
0000
0000
0000
0000
0000
0000
0000
0000
0000
0000
0000
0000
0000
0000
0000
0000
0000
0000
0000
0000
0000
0000
0000
0000
0000
0000
0000
0000
0000
0000
0000
0000
0000
0000
0000
0000
0000
0000
0000
0000
0000
0000
0000
0000
0000
0000
0000
0000
0000
0000
0000
0000
0000
0000
0000
0000
0000
0000
0000
0000
0000
0000
0000
0000
0000
0000
0000
0000
0000
0000
0000
0000
0000
0000
0000
0000
0000
0000
0000
0000
0000
0000
0000
0000
0000
0000
0000
0000
0000
0000
0000
0000
0000
0000
0000
0000
0000
0000
0000
0000
0000
0000
0000
0000
0000
0000
0000
0000
0000
0000
0000
0000
0000
0000
0000
0000
0000
0000
0000
0000
0000
0000
0000
0000
0000
0000
0000
0000
0000
0000
0000
0000
0000
0000
0000
0000
0000
0000
0000
0000
2050
5020
0000
0000
0000
0000
1e10
1010
1010
1010
0000
0000
0000
0000
1010
1010
1010
1010
0000
0000
0000
0000
0404
0404
0404
0404
0000
0000
0000
0000
0404
0404
0404
043c
0000
0000
0000
0000
0000
0000
0000
0000
0000
0000
0000
0000
0000
0000
0040
2020
0000
0000
0000
0000
0000
0000
0000
0030
0000
0000
0000
0000
3000
0000
0000
0000
0000
0000
0000
0000
0000
7e02
0202
7e02
0000
0000
0000
0000
0204
0408
0810
2000
0000
0000
0000
0000
0000
0000
007e
0202
0000
0000
0000
0000
1418
1010
1020
4000
0000
0000
0000
0000
0000
0000
0202
0404
0000
0000
0000
0000
0818
6808
0808
0800
0000
0000
0000
0000
0000
0000
0808
7e42
0000
0000
0000
0000
4242
0204
0408
3000
0000
0000
0000
0000
0000
0000
003e
0808
0000
0000
0000
0000
0808
0808
087f
0000
0000
0000
0000
0000
0000
0000
0808
7e08
0000
0000
0000
0000
1818
2828
4808
1800
0000
0000
0000
0000
0000
0000
1010
101f
0000
0000
0000
0000
7112
1410
1010
1000
0000
0000
0000
0000
0000
0000
0000
3808
0000
0000
0000
0000
0808
0808
087e
0000
0000
0000
0000
0000
0000
0000
007c
0404
0000
0000
0000
0000
047c
0404
047c
0000
0000
0000
0000
0000
0000
0000
0052
5252
0000
0000
0000
0000
5202
0204
0408
3000
0000
0000
0000
0000
0000
0000
0000
007e
0000
0000
0000
0000
0000
0000
0000
0000
0000
0000
0000
0000
0000
7e02
0204
1418
0000
0000
0000
0000
1010
1010
1020
4000
0000
0000
0000
0000
0002
0202
0404
0408
0000
0000
0000
0000
1868
0808
0808
0800
0000
0000
0000
0000
0008
087e
4242
4242
0000
0000
0000
0000
0204
0408
0810
2000
0000
0000
0000
0000
0000
003e
0808
0808
0000
0000
0000
0000
0808
0808
087f
0000
0000
0000
0000
0000
0004
0404
7f04
0c0c
0000
0000
0000
0000
1414
1424
4404
0c00
0000
0000
0000
0000
0010
1010
7e12
1212
0000
0000
0000
0000
1212
1222
2222
4600
0000
0000
0000
0000
0010
1010
107e
1010
0000
0000
0000
0000
0808
7e08
0808
0800
0000
0000
0000
0000
0010
101e
1222
2242
0000
0000
0000
0000
0404
0808
1020
4000
0000
0000
0000
0000
0020
2020
3e24
2444
0000
0000
0000
0000
0404
0808
1020
4000
0000
0000
0000
0000
0000
007e
0202
0202
0000
0000
0000
0000
0202
0202
027e
0000
0000
0000
0000
0000
0024
2424
247e
2424
0000
0000
0000
0000
2424
0408
0810
2000
0000
0000
0000
0000
0000
6010
0202
6212
0000
0000
0000
0000
0202
0404
0810
6000
0000
0000
0000
0000
0000
7c04
0404
0408
0000
0000
0000
0000
0808
1414
1222
4200
0000
0000
0000
0000
0020
2020
3e62
2428
0000
0000
0000
0000
2020
2020
201e
0000
0000
0000
0000
0000
0000
4222
2212
1202
0000
0000
0000
0000
0404
0808
1020
4000
0000
0000
0000
0000
0010
101e
1222
324a
0000
0000
0000
0000
0404
0808
1020
4000
0000
0000
0000
0000
0002
0c78
0808
087e
0000
0000
0000
0000
0808
0810
1020
4000
0000
0000
0000
0000
0000
5252
5252
5252
0000
0000
0000
0000
0204
0408
0810
2000
0000
0000
0000
0000
0000
3c00
0000
7e08
0000
0000
0000
0000
0808
0810
1020
4000
0000
0000
0000
0000
0020
2020
2020
302c
0000
0000
0000
0000
2220
2020
2020
2000
0000
0000
0000
0000
0008
0808
087e
0808
0000
0000
0000
0000
0808
0810
1020
4000
0000
0000
0000
0000
0000
003c
0000
0000
0000
0000
0000
0000
0000
0000
007e
0000
0000
0000
0000
0000
0000
7c04
0404
2414
0000
0000
0000
0000
0808
1412
1020
4000
0000
0000
0000
0000
0010
0800
7e02
0404
0000
0000
0000
0000
081c
2a48
0808
0800
0000
0000
0000
0000
0000
0202
0202
0204
0000
0000
0000
0000
0404
0808
1020
4000
0000
0000
0000
0000
0000
0402
1212
1212
0000
0000
0000
0000
1111
2121
2141
0000
0000
0000
0000
0000
0000
4040
424c
7040
0000
0000
0000
0000
4040
4040
403e
0000
0000
0000
0000
0000
0000
7e02
0202
0202
0000
0000
0000
0000
0404
0808
1020
4000
0000
0000
0000
0000
0000
0010
2828
2844
0000
0000
0000
0000
0404
0202
0201
0000
0000
0000
0000
0000
0008
0808
7f08
082a
0000
0000
0000
0000
2a2a
2a2a
4908
0800
0000
0000
0000
0000
0000
7e02
0202
0202
0000
0000
0000
0000
0444
2810
0804
0400
0000
0000
0000
0000
0060
1804
0000
6018
0000
0000
0000
0000
0400
0060
1804
0200
0000
0000
0000
0000
0008
0808
0810
1010
0000
0000
0000
0000
1024
2222
2e72
0200
0000
0000
0000
0000
0004
0404
0444
2414
0000
0000
0000
0000
0808
1412
1020
4000
0000
0000
0000
0000
0000
7e10
1010
107e
0000
0000
0000
0000
1010
1010
100e
0000
0000
0000
0000
0000
0010
1010
101f
7112
0000
0000
0000
0000
1410
1010
1010
1000
0000
0000
0000
0000
0000
3c04
0404
0404
0000
0000
0000
0000
0404
0404
047f
0000
0000
0000
0000
0000
0000
7e02
0202
023e
0000
0000
0000
0000
0202
0202
027e
0000
0000
0000
0000
0000
0000
3c00
0000
7e02
0000
0000
0000
0000
0202
0404
0810
2000
0000
0000
0000
0000
0002
4242
4242
4242
0000
0000
0000
0000
4242
0404
0810
2000
0000
0000
0000
0000
0008
2828
2828
2828
0000
0000
0000
0000
282a
2a2a
2a2c
4800
0000
0000
0000
0000
0040
4040
4040
4242
0000
0000
0000
0000
4244
4448
4850
6000
0000
0000
0000
0000
0000
007e
4242
4242
0000
0000
0000
0000
4242
4242
427e
0000
0000
0000
0000
0000
0000
7e42
4242
4242
0000
0000
0000
0000
0204
0408
0810
2000
0000
0000
0000
0000
0000
0070
0202
0202
0000
0000
0000
0000
0202
0404
0810
6000
0000
0000
0000
0000
2828
0000
0000
0000
0000
0000
0000
0000
0000
0000
0000
0000
0000
0000
0000
0000
1028
2810
0000
0000
0000
0000
0000
0000
0000
0000
0000
0000
0000
0000
0000
0000
0004
0404
7e24
2424
0000
0000
0000
0000
2424
7e04
0404
0400
0000
0000
0000
0000
0000
007e
0202
1418
0000
0000
0000
0000
1010
1010
107e
0000
0000
0000
0000
0000
0000
0000
007e
4242
0000
0000
0000
0000
4202
0404
0810
2000
0000
0000
0000
0000
0000
0000
1010
7e12
0000
0000
0000
0000
1212
1222
2222
4600
0000
0000
0000
0000
0000
0000
2020
3e24
0000
0000
0000
0000
2444
0408
0810
2000
0000
0000
0000
0000
0505
1010
7e42
4242
0000
0000
0000
0000
4204
0408
0810
2000
0000
0000
0000
0000
0515
1010
7e12
1212
0000
0000
0000
0000
1212
1222
2222
4600
0000
0000
0000
0000
0515
1010
107e
1010
0000
0000
0000
0000
0808
7e08
0808
0800
0000
0000
0000
0000
0505
1010
1e22
2242
0000
0000
0000
0000
0404
0808
1020
4000
0000
0000
0000
0000
0a0a
2020
3e24
2444
0000
0000
0000
0000
0404
0808
1020
4000
0000
0000
0000
0000
0a0a
0000
7e02
0202
0000
0000
0000
0000
0202
0202
027e
0000
0000
0000
0000
0000
0a0a
2024
247e
2424
0000
0000
0000
0000
2424
0408
0810
2000
0000
0000
0000
0000
0a0a
6010
0202
6212
0000
0000
0000
0000
0202
0404
0810
6000
0000
0000
0000
0000
0a0a
007c
0404
0404
0000
0000
0000
0000
0808
0814
1412
2242
0000
0000
0000
0000
0a0a
2020
7e22
2428
0000
0000
0000
0000
2020
2020
201e
0000
0000
0000
0000
0000
0a0a
4020
2212
1202
0000
0000
0000
0000
0404
0808
1020
4000
0000
0000
0000
0000
0505
1010
1e22
324a
0000
0000
0000
0000
0404
0808
1020
4000
0000
0000
0000
0000
0a0a
000e
7808
087e
0000
0000
0000
0000
0808
0810
1020
4000
0000
0000
0000
0000
0a0a
0050
5252
5252
0000
0000
0000
0000
0204
0408
0810
6000
0000
0000
0000
0000
0a0a
003c
0000
007e
0000
0000
0000
0000
0808
0808
1010
2000
0000
0000
0000
0000
0a0a
2020
2020
302c
0000
0000
0000
0000
2220
2020
2020
2000
0000
0000
0000
0000
0505
0004
1212
1212
0000
0000
0000
0000
1111
2121
2141
0000
0000
0000
0000
0000
0205
0502
0012
1212
0000
0000
0000
0000
1111
2121
2141
0000
0000
0000
0000
0000
0a0a
4040
424c
7040
0000
0000
0000
0000
4040
4040
403e
0000
0000
0000
0000
0000
040a
4a44
4046
7840
0000
0000
0000
0000
4040
4040
403e
0000
0000
0000
0000
0000
0a0a
0000
7e02
0202
0000
0000
0000
0000
0204
0408
0810
2000
0000
0000
0000
0000
040a
0a04
7e02
0202
0000
0000
0000
0000
0204
0408
0810
2000
0000
0000
0000
0000
0a0a
0010
2828
2844
0000
0000
0000
0000
0404
0202
0201
0000
0000
0000
0000
0000
040a
0a04
0010
2828
0000
0000
0000
0000
4404
0402
0202
0100
0000
0000
0000
0000
0505
0008
087f
0808
0000
0000
0000
0000
2a2a
2a2a
2a49
0800
0000
0000
0000
0000
0205
050a
087f
0808
0000
0000
0000
0000
2a2a
2a2a
2a49
0800
0000
0000
0000
0000
0000
0000
0000
0000
0000
0000
0000
0000
0000
0000
0000
0000
0000
0000
0000
0000
0000
0000
0000
0000
0000
0000
0000
0000
0000
0000
0000
0000
0000
0000
0000
0000
0000
0000
0000
0000
0000
0000
0000
0000
0000
0000
0000
0000
0000
0000
0000
0000
0000
0000
0000
0000
0000
0000
0000
0000
0000
0000
0000
0000
0000
0000
0000
0000
0000
0000
0000
0000
0000
0000
0000
0000
0000
0000
0000
0000
0000
0000
0000
0000
0000
0000
0000
0000
0000
0000
0000
0000
0000
0000
0000
0000
0000
0000
0000
0000
0000
0000
0000
0000
0000
0000
0000
0000
0000
0000
0000
0000
0000
0000
0000
0000
0000
0000
0000
0000
0000
0000
0000
0000
0000
0000
0000
0000
0000
0000
0000
0000
0000
0000
0000
0000
0000
0000
0000
0000
0000
0000
0000
0000
0000
0000
0000
0000
0000
0000
0000
0000
0000
0000
0000
0000
0000
0000
0000
0000
0000
0000
0000
0000
0000
0000
0000
0000
0000
0000
0000
0000
0000
0000
0000
0000
0000
0000
0000
0000
0000
0000
0000
0000
0000
0000
0000
0000
0000
0000
0000
0000
0000
0000
0000
0000
0000
0000
0000
0000
0000
0000
0000
0000
0000
0000
0000
0000
0000
0000
0000
0000
0000
0000
0000
0000
0000
0000
0000
0000
0000
0000
0000
0000
0000
0000
0000
0000
0000
0000
0000
0000
0000
0000
0000
0000
0000
0000
0000
0000
0000
0000
0000
0000
0000
0000
0000
0000
0000
0000
0000
0000
0000
0000
0000
0000
0000
0000
0000
0000
0000
0000
0000
0000
0000
0000
0000
0000
0000
0000
0000
0000
0000
0000
0000
0000
0000
0000
0000
0000
0000
0000
0000
0000
0000
0000
0000
0000
0000
0000
0000
0000
0000
0000
0000
0000
0000
0000
0000
0000
0000
0000
0000
0000
0000
0000
0000
0000
0000
0000
0000
0000
0000
0000
0000
0000
0000
0000
0000
0000
0000
0000
0000
0000
0000
0000
0000
0000
0000
0000
0000
0000
0000
0000
0000
0000
0000
0000
0000
0000
0000
0000
0000
0000
0000
0000
0000
0000
0000
0000
0000
0000
0000
0000
0000
0000
0000
0000
0000
0000
0000
0000
0000
0000
0000
0000
0000
0000
0000
0000
0000
0000
0000
0000
0000
0000
0000
0000
0000
0000
0000
0000
0000
0000
0000
0000
0000
0000
0000
0000
0000
0000
0000
0000
0000
0000
0000
0000
0000
0000
0000
0000
0000
0000
0000
0000
0000
0000
0000
0000
0000
0000
0000
0000
0000
0000
0000
0000
0000
0000
0000
0000
0000
0000
0000
0000
0000
0000
0000
0000
0000
0000
0000
0000
0000
0000
0000
0000
0000
0000
0000
0000
0000
0000
0000
0000
0000
0000
0000
0000
0000
0000
0000
0000
0000
0000
0000
0000
0000
0000
0000
0000
0000
0000
0000
0000
0000
0000
0000
0000
0000
0000
0000
0000
0000
0000
0000
0000
0000
0000
0000
0000
0000
0000
0000
0000
0000
0000
0000
0000
0000
0000
0000
0000
0000
0000
0000
0000
0000
0000
0000
0000
0000
0000
0000
0000
0000
0000
0000
0000
0000
0000
0000
0000
0000
0000
0000
0000
0000
0000
0000
0000
0000
0000
0000
0000
0000
0000
0000
0000
0000
0000
0000
0000
0000
0000
0000
0000
0000
0000
0000
0000
0000
0000
0000
0000
0000
0000
0000
0000
0000
0000
0000
0000
0000
0000
0000
0000
0000
0000
0000
0000
0000
0000
2424
4800
0000
0000
0000
0000
0000
0000
0000
0000
0000
0000
0000
0000
0000
0000
0000
0000
0000
0000
0000
0000
0000
0000
0000
0000
0024
2448
0000
0000
0000
0000
0000
0000
0000
00ff
0000
0000
0000
0000
0000
0000
0000
0000
0000
0000
0000
0000
0000
0000
0000
00ff
0000
0000
0000
0000
ff00
0000
0000
0000
0000
0000
0000
0000
0808
0808
0808
0808
0000
0000
0000
0000
0808
0808
0808
0808
0000
0000
0000
0000
1818
1818
1818
1818
0000
0000
0000
0000
1818
1818
1818
1818
0000
0000
0000
0000
0000
0000
0000
0077
0000
0000
0000
0000
0000
0000
0000
0000
0000
0000
0000
0000
0000
0000
0000
0077
0000
0000
0000
0000
7700
0000
0000
0000
0000
0000
0000
0000
0808
0800
0808
0800
0000
0000
0000
0000
0808
0800
0808
0800
0000
0000
0000
0000
1818
1800
1818
1800
0000
0000
0000
0000
1818
1800
1818
1800
0000
0000
0000
0000
0000
0000
0000
0066
0000
0000
0000
0000
0000
0000
0000
0000
0000
0000
0000
0000
0000
0000
0000
0066
0000
0000
0000
0000
6600
0000
0000
0000
0000
0000
0000
0000
0008
0800
0008
0800
0000
0000
0000
0000
0008
0800
0008
0800
0000
0000
0000
0000
0018
1800
0018
1800
0000
0000
0000
0000
0018
1800
0018
1800
0000
0000
0000
0000
0000
0000
0000
000f
0000
0000
0000
0000
0808
0808
0808
0808
0000
0000
0000
0000
0000
0000
0000
000f
0000
0000
0000
0000
0f08
0808
0808
0808
0000
0000
0000
0000
0000
0000
0000
001f
0000
0000
0000
0000
1818
1818
1818
1818
0000
0000
0000
0000
0000
0000
0000
001f
0000
0000
0000
0000
1f18
1818
1818
1818
0000
0000
0000
0000
0000
0000
0000
00f8
0000
0000
0000
0000
0808
0808
0808
0808
0000
0000
0000
0000
0000
0000
0000
00f8
0000
0000
0000
0000
f808
0808
0808
0808
0000
0000
0000
0000
0000
0000
0000
00f8
0000
0000
0000
0000
1818
1818
1818
1818
0000
0000
0000
0000
0000
0000
0000
00f8
0000
0000
0000
0000
f818
1818
1818
1818
0000
0000
0000
0000
0808
0808
0808
080f
0000
0000
0000
0000
0000
0000
0000
0000
0000
0000
0000
0000
0808
0808
0808
080f
0000
0000
0000
0000
0f00
0000
0000
0000
0000
0000
0000
0000
1818
1818
1818
181f
0000
0000
0000
0000
0000
0000
0000
0000
0000
0000
0000
0000
1818
1818
1818
181f
0000
0000
0000
0000
1f00
0000
0000
0000
0000
0000
0000
0000
0808
0808
0808
08f8
0000
0000
0000
0000
0000
0000
0000
0000
0000
0000
0000
0000
0808
0808
0808
08f8
0000
0000
0000
0000
f800
0000
0000
0000
0000
0000
0000
0000
1818
1818
1818
18f8
0000
0000
0000
0000
0000
0000
0000
0000
0000
0000
0000
0000
1818
1818
1818
18f8
0000
0000
0000
0000
f800
0000
0000
0000
0000
0000
0000
0000
0808
0808
0808
080f
0000
0000
0000
0000
0808
0808
0808
0808
0000
0000
0000
0000
0808
0808
0808
080f
0000
0000
0000
0000
0f08
0808
0808
0808
0000
0000
0000
0000
1818
1818
1818
181f
0000
0000
0000
0000
0808
0808
0808
0808
0000
0000
0000
0000
0808
0808
0808
081f
0000
0000
0000
0000
1818
1818
1818
1818
0000
0000
0000
0000
1818
1818
1818
181f
0000
0000
0000
0000
1818
1818
1818
1818
0000
0000
0000
0000
1818
1818
1818
181f
0000
0000
0000
0000
1f08
0808
0808
0808
0000
0000
0000
0000
0808
0808
0808
081f
0000
0000
0000
0000
1f18
1818
1818
1818
0000
0000
0000
0000
1818
1818
1818
181f
0000
0000
0000
0000
1f18
1818
1818
1818
0000
0000
0000
0000
0808
0808
0808
08f8
0000
0000
0000
0000
0808
0808
0808
0808
0000
0000
0000
0000
0808
0808
0808
08f8
0000
0000
0000
0000
f808
0808
0808
0808
0000
0000
0000
0000
1818
1818
1818
18f8
0000
0000
0000
0000
0808
0808
0808
0808
0000
0000
0000
0000
0808
0808
0808
08f8
0000
0000
0000
0000
1818
1818
1818
1818
0000
0000
0000
0000
1818
1818
1818
18f8
0000
0000
0000
0000
1818
1818
1818
1818
0000
0000
0000
0000
1818
1818
1818
18f8
0000
0000
0000
0000
f808
0808
0808
0808
0000
0000
0000
0000
0808
0808
0808
08f8
0000
0000
0000
0000
f818
1818
1818
1818
0000
0000
0000
0000
1818
1818
1818
18f8
0000
0000
0000
0000
f818
1818
1818
1818
0000
0000
0000
0000
0000
0000
0000
00ff
0000
0000
0000
0000
0808
0808
0808
0808
0000
0000
0000
0000
0000
0000
0000
00ff
0000
0000
0000
0000
f808
0808
0808
0808
0000
0000
0000
0000
0000
0000
0000
00ff
0000
0000
0000
0000
0f08
0808
0808
0808
0000
0000
0000
0000
0000
0000
0000
00ff
0000
0000
0000
0000
ff08
0808
0808
0808
0000
0000
0000
0000
0000
0000
0000
00ff
0000
0000
0000
0000
1818
1818
1818
1818
0000
0000
0000
0000
0000
0000
0000
00ff
0000
0000
0000
0000
f818
1818
1818
1818
0000
0000
0000
0000
0000
0000
0000
00ff
0000
0000
0000
0000
1f18
1818
1818
1818
0000
0000
0000
0000
0000
0000
0000
00ff
0000
0000
0000
0000
ff18
1818
1818
1818
0000
0000
0000
0000
0808
0808
0808
08ff
0000
0000
0000
0000
0000
0000
0000
0000
0000
0000
0000
0000
0808
0808
0808
08ff
0000
0000
0000
0000
f800
0000
0000
0000
0000
0000
0000
0000
0808
0808
0808
08ff
0000
0000
0000
0000
0f00
0000
0000
0000
0000
0000
0000
0000
0808
0808
0808
08ff
0000
0000
0000
0000
ff00
0000
0000
0000
0000
0000
0000
0000
1818
1818
1818
18ff
0000
0000
0000
0000
0000
0000
0000
0000
0000
0000
0000
0000
1818
1818
1818
18ff
0000
0000
0000
0000
f800
0000
0000
0000
0000
0000
0000
0000
1818
1818
1818
18ff
0000
0000
0000
0000
1f00
0000
0000
0000
0000
0000
0000
0000
1818
1818
1818
18ff
0000
0000
0000
0000
ff00
0000
0000
0000
0000
0000
0000
0000
0808
0808
0808
08ff
0000
0000
0000
0000
0808
0808
0808
0808
0000
0000
0000
0000
0808
0808
0808
08ff
0000
0000
0000
0000
f808
0808
0808
0808
0000
0000
0000
0000
0808
0808
0808
08ff
0000
0000
0000
0000
0f08
0808
0808
0808
0000
0000
0000
0000
0808
0808
0808
08ff
0000
0000
0000
0000
ff08
0808
0808
0808
0000
0000
0000
0000
1818
1818
1818
18ff
0000
0000
0000
0000
0808
0808
0808
0808
0000
0000
0000
0000
0808
0808
0808
08ff
0000
0000
0000
0000
1818
1818
1818
1818
0000
0000
0000
0000
1818
1818
1818
18ff
0000
0000
0000
0000
1818
1818
1818
1818
0000
0000
0000
0000
1818
1818
1818
18ff
0000
0000
0000
0000
f808
0808
0808
0808
0000
0000
0000
0000
1818
1818
1818
18ff
0000
0000
0000
0000
1f08
0808
0808
0808
0000
0000
0000
0000
0808
0808
0808
08ff
0000
0000
0000
0000
f818
1818
1818
1818
0000
0000
0000
0000
0808
0808
0808
08ff
0000
0000
0000
0000
1f18
1818
1818
1818
0000
0000
0000
0000
1818
1818
1818
18ff
0000
0000
0000
0000
ff08
0808
0808
0808
0000
0000
0000
0000
0808
0808
0808
08ff
0000
0000
0000
0000
ff18
1818
1818
1818
0000
0000
0000
0000
1818
1818
1818
18ff
0000
0000
0000
0000
f818
1818
1818
1818
0000
0000
0000
0000
1818
1818
1818
18ff
0000
0000
0000
0000
1f18
1818
1818
1818
0000
0000
0000
0000
1818
1818
1818
18ff
0000
0000
0000
0000
ff18
1818
1818
1818
0000
0000
0000
0000
2020
4000
0000
0000
0000
0000
0000
0000
0000
0000
0000
0000
0000
0000
0000
0000
6c6c
0000
0000
0000
0000
0000
0000
0000
0000
0000
0000
0000
0000
0000
0000
0000
2040
6060
0000
0000
0000
0000
0000
0000
0000
0000
0000
0000
0000
0000
0000
0000
2448
6c6c
0000
0000
0000
0000
0000
0000
0000
0000
0000
0000
0000
0000
0000
0000
0204
0808
0808
0808
0000
0000
0000
0000
0808
0808
0808
0402
0000
0000
0000
0000
2010
0808
0808
0808
0000
0000
0000
0000
0808
0808
0808
1020
0000
0000
0000
0000
0204
0408
0810
1020
0000
0000
0000
0000
2010
1008
0804
0402
0000
0000
0000
0000
2010
1008
0804
0402
0000
0000
0000
0000
0204
0408
0810
1020
0000
0000
0000
0000
0909
1212
1224
2448
0000
0000
0000
0000
4824
2412
1212
0909
0000
0000
0000
0000
4848
2424
2412
1209
0000
0000
0000
0000
0912
1224
2424
4848
0000
0000
0000
0000
3e22
2e28
2828
2828
0000
0000
0000
0000
2828
2828
2828
2838
0000
0000
0000
0000
0e0a
0a0a
0a0a
0a0a
0000
0000
0000
0000
0a0a
0a0a
0a3a
223e
0000
0000
0000
0000
3e3c
3c38
3830
3030
0000
0000
0000
0000
3030
3038
383c
3c3e
0000
0000
0000
0000
3e1e
1e0e
0e06
0606
0000
0000
0000
0000
0606
060e
0e1e
1e3e
0000
0000
0000
0000
0000
0000
0000
007f
0000
0000
0000
0000
0000
0000
0000
0000
0000
0000
0000
0000
0000
0000
0000
0000
0000
0000
0000
0000
0000
0000
0000
0000
0000
0000
0000
0000
0000
0000
0000
0000
0000
0000
0000
0000
0000
0000
0000
0000
0000
0000
0000
0000
0000
0000
0000
0000
0000
0000
0000
0000
0000
0000
0000
0000
0000
0000
0000
0000
0000
0000
0000
0000
0000
0000
0000
0000
0000
0000
0000
0000
0000
0000
0000
0000
0000
0000
0000
0000
0000
0000
0000
0000
0000
0000
0000
0000
0000
0000
0000
0000
0000
0000
0000
0000
0000
0000
0000
0000
0000
0000
0000
0000
0000
0000
0000
0000
0000
0000
0000
0000
0000
0000
0000
0000
0000
0000
0000
0000
0000
0000
0000
0000
0000
0000
0000
0000
0000
0000
0000
0000
0000
0000
0000
0000
0000
0000
0000
0000
0000
0000
0000
0000
0000
0000
0000
0000
0000
0000
0000
0000
0000
0000
0000
0000
0000
0000
0000
0000
0000
0000
0000
0000
0000
0000
0000
0000
0000
0000
0000
0000
0000
0000
0000
0000
0000
0000
0000
0000
0000
0000
0000
0000
0000
0000
0000
0000
0000
0000
0000
0000
0000
0000
0000
0000
0000
0000
0000
0000
0000
0000
0000
0000
0000
0000
0000
0000
0000
0000
0000
0000
0000
0000
0000
0000
0000
0000
0000
0000
0000
0000
0000
0000
0000
0000
0000
0000
0000
0000
0000
0000
0000
0000
0000
0000
0000
0000
0000
0000
0000
0000
0000
0000
0000
0000
0000
0000
0000
0000
0000
0000
0000
0000
0000
0000
0000
0000
0000
0000
0000
0000
0000
0000
0000
0000
0000
0000
0000
0000
0000
0000
0000
0000
0000
0000
0000
0000
0000
0000
0000
0000
0000
0000
0000
0000
0000
0000
0000
0000
0000
0000
0000
0000
0000
0000
0000
0000
0000
0000
0000
0000
0000
0000
0000
0000
0000
0000
0000
0000
0000
0000
0000
0000
0000
0000
0000
0000
0000
0000
0000
0000
0000
0000
0000
0000
0000
0000
0000
0000
0000
0000
0000
0000
0000
0000
0000
0000
0000
0000
0000
0000
0000
0000
0000
0000
0000
0000
0000
0000
0000
0000
0000
0000
0000
0000
0000
0000
0000
0000
0000
0000
0000
0000
0000
0000
0000
0000
0000
0000
0000
0000
0000
0000
0000
0000
0000
0000
0000
0000
0000
0000
0000
0000
0000
0000
0000
0000
0000
0000
0000
0000
0000
0000
0000
0000
0000
0000
0000
0000
0000
0000
0000
0000
0000
0000
0000
0000
0000
0000
0000
0000
0000
0000
0000
0000
0000
0000
0000
0000
0000
0000
0000
0000
0000
0000
0000
0000
0000
0000
0000
0000
0000
0000
0000
0000
0000
0000
0000
0000
0000
0000
0000
0000
0000
0000
0000
0000
0000
0000
0000
0000
0000
0000
0000
0000
0000
0000
0000
0000
0000
0000
0000
0000
0000
0000
0000
0000
0000
0000
0000
0000
0000
0000
0000
0000
0000
0000
0000
0000
0000
0000
0000
0000
0000
0000
0000
0000
0000
0000
0000
0000
0000
0000
0000
0000
0000
0000
0000
0000
0000
0000
0000
0000
0000
0000
0000
0000
0000
0000
0000
0000
0000
0000
0000
0000
0000
0000
0000
0000
0000
0000
0000
0000
0000
0000
0000
0000
0000
0000
0000
0000
0000
0000
0000
0000
0000
0000
0000
0000
0000
0000
0000
0000
0000
0000
0000
0000
0000
0000
0000
0000
0000
0000
0000
0000
0000
0000
0000
0000
0000
0000
0000
0000
0000
0000
0000
0000
0000
0000
0000
0000
0000
0000
0000
0000
0000
0000
0000
0000
0000
0000
0000
0000
0000
0000
0000
0000
0000
0000
0000
0000
0000
0000
0000
0000
0000
0000
0000
0000
0000
0000
0000
0000
0000
0000
0000
00ff
0000
0000
0000
00ff
0000
0000
0000
0000
0000
0000
0000
0000
0000
0000
0000
00ff
0000
0000
0000
00ff
ff00
0000
0000
0000
ff00
0000
0000
0000
0000
0000
0000
0000
8080
8080
8080
8080
0000
0000
0000
0000
8080
8080
8080
8080
0101
0101
0101
0101
8080
8080
8080
8080
0101
0101
0101
0101
8080
8080
8080
8080
0000
0000
0000
0077
0000
0000
0000
0077
0000
0000
0000
0000
0000
0000
0000
0000
0000
0000
0000
0077
0000
0000
0000
0077
7700
0000
0000
0000
7700
0000
0000
0000
0000
0000
0000
0000
8080
8000
8080
8000
0000
0000
0000
0000
8080
8000
8080
8000
0101
0100
0101
0100
8080
8000
8080
8000
0101
0100
0101
0100
8080
8000
8080
8000
0000
0000
0000
0066
0000
0000
0000
0066
0000
0000
0000
0000
0000
0000
0000
0000
0000
0000
0000
0066
0000
0000
0000
0066
6600
0000
0000
0000
6600
0000
0000
0000
0000
0000
0000
0000
0080
8000
0080
8000
0000
0000
0000
0000
0080
8000
0080
8000
0001
0100
0001
0100
0080
8000
0080
8000
0001
0100
0001
0100
0080
8000
0080
8000
0000
0000
0000
0000
0000
0000
0000
00ff
0000
0000
0000
0000
8080
8080
8080
8080
0000
0000
0000
0000
0000
0000
0000
00ff
0000
0000
0000
0000
ff80
8080
8080
8080
0000
0000
0000
0001
0000
0000
0000
00ff
0101
0101
0101
0101
8080
8080
8080
8080
0000
0000
0000
0001
0000
0000
0000
00ff
0101
0101
0101
0101
ff80
8080
8080
8080
0000
0000
0000
00ff
0000
0000
0000
0080
0000
0000
0000
0000
8080
8080
8080
8080
0000
0000
0000
00ff
0000
0000
0000
0080
ff00
0000
0000
0000
8080
8080
8080
8080
0000
0000
0000
00ff
0000
0000
0000
0080
0101
0101
0101
0101
8080
8080
8080
8080
0000
0000
0000
00ff
0000
0000
0000
0080
ff01
0101
0101
0101
8080
8080
8080
8080
0000
0000
0000
0000
8080
8080
8080
80ff
0000
0000
0000
0000
0000
0000
0000
0000
0000
0000
0000
0000
8080
8080
8080
80ff
0000
0000
0000
0000
ff00
0000
0000
0000
0101
0101
0101
0101
8080
8080
8080
80ff
0000
0000
0000
0000
0000
0000
0000
0000
0101
0101
0101
0101
8080
8080
8080
80ff
0100
0000
0000
0000
ff00
0000
0000
0000
0000
0000
0000
00ff
8080
8080
8080
8080
0000
0000
0000
0000
0000
0000
0000
0000
0000
0000
0000
00ff
8080
8080
8080
8080
ff00
0000
0000
0000
8000
0000
0000
0000
0101
0101
0101
01ff
8080
8080
8080
8080
0000
0000
0000
0000
0000
0000
0000
0000
0101
0101
0101
01ff
8080
8080
8080
8080
ff00
0000
0000
0000
8000
0000
0000
0000
0000
0000
0000
0000
8080
8080
8080
80ff
0000
0000
0000
0000
8080
8080
8080
8080
0000
0000
0000
0000
8080
8080
8080
80ff
0000
0000
0000
0000
ff80
8080
8080
8080
0101
0101
0101
0101
8080
8080
8080
80ff
0000
0000
0000
0000
8080
8080
8080
8080
0000
0000
0000
0001
8080
8080
8080
80ff
0101
0101
0101
0101
8080
8080
8080
8080
0101
0101
0101
0101
8080
8080
8080
80ff
0101
0101
0101
0101
8080
8080
8080
8080
0101
0101
0101
0101
8080
8080
8080
80ff
0100
0000
0000
0000
ff80
8080
8080
8080
0000
0000
0000
0001
8080
8080
8080
80ff
0101
0101
0101
0101
ff80
8080
8080
8080
0101
0101
0101
0101
8080
8080
8080
80ff
0101
0101
0101
0101
ff80
8080
8080
8080
0000
0000
0000
00ff
8080
8080
8080
8080
0000
0000
0000
0000
8080
8080
8080
8080
0000
0000
0000
00ff
8080
8080
8080
8080
ff00
0000
0000
0000
8080
8080
8080
8080
0101
0101
0101
01ff
8080
8080
8080
8080
0000
0000
0000
0000
8080
8080
8080
8080
0000
0000
0000
00ff
8080
8080
8080
8080
0101
0101
0101
0101
8080
8080
8080
8080
0101
0101
0101
01ff
8080
8080
8080
8080
0101
0101
0101
0101
8080
8080
8080
8080
0101
0101
0101
01ff
8080
8080
8080
8080
ff00
0000
0000
0000
8080
8080
8080
8080
0000
0000
0000
00ff
8080
8080
8080
8080
ff01
0101
0101
0101
8080
8080
8080
8080
0101
0101
0101
01ff
8080
8080
8080
8080
ff01
0101
0101
0101
8080
8080
8080
8080
0000
0000
0000
00ff
0000
0000
0000
00ff
0000
0000
0000
0000
8080
8080
8080
8080
0000
0000
0000
00ff
0000
0000
0000
00ff
ff00
0000
0000
0000
8080
8080
8080
8080
0000
0000
0000
00ff
0000
0000
0000
00ff
0000
0000
0000
0000
ff80
8080
8080
8080
0000
0000
0000
00ff
0000
0000
0000
00ff
ff00
0000
0000
0000
ff80
8080
8080
8080
0000
0000
0000
00ff
0000
0000
0000
00ff
0101
0101
0101
0101
8080
8080
8080
8080
0000
0000
0000
00ff
0000
0000
0000
00ff
ff01
0101
0101
0101
8080
8080
8080
8080
0000
0000
0000
00ff
0000
0000
0000
00ff
0101
0101
0101
0101
ff80
8080
8080
8080
0000
0000
0000
00ff
0000
0000
0000
00ff
ff01
0101
0101
0101
ff80
8080
8080
8080
0000
0000
0000
00ff
8080
8080
8080
80ff
0000
0000
0000
0000
0000
0000
0000
0000
0000
0000
0000
00ff
8080
8080
8080
80ff
ff00
0000
0000
0000
8000
0000
0000
0000
0000
0000
0000
00ff
8080
8080
8080
80ff
0000
0000
0000
0000
ff00
0000
0000
0000
0000
0000
0000
00ff
8080
8080
8080
80ff
ff00
0000
0000
0000
ff00
0000
0000
0000
0101
0101
0101
01ff
8080
8080
8080
80ff
0000
0000
0000
0000
0000
0000
0000
0000
0101
0101
0101
01ff
8080
8080
8080
80ff
ff00
0000
0000
0000
8000
0000
0000
0000
0101
0101
0101
01ff
8080
8080
8080
80ff
0100
0000
0000
0000
ff00
0000
0000
0000
0101
0101
0101
01ff
8080
8080
8080
80ff
ff00
0000
0000
0000
ff00
0000
0000
0000
0000
0000
0000
00ff
8080
8080
8080
80ff
0000
0000
0000
0000
8080
8080
8080
8080
0000
0000
0000
00ff
8080
8080
8080
80ff
ff00
0000
0000
0000
8080
8080
8080
8080
0000
0000
0000
00ff
8080
8080
8080
80ff
0000
0000
0000
0000
ff80
8080
8080
8080
0000
0000
0000
00ff
8080
8080
8080
80ff
ff00
0000
0000
0000
ff80
8080
8080
8080
0101
0101
0101
01ff
8080
8080
8080
80ff
0000
0000
0000
0000
8080
8080
8080
8080
0000
0000
0000
00ff
8080
8080
8080
80ff
0101
0101
0101
0101
8080
8080
8080
8080
0101
0101
0101
01ff
8080
8080
8080
80ff
0101
0101
0101
0101
8080
8080
8080
8080
0101
0101
0101
01ff
8080
8080
8080
80ff
ff00
0000
0000
0000
8080
8080
8080
8080
0101
0101
0101
01ff
8080
8080
8080
80ff
0100
0000
0000
0000
ff80
8080
8080
8080
0000
0000
0000
00ff
8080
8080
8080
80ff
ff01
0101
0101
0101
8080
8080
8080
8080
0000
0000
0000
00ff
8080
8080
8080
80ff
0101
0101
0101
0101
ff80
8080
8080
8080
0101
0101
0101
01ff
8080
8080
8080
80ff
ff00
0000
0000
0000
ff80
8080
8080
8080
0000
0000
0000
00ff
8080
8080
8080
80ff
ff01
0101
0101
0101
ff80
8080
8080
8080
0101
0101
0101
01ff
8080
8080
8080
80ff
ff01
0101
0101
0101
8080
8080
8080
8080
0101
0101
0101
01ff
8080
8080
8080
80ff
0101
0101
0101
0101
ff80
8080
8080
8080
0101
0101
0101
01ff
8080
8080
8080
80ff
ff01
0101
0101
0101
ff80
8080
8080
8080
0000
0000
0000
0000
0000
0000
0000
0000
0000
0000
0000
0000
0000
0000
0000
0000
0000
0000
0000
0000
0000
0000
0000
0000
0000
0000
0000
0000
0000
0000
0000
0000
0000
0000
0000
0000
0000
0000
0000
0000
0000
0000
0000
0000
0000
0000
0000
0000
0000
0000
0000
0000
0000
0000
0000
0000
0000
0000
0000
0000
0000
0000
0000
0000
0000
0000
0000
0000
0000
0000
0000
0000
0000
0000
0000
0000
0000
0000
0000
0000
0000
0000
0000
0000
0000
0000
0000
0000
0000
0000
0000
0000
0000
0000
0000
0000
0000
0000
0000
0000
0000
0000
0000
0000
0000
0000
0000
0000
0000
0000
0000
0000
0000
0000
0000
0000
0000
0000
0000
0000
0000
0000
0000
0000
0000
0000
0000
0000
0000
0000
0000
0000
0000
0000
0000
0000
0000
0000
0000
0000
0000
0000
0000
0000
0000
0000
0000
0000
0000
0000
0000
0000
0000
0000
0000
0000
0000
0000
0000
0000
0000
0000
0000
0000
0000
0000
0000
0000
0000
0000
0000
0000
0000
0000
0000
0000
0000
0000
0000
0000
0000
0000
0000
0000
0000
0000
0000
0000
0000
0000
0000
0000
0000
0000
0000
0000
0000
0000
0000
0000
0000
0000
0000
0000
0000
0000
0000
0000
0000
0000
0000
0000
0000
0000
0000
0000
0000
0000
0000
0000
0000
0000
0000
0000
0000
0000
0000
0000
0000
0000
0000
0000
0000
0000
0000
0000
0000
0000
0000
0000
0000
0000
0000
0000
0000
0000
0000
0000
0000
0000
0000
0000
0000
0000
0000
0000
0000
0000
0000
0000
0000
0000
0000
0000
0000
0000
0000
0000
0000
0000
0000
0000
0020
4040
8384
8081
0008
0404
8242
42c2
8688
8888
4740
2000
4242
42c2
6404
0800
002c
4444
8586
8484
0008
0404
c222
1212
8484
8486
4540
2000
1212
1222
c404
0800
0020
4040
8384
8888
0008
0404
8242
2202
8888
8884
4340
2000
0202
2242
8404
0800
0020
4040
8788
9090
00c8
4444
42c2
4242
9090
9088
4740
2000
4242
42c2
6404
0800
0020
4040
8384
8888
0000
0404
8242
2222
8f88
8884
4340
2000
e202
0222
c404
0800
0020
4142
828f
8282
0088
4404
0282
0202
8282
8282
4740
2000
0202
0202
0404
0800
0020
4047
8890
8887
0008
0424
d242
8202
8887
8890
4847
2000
0282
4222
24c4
0800
002c
4444
8485
8684
0008
0404
0282
4222
8484
8484
4e40
2000
2222
2222
7404
0800
0021
4040
8381
8181
0008
0404
0202
0202
8181
8181
4340
2000
0202
0202
8404
0800
0020
4040
8180
8080
0088
0404
8282
8282
8080
8080
4044
2300
8282
8282
8484
0800
002c
4444
8484
8484
0008
0404
7222
4282
8586
8484
4e40
2000
0282
4222
3404
0800
0023
4141
8181
8181
0008
0404
0202
0202
8181
8181
4340
2000
0202
0202
8404
0800
0020
4040
b49a
9191
0008
0404
42a2
1212
9191
9191
7b40
2000
1212
1212
bc04
0800
0020
4040
8d86
8484
0008
0404
8242
2222
8484
8484
4e40
2000
2222
2222
7404
0800
0020
4040
8384
8888
0008
0404
8242
2222
8888
8884
4340
2000
2222
2242
8404
0800
0020
404d
8684
8484
0008
04c4
2212
1212
8484
8685
444e
2000
1212
22c2
0404
0800
0020
4047
8890
9090
0008
0444
c242
4242
9090
8887
4040
2000
4242
c242
44e4
0800
0020
4040
8683
8282
0008
0404
c222
0202
8282
8282
4740
2000
0202
0202
8404
0800
0020
4040
8788
8884
0008
0404
8242
0202
8380
8888
4740
2000
8242
2222
c404
0800
0021
4141
8781
8181
0008
0404
c202
0202
8181
8181
4040
2000
0202
0222
c404
0800
0020
4040
9888
8888
0008
0404
e222
2222
8888
8884
4340
2000
2222
2262
b404
0800
0020
4040
9c88
8884
0008
0404
7222
2242
8482
8281
4140
2000
4282
8202
0404
0800
0020
4040
f3a1
a292
0008
0404
9e0a
8a92
9494
9488
4840
2000
5252
5222
2404
0800
0020
4040
9c88
8482
0008
0404
7222
4282
8182
8488
5c40
2000
0282
4222
7404
0800
0020
405c
8888
8484
0008
0474
2242
4282
8282
8182
524c
2000
8282
0202
0404
0800
0020
4040
8f88
9080
0008
0404
e242
8282
8182
8284
4f40
2000
0202
2242
c404
0800
3f40
8080
8080
8080
f804
0202
0202
0202
8080
8080
8080
403f
0202
0202
0202
04f8
0003
0408
0808
0438
0080
4020
2020
4038
4080
8183
4539
0107
0402
0282
4438
00c0
001c
2241
4140
4020
0070
8804
0404
0408
2010
0808
0402
0101
0810
2020
4080
0000
0101
0204
0408
1010
0000
8040
4020
1010
2040
4143
2519
0107
0804
0484
4830
00c0
0001
0204
0808
1020
0000
8040
2020
1008
4020
1008
0804
0201
0408
1020
2040
8000
0000
0000
0000
0000
0101
0101
0101
0101
0000
0000
0000
0000
0101
0101
0101
0101
000f
3041
4385
8181
00e0
1804
0402
0202
8181
8181
4147
300f
0202
0202
04c4
18e0
000f
3043
4488
8880
00e0
1884
4422
2222
8081
8284
484f
300f
4282
0202
24e4
18e0
000f
3043
4488
8080
00e0
1884
4422
2242
8380
8088
4443
300f
8242
2222
4484
18e0
000f
3040
4182
8284
00e0
1884
8482
8282
8484
888f
4041
300f
8282
82e2
84c4
18e0
000f
3047
4484
8586
00e0
18c4
0402
8242
8480
8080
4443
300f
2222
2222
4484
18e0
000f
3043
4488
888b
00e0
1884
4422
0282
8c88
8888
4443
300f
4222
2222
4484
18e0
000f
304f
4888
8080
00e0
18c4
4442
8282
8181
8181
4141
300f
0202
0202
0404
18e0
000f
3043
4488
8884
00e0
1884
4422
2242
8384
8888
4443
300f
8242
2222
4484
18e0
000f
3043
4488
8888
00e0
1884
4422
2222
8483
8088
4443
300f
62a2
2222
4484
18e0
000f
3048
59aa
8a8a
00e0
18c4
2412
1212
8a8a
8a8a
4948
300f
1212
1212
24c4
18e0
000f
3044
4c94
8484
00e0
1824
64a2
2222
8484
8484
4444
300f
2222
2222
2424
18e0
000f
3048
59aa
8888
00e0
18c4
2412
1212
8888
898a
4a4b
300f
22c2
0202
14f4
18e0
000f
3049
5aa8
8888
00e0
18c4
2412
1222
8888
8888
4a49
300f
c222
1212
24c4
18e0
000f
3048
58a8
8889
00e0
1824
64a2
a222
898a
8a8b
4848
300f
2222
22fa
2424
18e0
000f
304b
5aaa
8a8b
00e0
18e4
0402
c222
8a88
8888
4a49
300f
1212
1212
24c4
18e0
000f
3048
59aa
8a8a
00e0
18c4
2412
02c2
8b8a
8a8a
4948
300f
2212
1212
24c4
18e0
000f
3049
59a9
8888
00e0
18f4
1412
2222
8888
8888
4848
300f
2242
4242
4444
18e0
000f
3048
59aa
8a89
00e0
18c4
2412
1222
8889
8a8a
4948
300f
c222
1212
24c4
18e0
000f
3048
59aa
8a8a
00e0
18c4
2412
1212
8988
888a
4948
300f
32d2
1212
24c4
18e0
000f
304c
5292
8282
00e0
1864
9492
9292
8284
8890
525e
300f
9292
9292
9464
18e0
0007
0101
0101
0101
00c0
0000
0000
0000
0101
0101
0101
0700
0000
0000
0000
c000
001f
0404
0404
0404
00f0
4040
4040
4040
0404
0404
0404
1f00
4040
4040
4040
f000
003f
0909
0909
0909
00f8
2020
2020
2020
0909
0909
0909
3f00
2020
2020
2020
f800
00ff
2424
2222
2222
000e
0404
0808
0808
2121
2120
2020
f800
1010
10a0
a040
4000
00f8
2020
1010
0808
003e
0808
1010
2020
0404
0402
0201
0100
4040
4080
8000
0000
00e1
4040
2020
2011
00fe
4848
8888
8808
1111
0a0a
0a04
0400
0808
0808
0808
3e00
00e3
4141
4141
2222
00fe
2424
2424
2424
2222
1414
1408
0800
2424
2424
2424
7e00
00e3
4141
4141
2222
00fe
5454
5454
5454
2222
1414
1408
0800
5454
5454
5454
fe00
00ff
2422
2121
2020
001e
0408
1010
a040
2020
2121
2224
ff00
40a0
1010
0804
1e00
007c
1008
0404
0201
007c
1020
4040
8000
0102
0404
0810
7c00
0080
4040
2010
7c00
0000
0000
0000
0000
0000
0000
0000
0000
0000
0000
0000
0000
0000
0000
0000
0000
3c00
003c
0000
7804
0000
0000
0000
0008
0000
0000
0000
0000
8888
8888
0808
1020
0808
3f04
047f
0404
0000
0000
0080
0000
0400
0000
0000
0000
00fc
8484
8484
84fc
2020
fe22
2420
1e00
0072
0204
0448
7000
0638
087f
0808
1020
0000
0000
0000
0000
0404
2818
1420
4000
0000
00fc
0000
0000
0020
2038
2420
2021
0010
9090
9092
9418
0221
3c44
8408
1020
801c
003e
0202
0418
0008
0810
1021
7f00
0000
0000
0000
0080
2020
2038
2420
2020
0000
0000
0000
0000
2000
0100
0000
0101
0008
8808
1010
20c0
fe03
1214
1020
4000
0000
00fc
0000
0000
0424
2424
2424
2546
0000
0000
0080
0000
0010
2844
0201
0000
101e
2244
0408
1000
4078
488b
2810
1060
0828
28a8
282a
2a4c
2222
2222
2204
1800
0000
2929
2902
1c00
0020
2038
2621
2020
0008
2828
2929
4a8c
7e42
4204
0408
3000
0000
5454
0408
3000
0010
101c
1210
1010
0000
0000
0000
0000
1010
7e12
1222
224c
0000
7e42
4242
427e
0111
1111
1101
0204
0000
007e
0000
0000
4249
4470
4840
4040
0000
0000
0000
0000
4000
0000
0000
0102
1090
9090
9092
1418
2020
fe22
2420
1e00
0072
0204
0448
7000
0020
2038
2420
2020
0000
0000
0000
0000
114a
4948
4848
8800
0080
0000
fc00
0000
4043
f848
5040
403b
5050
5c52
9090
9010
3c00
3c00
007c
0200
0424
2424
2404
0810
0025
1248
4b48
4888
0008
2828
a82a
2a4c
0205
1228
4482
0100
0000
007c
0000
0000
0062
0262
0404
4870
a0a0
0000
0000
0000
0000
0000
00a4
da92
0000
0000
00a4
da92
9292
9292
9292
0000
9292
9292
9292
0000
0000
0000
0038
4480
0000
0000
00a4
da92
8080
8080
4438
0000
9292
9292
9292
0000
00c0
4040
404e
4448
0000
0000
00a4
da92
5060
5048
44ee
0000
9292
9292
9292
0000
0000
0000
00a4
da92
0000
0000
0036
4884
9292
9292
9292
0000
4438
4038
4482
4438
00c0
4040
404e
4448
0000
0000
0036
4884
5060
5048
44ee
0000
4438
4038
4482
4438
0000
0000
0038
4480
0000
0000
0038
4480
8080
8080
4438
0000
8080
8080
4438
0000
0000
0000
0000
6c32
0c12
0408
1e00
6090
2121
2121
2173
0000
0808
0808
089c
0000
0000
0000
0000
3844
0c12
0408
1e00
a4da
8080
8080
4438
0000
9292
9292
9292
0000
00c0
4040
4040
4e44
0c12
0408
1e00
a4da
4850
7048
44ee
0000
9292
9292
9292
0000
0000
0000
0000
3844
1c02
0c02
1c00
a4da
8080
8080
4438
0000
9292
9292
9292
0000
0000
0000
0000
6c32
1c02
0c02
1c00
6090
2121
2121
2173
0000
0808
0808
089c
0000
0003
0101
013a
4682
000c
1212
2224
2444
8282
8484
4c36
0000
4448
4850
24d8
0000
0000
0001
0202
0204
0040
a010
1020
2040
0405
0604
0a31
0000
8000
0010
20c0
0000
0010
1010
2020
2344
000c
1212
2224
2444
4850
6090
8a84
0000
4448
4852
24d8
0000
0000
0000
00a4
da92
00c0
4040
4058
6442
9292
9292
9292
0000
4242
4242
6458
0000
00e7
4242
4242
427e
0000
0000
003e
4204
4242
4242
42e7
0000
0808
1020
427e
0000
0000
0000
0000
0000
0909
1200
0000
0000
0000
0000
0000
0000
0000
0000
0000
0000
0000
0000
0000
0000
0000
0000
0000
0000
0000
0000
0024
2448
0000
0000
0000
0000
00e7
6262
5252
5252
0000
0000
0060
9090
4a4a
4a4a
4646
e200
9090
9090
9096
6600
0089
8991
91a1
a1d1
0010
1020
2040
40a0
9191
8989
8989
0000
2020
1010
1616
0000
00f8
2020
2020
2724
0000
0000
0000
9010
2424
2724
2424
2700
1010
9010
1010
9e00
030c
1020
2040
4040
e018
0482
8281
81f9
4040
4020
2f10
0c03
8181
8182
fa04
18e0
030c
1020
204f
4848
e018
0482
82f9
8989
4848
4f20
2010
0c03
8989
f982
8204
18e0
030c
102f
2040
4040
e018
04fa
8281
c1b1
4040
4020
2010
0c03
8981
8182
8204
18e0
030c
1021
214f
4242
e018
0402
02f9
0101
4544
4820
2310
0c03
f141
4142
fa04
18e0
030c
1021
214f
4242
e018
0402
02f9
0101
4545
4921
2110
0c03
f909
090a
fa04
18e0
0020
4848
be89
8899
0008
a4a4
fa22
22fe
acca
8888
4948
2000
2262
72aa
2424
0800
0020
4242
bf84
8f98
0008
0404
fa02
e222
afc8
8f88
4848
2000
e222
e222
2464
0800
0024
4848
9090
97b0
0088
a494
9282
fa82
b0d0
9090
5050
3000
8282
4242
5454
2800
0705
7555
5557
5575
4424
0404
4829
091f
5555
5755
7505
0913
0020
2f29
2929
294f
0808
0808
7f08
0808
007f
0404
0404
2427
1414
1414
2222
2241
2424
2424
2424
247f
0007
7252
5252
5475
08b0
9795
95bd
9595
5050
5754
7404
0407
3d55
9595
9595
9597
0008
1c08
0000
3f00
0000
0000
0000
f800
003f
0000
0000
0000
00f8
0000
2070
2000
0000
0000
3f00
003f
0000
0000
f800
00f8
0000
3f00
0000
0000
0000
f800
0000
0000
0102
0202
0201
0101
8040
0000
0000
0000
0000
0000
0000
0201
8080
8040
4040
4080
0000
0000
0003
0408
0060
9090
80e0
9088
0804
0300
0404
0300
8890
e080
8080
0000
003f
1008
0402
0100
00fe
0200
0000
0080
0001
0204
0810
3f00
8000
0000
0002
fe00
0000
0001
0101
0102
fe80
8000
0000
0000
4262
a414
1408
0800
0000
0000
0000
0000
0000
0101
0101
0101
0000
0000
0000
0000
0101
0101
3f00
0000
0000
0000
f800
0000
0000
0101
0101
0101
0000
0000
0000
0000
0101
0101
3f00
0000
0000
0000
f800
0000
0020
2020
2020
2020
0000
0000
0000
0000
2020
2020
2020
3f00
0000
0000
0000
fe00
0000
0000
0000
0000
0000
0206
0a12
2242
0001
0204
0810
3f00
8202
0202
0202
fe00
0000
0010
3810
0000
0000
0010
3810
0000
0000
0103
0100
0000
0000
0080
0000
0000
0007
0810
2020
2020
00c0
2010
0808
0808
2020
2020
2020
2020
0808
0808
0808
0808
0020
2020
2020
2020
0008
0808
0808
0808
2020
2020
2010
0807
0808
0808
0810
20c0
0000
0001
020c
1021
0030
408c
1060
8000
100c
0201
0000
0000
8060
108c
4030
0000
0000
0000
1824
4041
0000
0000
3048
8404
4224
1800
0000
0000
0448
3000
0000
0000
0000
0000
1824
4241
0000
0000
3048
8000
4224
1800
0000
0000
8048
3000
0000
0000
0000
003f
1f18
080c
0000
00f8
f010
2020
0406
0203
0100
0000
4040
8080
0000
0000
0c12
1010
1008
0808
6090
8080
8040
4040
0404
0402
0202
120c
2020
2010
1010
9060
0000
0101
0202
0404
0000
0000
8080
4040
0808
1010
2020
4040
2020
1010
0808
0404
4040
2020
1010
0808
0404
0808
1010
2020
0404
0202
0101
0000
4040
8080
0000
0000
0000
0000
0000
3f00
0000
0000
0000
f808
0000
0000
0000
0000
0808
0800
0000
0000
0020
2010
101f
0808
0008
0810
10f0
2020
0404
0402
0201
0100
4040
4080
8000
0000
0000
3f00
0000
003f
0000
f808
0808
08f8
0000
0000
3f00
0000
0808
0808
f800
0000
0304
0403
0202
0404
8040
4080
8080
4040
0808
0f10
1078
0000
2020
e010
103c
0000
6090
9090
9192
6408
1020
4080
0000
0000
1324
4484
0404
0300
0c92
9292
9292
0c00
0000
0404
071f
1c04
0040
4070
f0c0
4040
0404
071f
1c04
0400
4070
f0c0
4040
0000
0008
0808
080b
0c08
0000
0000
0000
8040
0808
0809
0a0c
0800
4080
8000
0000
0000
0001
0101
0101
0101
0000
8040
2020
1010
0101
071f
3e3e
1c00
1020
0000
0000
0000
0103
0301
091f
0901
0080
8000
20f0
2000
0307
0301
0101
0101
80c0
8000
0000
0000
0301
091f
0901
0301
8000
20f0
2000
8000
0103
0109
1f09
0103
0080
0020
f020
0080
000f
1e3e
3e1e
0e02
00e0
2020
2020
2020
0202
0202
0202
0200
2020
2020
2020
2000
000f
3f7f
c4e4
cf8f
00e0
f8fc
464e
e6e2
1c38
3878
7c7f
3f00
7038
383c
7cfc
f800
0f30
405f
9f80
809f
e018
04f4
f202
02f2
9f81
8181
4141
300f
f282
8282
8484
18e0
003f
3f00
3f3f
0141
00f8
f800
f8f8
0004
91b9
9148
4423
1807
123a
1224
4488
30c0
0000
0000
007f
0000
0000
0040
20f0
0804
007f
0000
0000
0000
08f0
2040
0000
0000
0000
0008
103f
4080
0000
0040
20f0
0804
403f
1008
0000
0000
08f0
2040
0000
0000
0000
0001
0618
6080
041c
6484
0404
0404
6018
0601
0000
0000
0404
0484
641c
0400
4070
4c43
4040
4040
0000
0000
c030
0c02
4040
4043
4c70
4000
0c30
c000
0000
0000
0000
0000
00ff
8080
0080
c0a0
9088
0402
80ff
0000
0000
0000
0488
90a0
c080
0000
0002
060a
1223
4080
0000
0000
00fe
0202
4023
120a
0602
0000
02fe
0000
0000
0000
0102
0408
1020
7c04
0080
4020
1008
7c40
0404
0404
0404
0407
4040
4040
4040
40c0
0704
0404
0404
0404
c040
4040
4040
4040
047c
2010
0804
0201
407c
0810
2040
8000
0000
0001
071f
7fff
041c
7cfc
fcfc
fcfc
7f1f
0701
0000
0000
fcfc
fcfc
7c1c
0400
4070
7c7f
7f7f
7f7f
0000
0000
c0f0
fcfe
7f7f
7f7f
7c70
4000
fcf0
c000
0000
0000
0000
0000
00ff
ffff
0080
c0e0
f0f8
fcfe
ffff
0000
0000
0000
fcf8
f0e0
c080
0000
0002
060e
1e3f
7fff
0000
0000
00fe
fefe
7f3f
1e0e
0602
0000
fefe
0000
0000
0000
0103
070f
1f3f
7f07
0080
c0e0
f0f8
fcc0
0707
0707
0707
0707
c0c0
c0c0
c0c0
c0c0
0707
0707
0707
0707
c0c0
c0c0
c0c0
c0c0
077f
3f1f
0f07
0301
c0fc
f8f0
e0c0
8000
00f1
4020
1111
0a04
00fe
4888
0808
0808
040a
1111
2040
f100
0808
0808
8848
fe00
00e3
4122
2214
1408
00fe
4848
4848
4848
0814
1422
2241
e300
4848
4848
4848
fe00
0001
0100
0001
0301
0000
0000
0000
0000
0101
0101
0101
0300
0000
0000
0000
8000
0004
0400
0004
0c04
0040
4000
0040
c040
0404
0404
0404
0e00
4040
4040
4040
e000
0011
1100
0011
3311
0010
1000
0010
3010
1111
1111
1111
3b00
1010
1010
1010
b800
0020
2000
0027
6222
0000
0000
001c
0808
2121
2120
2020
7000
1010
10a0
a040
4000
0000
0000
0038
1010
0000
0000
0070
2020
0808
0404
0201
0100
4040
4080
8000
0000
0000
0000
0071
2020
0008
0800
00c8
9888
1111
110a
0a04
0400
0808
0808
0808
1c00
0000
0000
00ee
4444
0044
4400
0044
cc44
4444
2828
2810
1000
4444
4444
4444
ee00
0000
0000
00ee
4544
0092
9200
0092
b692
4444
2828
2810
1100
9292
9292
9292
b600
0020
2000
0027
6221
0000
0000
001c
0810
2020
2020
2122
7700
a040
40a0
1008
1c00
0000
0000
001c
0804
0000
0000
0070
2040
0201
0102
0408
1c00
8000
0080
4020
7000
0000
0000
0071
2011
0808
0000
00c8
9808
0a04
040a
1120
7100
0808
0808
0888
dc00
0000
0000
00ee
4428
4444
0000
0044
cc44
2810
1028
2844
ee00
4444
4444
4444
ee00
2a2a
f722
6fb2
272a
0a08
7e08
8874
24f2
0038
4492
7c10
257c
0044
e42e
44e4
445e
0001
0101
0101
0100
0000
0000
0000
0000
0001
0101
0101
0100
0000
0000
0000
0000
0020
4143
8581
8181
0008
0404
0202
0202
8181
8181
4147
2000
0202
0202
04c4
0800
0020
4344
8888
8080
0008
8444
2222
2222
8081
8284
484f
2000
4282
0202
24e4
0800
0020
4344
8880
8083
0008
8444
2222
4282
8080
8088
4443
2000
4222
2222
4484
0800
0020
4041
8282
8488
0008
8484
8282
8282
8890
9f80
4043
2000
8282
f282
84e4
0800
0020
4f48
8888
8b8c
0008
c404
0202
8242
8880
8088
4443
2000
2222
2222
4484
0800
0020
4344
8888
888b
0008
8444
2202
0282
8c88
8888
4443
2000
4222
2222
4484
0800
0020
4f48
8880
8080
0008
e424
2242
4282
8081
8181
4141
2000
8202
0202
0404
0800
0020
4344
8888
8483
0008
8444
2222
4282
8488
8888
4443
2000
4222
2222
4484
0800
0020
4344
8888
8884
0008
8444
2222
2262
8380
8088
4443
2000
a222
2222
4484
0800
0020
4859
a989
8989
0008
e414
1212
1212
8989
8989
495c
2000
1212
1212
14e4
0800
00fc
0624
2820
4081
044a
2490
8888
8808
0000
007e
0000
0000
0040
4070
4840
4040
0042
4140
7e40
4040
8040
0000
0000
0000
3e00
0000
0001
0102
1090
9090
9012
1418
fc06
0428
1008
0000
0072
0204
0448
7000
00c8
08cb
1013
20c3
0002
3282
8484
88b0
007e
0202
0202
7e00
0000
00fc
0000
0040
0808
7f08
4948
8808
a040
0000
0080
8000
1048
4444
4444
8400
0408
1030
d010
1000
0052
5252
0404
0830
0000
0000
0000
0000
2023
fa22
fa22
2223
02c2
544c
4a48
50d0
0004
04f7
0404
0404
0008
2828
a82a
2a4c
107c
10fe
1010
1408
007c
4444
4444
7c00
83f0
9710
2020
4186
1010
9090
a0a2
223e
0808
7f08
2a29
4908
0000
0000
7c00
0000
0000
3101
0102
2438
0000
0000
0000
0000
0000
2050
8804
0200
0008
4848
484a
8c00
0052
5252
0404
0830
0000
0000
0000
0000
0000
0000
00a4
da92
0000
0000
0038
4440
9292
9292
9292
0000
2018
0442
423c
0000
0000
0000
0000
2222
0000
0000
003c
4240
2242
4264
a49b
8080
2018
0442
423c
0000
0000
0000
00d8
6442
0000
0000
0078
8480
4242
4242
42e7
0000
4038
0482
827c
0000
00fb
2020
2020
203f
00f8
8482
8282
84f8
2020
2020
20fb
0000
8080
8080
80e0
0000
0000
0000
00d8
6442
0000
0000
0078
8480
4242
4242
6458
40e0
4038
0482
827c
0000
00e7
4244
4848
5060
0078
4442
4242
4478
5048
4844
42e7
0000
4442
4242
4478
0000
0082
c6c6
c6c6
aaaa
0078
4442
4242
4478
aaaa
9292
9292
0000
4442
4242
4478
0000
001c
2240
4040
4040
0078
4442
4242
4478
4f42
4242
261a
0000
4442
4242
4478
0000
0020
5e52
929e
9292
0008
1414
fa12
3232
9e92
929f
4a51
2000
5252
9212
1464
0800
0028
4849
a8bc
abc8
0048
44f4
4242
fa22
8cbb
888a
4949
2800
22fe
2222
2424
6800
0020
5249
80bf
a0af
0008
1414
22fa
0aea
8081
bf81
4141
2300
4282
fa02
0404
0800
0024
4749
95a2
9488
0008
7414
a242
a212
9780
8f81
4549
2100
ca02
e202
4424
0800
0020
4041
bca6
a5a5
0008
34c4
424a
4a52
a4a7
a4bc
4040
2000
42fe
4242
4444
c800
0020
5f41
8284
8f80
0008
f404
2262
9212
8181
8f81
415f
2000
0202
e202
04f4
0800
0020
4142
8488
91a1
0008
0484
4222
120a
8989
8989
495f
2000
02e2
0202
04f4
0800
0020
5057
91ba
9490
0008
84f4
1212
6202
949f
9595
5555
2000
42f2
5252
5454
0800
0020
4447
8890
a884
0008
04e4
2222
4282
8387
8cb4
4447
2000
02f2
1212
14f4
0800
0020
5249
89bf
a081
0008
1414
22fa
0a02
9f81
8182
4244
2800
f212
1212
1424
c800
0020
4848
be82
8489
0008
4444
4242
42f2
9caa
8888
484b
2000
4242
4242
44fc
0800
0020
5e54
9e92
9e94
0008
4444
7a82
823a
9e80
8f8a
4a5f
2000
0202
e2a2
a4f4
0800
0021
424f
8888
8f88
0008
04e4
2222
e222
888f
8888
484f
2800
22e2
2222
24e4
2800
002d
4140
9c81
9f90
0008
f454
a212
f212
9f93
909f
4448
2000
92f2
12f2
4424
0800
000f
3141
7f88
8891
00e0
1804
fc82
fa0a
b2d5
9190
5156
300f
5212
6282
4434
18e0
000f
3041
4284
89b1
00e0
1804
8442
221a
8189
8989
497f
300f
02e2
0202
04f4
18e0
000f
305f
5494
9798
00e0
18fc
0402
f282
909f
9192
545f
300f
82fa
4222
14fc
18e0
000f
3048
4b88
bd8a
00e0
1884
f492
1262
888a
8f8a
4a4a
300f
0222
faaa
acac
18e0
000f
3447
4890
ac83
00e0
18e4
2442
8202
848f
98a8
484f
300f
02e2
2222
24e4
18e0
000f
3141
5f90
908f
00e0
1804
f412
12e2
809f
8189
5143
300f
02f2
0222
1404
18e0
000f
3049
44bf
a1a1
00e0
1824
a4fa
0a0a
9f81
8282
4448
300f
f212
1212
1464
18e0
000f
3049
44bf
a0af
00e0
1824
a4fa
0aea
8081
bf81
4143
300f
4282
fa02
0404
18e0
000f
3242
7f84
8f98
00e0
1804
f402
e222
afc8
8f88
4848
300f
e222
e222
2464
18e0
000f
3048
48be
8988
00e0
18a4
a4fa
2222
99ac
ca88
4948
300f
fe22
72aa
2424
18e0
000f
3048
48be
8284
00e0
1844
4442
4242
899c
aa88
484b
300f
f242
4242
44fc
18e0
000f
305e
549e
929e
00e0
1884
f482
8202
949e
809f
527f
300f
f202
02f2
94fc
18e0
000f
304c
419c
819f
00e0
98f4
54a2
12f2
909f
9390
5f44
380f
1292
f212
f444
38e0
000f
305e
5292
9e92
00e0
1814
14fa
1232
9e92
929f
4a51
300f
5252
9212
1464
18e0
0000
0000
0000
0000
0000
0000
0000
0000
0000
0000
0000
0000
0000
0000
0000
0000
0000
0000
0000
0000
0000
0000
0000
0000
0000
0000
0000
0000
0000
0000
0000
0000
0000
0000
0000
0000
0000
0000
0000
0000
0000
0000
0000
0000
0000
0000
0000
0000
0000
0000
0000
0000
0000
0000
0000
0000
0000
0000
0000
0000
0000
0000
0000
0000
0000
0000
0000
0000
0000
0000
0000
0000
0000
0000
0000
0000
0000
0000
0000
0000
0000
0000
0000
0000
0000
0000
0000
0000
0000
0000
0000
0000
0000
0000
0000
0000
0000
0000
0000
0000
0000
0000
0000
0000
0000
0000
0000
0000
0000
0000
0000
0000
0000
0000
0000
0000
0000
0000
0000
0000
0000
0000
0000
0000
0000
0000
0000
0000
0000
0000
0000
0000
0000
0000
0000
0000
0000
0000
0000
0000
0000
0000
0000
0000
0000
0000
0000
0000
0000
0000
0000
0000
0000
0000
0000
0000
0000
0000
0000
0000
0000
0000
0000
0000
0000
0000
0000
0000
0000
0000
0000
0000
0000
0000
0000
0000
0000
0000
0000
0000
0000
0000
0000
0000
0000
0000
0000
0000
0000
0000
0000
0000
0000
0000
0000
0000
0000
0000
0000
0000
0000
0000
0000
0000
0000
0000
0000
0000
0000
0000
0000
0000
0000
0000
0000
0000
0000
0000
0000
0000
0000
0000
0000
0000
0000
0000
0000
0000
0000
0000
0000
0000
0000
0000
0000
0000
0000
0000
0000
0000
0000
0000
0000
0000
0000
0000
0000
0000
0000
0000
0000
0000
0000
0000
0000
0000
0000
0000
0000
0000
0000
0000
0000
0000
0000
0000
0000
0000
0000
0000
0000
0000
0000
0000
0000
0000
0000
0000
0000
0000
0000
0000
0000
0000
0000
0000
0000
0000
0000
0000
0000
0000
0000
0000
0000
0000
0000
0000
0000
0000
0000
0000
0000
0000
0000
0000
0000
0000
0000
0000
0000
0000
0000
0000
0000
0000
0000
0000
0000
0000
0000
0000
0000
0000
0000
0000
0000
0000
0000
0000
0000
0000
0000
0000
0000
0000
0000
0000
0000
0000
0000
0000
0000
0000
0000
0000
0000
0000
0000
0000
0000
0000
0000
0000
0000
0000
0000
0000
0000
0000
0000
0000
0000
0000
0000
0000
0000
0000
0000
0000
0000
0000
0000
0000
0000
0000
0000
0000
0000
0000
0000
0000
0000
0000
0000
0000
0000
0000
0000
0000
0000
0000
0000
0000
0000
0000
0000
0000
0000
0000
0000
0000
0000
0000
0000
0000
0000
0000
0000
0000
0000
0000
0000
0000
0000
0000
0000
0000
0000
0000
0000
0000
0000
0000
0000
0000
0000
0000
0000
0000
0000
0000
0000
0000
0000
0000
0000
0000
0000
0000
0000
0000
0000
0000
0000
0000
0000
0000
0000
0000
0000
0000
0000
0000
0000
0000
0000
0000
0000
0000
0000
0000
0000
0000
0000
0000
0000
0000
0000
0000
0000
0000
0000
0000
0000
0000
0000
0000
0000
0000
0000
0000
0000
0000
0000
0000
0000
0000
0000
0000
0000
0000
0000
0000
0000
0000
0000
0000
0000
0000
0000
0000
0000
0000
0000
0000
0000
0000
0000
0000
0000
0000
0000
0000
0000
0000
0000
0000
0000
0000
0000
0000
0000
0000
0000
0000
0000
0000
0000
0000
0000
0000
0000
0000
0000
0000
0000
0000
0000
0000
0000
0000
0000
0000
0000
0000
0000
0000
0000
0000
0000
0000
0000
0000
0000
0000
0000
0000
0000
0000
0000
0000
0000
0000
0000
0000
0000
0000
0000
0000
0000
0000
0000
0000
0000
0000
0000
0000
0000
0000
0000
0000
0000
0000
0000
0000
0000
0000
0000
0000
0000
0000
0000
0000
0000
0000
0000
0000
0000
0000
0000
0000
0000
0000
0000
0000
0000
0000
0000
0000
0000
0000
0000
0000
0000
0000
0000
0000
0000
0000
0000
0000
0000
0000
0000
0000
0000
0000
0000
0000
0000
0000
0000
0000
0000
0000
0000
0000
0000
0000
0000
0000
0000
0000
0000
0000
0000
0000
0000
0000
0000
0000
0000
0000
0000
0000
0000
0000
0000
0000
0000
0000
0000
0000
0000
0000
0000
0000
0000
0000
0000
0000
0000
0000
0000
0000
0000
0000
0000
0000
0000
0000
0000
0000
0000
0000
0000
0000
0000
0000
0000
0000
0000
0000
0000
0000
0000
0000
0000
0000
0000
0000
0000
0000
0000
0000
0000
0000
0000
0000
0000
0000
0000
0000
0000
0000
0000
0000
0000
0000
0000
0000
0000
0000
0000
0000
0000
0000
0000
0000
0000
0000
0000
0000
0000
0000
0000
0000
0000
0000
0000
0000
0000
0000
0000
0000
0000
0000
0000
0000
0000
0000
0000
0000
0000
0000
0000
0000
0000
0000
0000
0000
0000
0000
0000
0000
0000
0000
0000
0000
0000
0000
0000
0000
0000
0000
0000
0000
0000
0000
0000
0000
0000
0000
0000
0000
0000
0000
0000
0000
0000
0000
0000
0000
0000
0000
0000
0000
0000
0000
0000
0000
0000
0000
0000
0000
0000
0000
0000
0000
0000
0000
0000
0000
0000
0000
0000
0000
0000
0000
0000
0000
0000
0000
0000
0000
0000
0000
0000
0000
0000
0000
0000
0000
0000
0000
0000
0000
0000
0000
0000
0000
0000
0000
0000
0000
0000
0000
0000
0000
0000
0000
0000
0000
0000
0000
0000
0000
0000
0000
0000
0000
0000
0000
0000
0000
0000
0000
0000
0000
0000
0000
0000
0000
0000
0000
0000
0000
0000
0000
0000
0000
0000
0000
0000
0000
0000
0000
0000
0000
0000
0000
0000
0000
0000
0000
0000
0000
0000
0000
0000
0000
0000
0000
0000
0000
0000
0000
0000
0000
0000
0000
0000
0000
0000
0000
0000
0000
0000
0000
0000
0000
0000
0000
0000
0000
0000
0000
0000
0000
0000
0000
0000
0000
0000
0000
0000
0000
0000
0000
0000
0000
0000
0000
0000
0000
0000
0000
0000
0000
0000
0000
0000
0000
0000
0000
0000
0000
0000
0000
0000
0000
0000
0000
0000
0000
0000
0000
0000
0000
0000
0000
0000
0000
0000
0000
0000
0000
0000
0000
0000
0000
0000
0000
0000
0000
0000
0000
0000
0000
0000
0000
0000
0000
0000
0000
0000
0000
0000
0000
0000
0000
0000
0000
0000
0000
0000
0000
0000
0000
0000
0000
0000
0000
0000
0000
0000
0000
0000
0000
0000
0000
0000
0000
0000
0000
0000
0000
0000
0000
0000
0000
0000
0000
0000
0000
0000
0000
0000
0000
0000
0000
0000
0000
0000
0000
0000
0000
0000
0000
0000
0000
0000
0000
0000
0000
0000
0000
0000
0000
0000
0000
0000
0000
0000
0000
0000
0000
0000
0000
0000
0000
0000
0000
0000
0000
0000
0000
0000
0000
0000
0000
0000
0000
0000
0000
0000
0000
0000
0000
0000
0000
0000
0000
0000
0000
0000
0000
0000
0000
0000
0000
0000
0000
0000
0000
0000
0000
0000
0000
0000
0000
0000
0000
0000
0000
0000
0000
0000
0000
0000
0000
0000
0000
0000
0000
0000
0000
0000
0000
0000
0000
0000
0000
0000
0000
0000
0000
0000
0000
0000
0000
0000
0000
0000
0000
0000
0000
0000
0000
0000
0000
0000
0000
0000
0000
0000
0000
0000
0000
0000
0000
0000
0000
0000
0000
0000
0000
0000
0000
0000
0000
0000
0000
0000
0000
0000
0000
0000
0000
0000
0000
0000
0000
0000
0000
0000
0000
0000
0000
0000
0000
0000
0000
0000
0000
0000
0000
0000
0000
0000
0000
0000
0000
0000
0000
0000
0000
0000
0000
0000
0000
0000
0000
0000
0000
0000
0000
0000
0000
0000
0000
0000
0000
0000
0000
0000
0000
0000
0000
0000
0000
0000
0000
0000
0000
0000
0000
0000
0000
0000
0000
0000
0000
0000
0000
0000
0000
0000
0000
0000
0000
0000
0000
0000
0000
0000
0000
0000
0000
0000
0000
0000
0000
0000
0000
0000
0000
0000
0000
0000
0000
0000
0000
0000
0000
0000
0000
0000
0000
0000
0000
0000
0000
0000
0000
0000
0000
0000
0000
0000
0000
0000
0000
0000
0000
0000
0000
0000
0000
0000
0000
0000
0000
0000
0000
0000
0000
0000
0000
0000
0000
0000
0000
0000
0000
0000
0000
0000
0000
0000
0000
0000
0000
0000
0000
0000
0000
0000
0000
0000
0000
0000
0000
0000
0000
0000
0000
0000
0000
0000
0000
0000
0000
0000
0000
0000
0000
0000
0000
0000
0000
0000
0000
0000
0000
0000
0000
0000
0000
0000
0000
0000
0000
0000
0000
0000
0000
0000
0000
0000
0000
0000
0000
0000
0000
0000
0000
0000
0000
0000
0000
0000
0000
0000
0000
0000
0000
0000
0000
0000
0000
0000
0000
0000
0000
0000
0000
0000
0000
0000
0000
0000
0000
0000
0000
0000
0000
0000
0000
0000
0000
0000
0000
0000
0000
0000
0000
0000
0000
0000
0000
0000
0000
0000
0000
0000
0000
0000
0000
0000
0000
0000
0000
0000
0000
0000
0000
0000
0000
0000
0000
0000
0000
0000
0000
0000
0000
0000
0000
0000
0000
0000
0000
0000
0000
0000
0000
0000
0000
0000
0000
0000
0000
0000
0000
0000
0000
0000
0000
0000
0000
0000
0000
0000
0000
0000
0000
0000
0000
0000
0000
0000
0000
0000
0000
0000
0000
0000
0000
0000
0000
0000
0000
0000
0000
0000
0000
0000
0000
0000
0000
0000
0000
0000
0000
0000
0000
0000
0000
0000
0000
0000
0000
0000
0000
0000
0000
0000
0000
0000
0000
0000
0000
0000
0000
0000
0000
0000
0000
0000
0000
0000
0000
0000
0000
0000
0000
0000
0000
0000
0000
0000
0000
0000
0000
0000
0000
0000
0000
0000
0000
0000
0000
0000
0000
0000
0000
0000
0000
0000
0000
0000
0000
0000
0000
0000
0000
0000
0000
0000
0000
0000
0000
0000
0000
0000
0000
0000
0000
0000
0000
0000
0000
0000
0000
0000
0000
0000
0000
0000
0000
0000
0000
0000
0000
0000
0000
0000
0000
0000
0000
0000
0000
0000
0000
0000
0000
0000
0000
0000
0000
0000
0000
0000
0000
0000
0000
0000
0000
0000
0000
0000
0000
0000
0000
0000
0000
0000
0000
0000
0000
0000
0000
0000
0000
0000
0000
0000
0000
0000
0000
0000
0000
0000
0000
0000
0000
0000
0000
0000
0000
0000
0000
0000
0000
0000
0000
0000
0000
0000
0000
0000
0000
0000
0000
0000
0000
0000
0000
0000
0000
0000
0000
0000
0000
0000
0000
0000
0000
0000
0000
0000
0000
0000
0000
0000
0000
0000
0000
0000
0000
0000
0000
0000
0000
0000
0000
0000
0000
0000
0000
0000
0000
0000
0000
0000
0000
0000
0000
0000
0000
0000
0000
0000
0000
0000
0000
0000
0000
0000
0000
0000
0000
0000
0000
0000
0000
0000
0000
0000
0000
0000
0000
0000
0000
0000
0000
0000
0000
0000
0000
0000
0000
0000
0000
0000
0000
0000
0000
0000
0000
0000
0000
0000
0000
0000
0000
0000
0000
0000
0000
0000
0000
0000
0000
0000
0000
0000
0000
0000
0000
0000
0000
0000
0000
0000
0000
0000
0000
0000
0000
0000
0000
0000
0000
0000
0000
0000
0000
0000
0000
0000
0000
0000
0000
0000
0000
0000
0000
0000
0000
0000
0000
0000
0000
0000
0000
0000
0000
0000
0000
0000
0000
0000
0000
0000
0000
0000
0000
0000
0000
0000
0000
0000
0000
0000
0000
0000
0000
0000
0000
0000
0000
0000
0000
0000
0000
0000
0000
0000
0000
0000
0000
0000
0000
0000
0000
0000
0000
0000
0000
0000
0000
0000
0000
0000
0000
0000
0000
0000
0000
0000
0000
0000
0000
0000
0000
0000
0000
0000
0000
0000
0000
0000
0000
0000
0000
0000
0000
0000
0000
0000
0000
0000
0000
0000
0000
0000
0000
0000
0000
0000
0000
0000
0000
0000
0000
0000
0000
0000
0000
0000
0000
0000
0000
0000
0000
0000
0000
0000
0000
0000
0000
0000
0000
0000
0000
0000
0000
0000
0000
0000
0000
0000
0000
0000
0000
0000
0000
0000
0000
0000
0000
0000
0000
0000
0000
0000
0000
0000
0000
0000
0000
0000
0000
0000
0000
0000
0000
0000
0000
0000
0000
0000
0000
0000
0000
0000
0000
0000
0000
0000
0000
0000
0000
0000
0000
0000
0000
0000
0000
0000
0000
0000
0000
0000
0000
0000
0000
0000
0000
0000
0000
0000
0000
0000
0000
0000
0000
0000
0000
0000
0000
0000
0000
0000
0000
0000
0000
0000
0000
0000
0000
0000
0000
0000
0000
0000
0000
0000
0000
0000
0000
0000
0000
0000
0000
0000
0000
0000
0000
0000
0000
0000
0000
0000
0000
0000
0000
0000
0000
0000
0000
0000
0000
0000
0000
0000
0000
0000
0000
0000
0000
0000
0000
0000
0000
0000
0000
0000
0000
0000
0000
0000
0000
0000
0000
0000
0000
0000
0000
0000
0000
0000
0000
0000
0000
0000
0000
0000
0000
0000
0000
0000
0000
0000
0000
0000
0000
0000
0000
0000
0000
0000
0000
0000
0000
0000
0000
0000
0000
0000
0000
0000
0000
0000
0000
0000
0000
0000
0000
0000
0000
0000
0000
0000
0000
0000
0000
0000
0000
0000
0000
0000
0000
0000
0000
0000
0000
0000
0000
0000
0000
0000
0000
0000
0000
0000
0000
0000
0000
0000
0000
0000
0000
0000
0000
0000
0000
0000
0000
0000
0000
0000
0000
0000
0000
0000
0000
0000
0000
0000
0000
0000
0000
0000
0000
0000
0000
0000
0000
0000
0000
0000
0000
0000
0000
0000
0000
0000
0000
0000
0000
0000
0000
0000
0000
0000
0000
0000
0000
0000
0000
0000
0000
0000
0000
0000
0000
0000
0000
0000
0000
0000
0000
0000
0000
0000
0000
0000
0000
0000
0000
0000
0000
0000
0000
0000
0000
0000
0000
0000
0000
0000
0000
0000
0000
0000
0000
0000
0000
0000
0000
0000
0000
0000
0000
0000
0000
0000
0000
0000
0000
0000
0000
0000
0000
0000
0000
0000
0000
0000
0000
0000
0000
0000
0000
0000
0000
0000
0000
0000
0000
0000
0000
0000
0000
0000
0000
0000
0000
0000
0000
0000
0000
0000
0000
0000
0000
0000
0000
0000
0000
0000
0000
0000
0000
0000
0000
0000
0000
0000
0000
0000
0000
0000
0000
0000
0000
0000
0000
0000
0000
0000
0000
0000
0000
0000
0000
0000
0000
0000
0000
0000
0000
0000
0000
0000
0000
0000
0000
0000
0000
0000
0000
0000
0000
0000
0000
0000
0000
0000
0000
0000
0000
0000
0000
0000
0000
0000
0000
0000
0000
0000
0000
0000
0000
0000
0000
0000
0000
0000
0000
0000
0000
0000
0000
0000
0000
0000
0000
0000
0000
0000
0000
0000
0000
0000
0000
0000
0000
0000
0000
0000
0000
0000
0000
0000
0000
0000
0000
0000
0000
0000
0000
0000
0000
0000
0000
0000
0000
0000
0000
0000
0000
0000
0000
0000
0000
0000
0000
0000
0000
0000
0000
0000
0000
0000
0000
0000
0000
0000
0000
0000
0000
0000
0000
0000
0000
0000
0000
0000
0000
0000
0000
0000
0000
0000
0000
0000
0000
0000
0000
0000
0000
0000
0000
0000
0000
0000
0000
0000
0000
0000
0000
0000
0000
0000
0000
0000
0000
0000
0000
0000
0000
0000
0000
c700
0000
017f
7f7f
00df
dfdf
df00
0000
0000
0000
000f
0f0f
0f00
0000
0000
0000
fb01
3130
600e
001a
141f
151f
131f
1f1f
1600
d880
0d00
0000
3700
8000
0000
0200
fc3a
c050
3000
0015
151f
1917
1d1d
1a15
1740
1410
1006
6758
1900
8000
0000
0200
fccf
c0c0
c000
0f18
181f
181a
1c17
1a11
0e00
540f
1018
989c
2900
8000
0000
0200
fccf
c0c0
c000
0f18
181f
181a
1c17
1a11
0e00
540f
1018
989c
2900
8000
0000
0200
fd06
3201
3200
1a1a
1a1f
1f1f
1f1f
0f1f
1f40
d696
d003
1504
0800
8000
0000
0200
fc04
0103
010a
2016
121a
9f9c
1c15
1f13
1100
0e00
0df5
09ff
f600
8000
0000
0200
fb08
3130
6000
0530
141f
151f
131f
1f1f
1600
1880
0d00
0000
3700
8000
0000
0200
fd0f
0f0f
0f00
0d0d
0d1f
9f9f
9f1f
1f1f
1f00
1012
0f05
4f4f
4f00
8000
0000
0200
fd0f
0f0f
0f0b
1414
141f
9f9f
9f1f
1f1f
1f00
1012
0c05
0fff
4f00
8000
0000
0200
e801
0202
0314
1d1a
149f
1f1f
1f10
1010
1052
1252
12a6
a6a6
a800
8000
0000
0200
fa0c
672f
0210
0812
1417
181a
1900
0400
0880
8000
0625
1525
0600
8000
0000
0200
c331
4041
005b
005b
1418
1518
531f
1f1f
1617
9b10
0d0f
0f0f
0a00
8000
0000
0200
c101
0101
017f
7f7f
181f
1f1f
1f1f
1f1f
1f00
0000
00ff
ffff
ff00
8000
0000
0200
c101
0101
017f
7f7f
181f
1f1f
1f1f
1f1f
1f00
0000
00ff
ffff
ff00
8000
0000
0200
c101
0101
017f
7f7f
181f
1f1f
1f1f
1f1f
1f00
0000
00ff
ffff
ff00
8000
0000
0200
c101
0101
017f
7f7f
181f
1f1f
1f1f
1f1f
1f00
0000
00ff
ffff
ff00
8000
0000
0200
c101
0101
017f
7f7f
181f
1f1f
1f1f
1f1f
1f00
0000
00ff
ffff
ff00
8000
0000
0200
c101
0101
017f
7f7f
181f
1f1f
1f1f
1f1f
1f00
0000
00ff
ffff
ff00
8000
0000
0200
c101
0101
017f
7f7f
181f
1f1f
1f1f
1f1f
1f00
0000
00ff
ffff
ff00
8000
0000
0200
c101
0101
017f
7f7f
181f
1f1f
1f1f
1f1f
1f00
0000
00ff
ffff
ff00
8000
0000
0200
c101
0101
017f
7f7f
181f
1f1f
1f1f
1f1f
1f00
0000
00ff
ffff
ff00
8000
0000
0200
c101
0101
017f
7f7f
181f
1f1f
1f1f
1f1f
1f00
0000
00ff
ffff
ff00
8000
0000
0200
c101
0101
017f
7f7f
181f
1f1f
1f1f
1f1f
1f00
0000
00ff
ffff
ff00
8000
0000
0200
c101
0101
017f
7f7f
181f
1f1f
1f1f
1f1f
1f00
0000
00ff
ffff
ff00
8000
0000
0200
c101
0101
017f
7f7f
181f
1f1f
1f1f
1f1f
1f00
0000
00ff
ffff
ff00
8000
0000
0200
c101
0101
017f
7f7f
181f
1f1f
1f1f
1f1f
1f00
0000
00ff
ffff
ff00
8000
0000
0200
c101
0101
017f
7f7f
181f
1f1f
1f1f
1f1f
1f00
0000
00ff
ffff
ff00
8000
0000
0200
c101
0101
017f
7f7f
181f
1f1f
1f1f
1f1f
1f00
0000
00ff
ffff
ff00
8000
0000
0200
c101
0101
017f
7f7f
181f
1f1f
1f1f
1f1f
1f00
0000
00ff
ffff
ff00
8000
0000
0200
c101
0101
017f
7f7f
181f
1f1f
1f1f
1f1f
1f00
0000
00ff
ffff
ff00
8000
0000
0200
c101
0101
017f
7f7f
181f
1f1f
1f1f
1f1f
1f00
0000
00ff
ffff
ff00
8000
0000
0200
0000
0000
0000
0000
0101
0101
0101
0101
0000
0000
0000
0000
0101
0101
0101
0101
007f
0404
047f
4444
00fc
4040
40fc
4444
4444
7f44
0404
04ff
4444
fc44
4040
40fe
0007
f090
9097
9494
00fe
9090
909e
0202
94f4
8780
0000
001f
0202
9e90
9090
90fe
2020
2021
fc48
484b
2020
20fc
2020
20fe
48d0
3011
2824
4083
0020
20fc
2020
20fe
00fb
8888
9091
a191
00fe
0404
04e4
2424
8989
89b1
8180
8080
2424
24e4
0404
040c
0101
ff00
003f
2020
0000
fe00
00f8
0808
3f05
0818
6889
0e38
f804
8850
2090
0806
007f
2211
ff80
a928
7c80
0810
fe02
8a28
4f44
0f14
6201
0ef0
e400
f810
20c0
300e
2020
20fb
2121
2122
4040
88fc
0200
fc20
38e0
2720
2020
2166
2020
fe50
5088
0402
2020
2021
fa48
4948
2050
8804
0200
fc00
4849
c929
1129
4581
00fc
0404
0404
fc04
0061
1205
0801
06e8
80f0
1020
c020
1886
2720
2720
2f50
8c03
f080
f080
fc80
00fe
04ff
0400
3f02
1408
40fe
4000
8090
6418
37c1
013f
0102
0c70
e402
00fc
00e0
1804
04ff
0400
ff04
047f
40fe
4000
fe80
80fc
4448
4850
6040
7f40
8484
94f4
0404
fc04
0cf1
2227
fa23
6273
80f0
20f8
48f8
48f8
a8af
a427
2427
2020
40fc
44fc
44fc
407e
00ff
0404
7f44
447f
00fe
4040
fc44
44fc
0404
ff00
4848
4887
4040
fe00
4422
0af8
2023
22fa
2322
232a
00fe
0202
fe00
fe40
32e3
2222
2224
2469
84fe
2220
fc20
20fe
4027
0404
8744
0704
00fe
0202
fe00
fe40
2425
2444
4548
8893
84fe
2220
fc20
20fe
1010
101e
f212
1212
007c
4444
4444
7c44
1222
2222
2242
4281
4444
447c
0002
02fe
08ff
0802
3f02
ff00
20fe
2000
f808
fe00
3f20
3f00
7f10
ff00
f808
f820
fc20
fe20
08ff
0800
7f00
003f
20fe
2000
fc00
00f8
2020
3f20
2040
4080
0808
f808
0000
0000
203c
4893
7c57
547d
4048
9ce2
40fe
9008
5654
7d00
50ab
a803
1660
8832
c418
6080
1010
1110
fc10
303b
2020
fc00
8888
50fe
5454
9091
1010
1010
2020
20fc
2020
2020
003f
2020
2020
202f
00fe
0080
8080
80f8
2020
2020
2040
5f80
8080
8080
8080
fc00
1010
fe10
7d46
447c
2020
5088
0412
9050
4444
7c10
fd10
1010
1090
501e
f010
1010
2027
2121
f921
2121
00f8
1010
2020
7c04
39e1
2122
2224
2468
8484
4448
2810
28c6
0101
7f40
5010
1e22
0000
fc04
04f8
8888
4282
2414
0810
20c0
8888
88b8
8082
827e
2021
2121
fd25
2545
00f8
0808
0808
f808
4949
a911
2945
8107
0808
f808
0808
08fe
1010
10fe
9292
9292
1010
10fe
4040
4040
fe92
1010
121e
f101
4040
4040
4040
3e00
1028
2442
b800
7d44
2020
4040
8884
fe02
7c45
7d41
7d41
7d41
00fc
0404
0404
fc04
1020
4189
5224
49fd
8080
00fe
0202
f212
2521
a9a9
a9a1
2020
12f2
1212
f212
0418
1021
4088
5320
2049
20fc
2020
fe90
921e
fa20
20a9
a8a8
a023
40f8
8808
5020
d806
203c
4890
7c54
547c
2020
203e
2020
2020
5454
7c00
aaaa
a800
fc84
8484
8484
fc84
0000
00ff
0000
7c44
9088
80fe
8080
8888
447c
0006
18e1
0600
4850
5020
5292
0a04
00ff
0404
7f44
447f
00fe
4040
fc44
44fc
0121
11ff
0509
31c1
0008
10fe
4020
1806
2020
20f8
0911
1220
2020
5088
0404
02f8
68b0
3129
2121
2121
0000
fc04
0404
fc04
0101
ff80
8202
04ff
0000
fe02
0200
00fe
0810
3826
0101
0678
1020
2040
c020
1008
007f
4040
5f41
424c
80fe
0080
fe20
1088
704f
484f
484f
8080
86f8
88f8
88f8
82fe
2020
2027
f424
2030
4040
40fc
0444
4080
67a1
2122
2020
2067
fe10
1090
6030
c804
0000
fb88
8888
88fb
2020
fe88
8888
88fe
8889
8989
f901
0101
00fc
0404
fc04
04fc
01ff
8284
7f08
1e01
00fe
0202
fc20
4080
7e01
01ff
0509
1161
7800
00fe
4020
100c
007e
427e
427e
414f
007e
427e
427e
02e2
445f
4047
4447
4447
42f2
02c2
42c2
42c6
4444
fe44
7c10
10fe
1010
fe82
a220
20fe
9292
fe10
10fe
1011
4444
4448
2810
6c82
0101
ff01
0305
0931
0000
fe00
8040
2018
c100
3f20
2020
3f20
0600
f808
0808
f808
2024
2221
2020
2020
0808
0808
8888
0808
2020
2122
2c30
c003
1010
1030
2844
8202
0813
1020
2067
60a0
00fc
4444
44fe
4444
a027
2020
2020
2122
44fc
4440
8080
0000
0810
1020
2760
62a2
4040
4040
fc08
0808
a221
2121
2121
2f20
0808
0810
1010
fe00
1010
202f
6061
a1a2
4040
40fe
8000
4448
262a
2222
2222
232c
5020
2010
10c8
0806
1013
2020
6f60
a3a2
40f8
4888
fe00
fc04
2320
2722
222f
2020
fc20
fc20
20fe
2020
007f
4444
445f
4444
00fe
4242
42f2
4242
447f
4448
4850
7f40
42fa
4242
4242
fe02
01ff
0101
7f01
017f
00fe
0000
fc04
04fc
4141
7f01
0204
18e0
0000
fe02
8244
300e
003f
0101
ff05
1961
38c0
0000
fe40
300c
02ff
0408
1e01
0678
00fe
2020
40c0
3008
0000
7f40
405f
4044
2c20
fe20
20a0
2222
5f44
4859
4542
8598
a294
9418
102a
4a86
007f
4040
7f40
405f
0484
8484
847e
0404
4040
5f44
5555
848c
4424
2424
0404
040c
2121
21aa
aba2
a6ab
1010
2020
fe20
20fc
2222
2322
2222
2322
2020
fc20
2020
fe00
017f
0808
ff00
3f20
00fc
2020
fe00
f808
3f20
3f00
0948
488f
f808
f800
8442
0af8
007f
417f
405f
405f
0404
047e
0404
2424
8495
2400
0848
488f
2404
8c00
8442
12f0
003f
203f
203f
2408
00f8
08f8
08f8
0000
1f22
c204
0830
031c
fe22
2242
4282
0418
2020
2720
f823
6077
4040
fc40
b00c
00fe
a8a0
a322
2223
2220
0808
c848
48c8
0818
1109
093f
0202
0708
0000
00f0
1010
f808
103f
4080
2422
4200
08fe
0202
924a
420c
003f
2121
3f21
213f
00f8
0808
f808
08f8
00ff
1110
1013
1c60
00fe
0cb0
4020
1806
003f
2121
3f21
213f
00f8
0808
f808
08f8
087f
0808
ff08
1060
20fc
2020
fe20
1008
0cf0
1112
10fc
1010
40fc
0488
5020
4090
3338
5491
1010
1013
3e42
8244
2810
6080
1020
4189
5325
2149
8890
fe10
1010
fe10
f921
21a9
a9a9
a121
1010
fe10
1010
fe00
1021
4088
5320
2044
20fc
4444
fe00
fc84
fc10
1055
5494
9310
84fc
10fc
9090
fe10
007f
417f
417f
003f
00fc
04fc
04fc
00f8
203f
203f
2020
2020
08f8
08f8
0808
0838
04ff
0400
7f01
ff05
40fe
4000
f800
fe40
19e1
04ff
0817
027c
300e
00fe
4080
700c
0101
0101
ff02
0409
0000
0000
fe00
0008
1130
5090
1013
1c70
10a0
4040
2010
0806
007b
02fb
027b
0079
00fe
22fe
22fe
00fc
0101
7949
4949
7949
04fc
04fc
0404
041c
8043
200f
0003
e223
40fc
44fe
00fc
04fc
2027
212f
2020
508f
08fe
08fe
0808
00fe
8047
2407
000f
e027
40fc
44fc
40fe
00fc
2427
2424
2721
528f
04e4
fc04
fc10
08fe
007f
4848
4f50
6040
00fe
0000
fc80
8080
7f41
4244
4870
7f40
fe40
2010
0c02
fe00
0808
0808
7f08
0808
2020
2020
fc20
2020
08ff
0808
1010
2040
20fe
2020
2020
2020
0101
ff00
0224
1804
0000
fe00
0020
4088
0304
1860
0106
18e0
1020
4080
4030
0804
2020
2027
20f8
2322
1212
10fe
1010
d252
2223
2038
e700
0003
52d4
14d8
1028
ca06
0101
ff04
0810
7f00
0000
fe00
08fc
0400
1f10
1f10
1f10
1010
f808
f808
f808
0818
1010
ff10
203e
6262
007c
4444
4848
5048
be22
223e
2222
2226
4442
4242
4458
4040
0102
fa26
2122
2740
2428
aaba
2428
be24
7bc9
c949
497a
4a00
fe20
2424
1890
2ac6
0000
0000
0000
00ff
0000
0000
0000
00fe
0000
0000
0000
0000
0000
0000
0000
0000
0101
ff01
017f
0000
0000
fe00
00fc
0000
ff80
9010
1f10
100f
fe02
0270
8000
08f8
0042
2204
0990
4002
e020
1008
e402
6010
2428
5745
4585
859f
0804
fa28
2828
28fe
8143
2204
0f04
e424
00f8
1020
fc44
4444
2721
2121
222c
508f
fc20
2022
223e
00fe
18e3
2022
21f9
2022
0ef0
0042
2224
087e
6272
aaa2
2222
2222
4242
427e
4242
427e
0808
ff08
0981
4122
2020
fe20
2000
fe02
0204
2020
4041
8698
4448
40a0
9010
0806
0808
ff08
0800
7f01
2020
fe20
2000
fc00
0101
ff01
0101
010e
0000
fe00
0000
0000
2023
7848
93fa
aaab
00de
4242
de10
10de
f8a9
aaf8
01aa
a8a0
c64a
52c6
4a52
42c6
0101
0202
0405
7e04
0000
0010
08f8
4444
0404
0408
0810
20c0
4040
4040
4042
423e
0006
7840
4040
407e
0000
fe82
8282
8282
4040
4040
407e
4040
8282
8282
9c80
8080
0003
fa8a
8a8a
8a8a
00fe
0222
22fa
2222
8a8a
8afa
8a02
0302
5252
8a8a
0202
fe02
001f
1010
1f00
3f20
00f0
1010
f000
f808
3f20
3f20
203f
0870
f808
f808
08f8
201c
007f
4041
417f
4141
00fe
0202
02fa
0202
4242
4448
7040
7f40
8282
4222
1a02
fe02
2023
2222
fa2a
4a4a
00fe
0222
22fa
2222
4a4a
aa12
2a42
8302
5252
8a8a
0202
fe02
00ff
0101
013f
2020
0004
0404
0404
0404
407f
4101
0101
027c
0404
0404
0404
0404
1028
4492
107c
4544
4040
407e
82a2
2420
7c44
447c
4048
5ce5
2020
5050
4888
8402
0040
2704
0488
4800
001c
e008
8444
401c
2720
204f
4040
8087
e040
40fe
4040
40fc
2122
2422
2122
2f20
0808
4888
0848
e808
2724
2724
2744
4484
c848
c848
c84a
4ac6
08ff
0800
784b
5450
20fe
2040
a018
e600
6350
4b48
5740
4147
f810
f800
fe80
3cc4
0000
0000
0000
0000
0101
0101
0101
0101
0000
0000
0000
0000
0101
0101
0101
0101
c101
0101
017f
7f7f
181f
1f1f
1f1f
1f1f
1f00
0000
00ff
ffff
ff00
8000
0000
0200
c101
0101
017f
7f7f
181f
1f1f
1f1f
1f1f
1f00
0000
00ff
ffff
ff00
8000
0000
0200
c101
0101
017f
7f7f
181f
1f1f
1f1f
1f1f
1f00
0000
00ff
ffff
ff00
8000
0000
0200
c101
0101
017f
7f7f
181f
1f1f
1f1f
1f1f
1f00
0000
00ff
ffff
ff00
8000
0000
0200
c101
0101
017f
7f7f
181f
1f1f
1f1f
1f1f
1f00
0000
00ff
ffff
ff00
8000
0000
0200
c101
0101
017f
7f7f
181f
1f1f
1f1f
1f1f
1f00
0000
00ff
ffff
ff00
8000
0000
0200
c101
0101
017f
7f7f
181f
1f1f
1f1f
1f1f
1f00
0000
00ff
ffff
ff00
8000
0000
0200
c101
0101
017f
7f7f
181f
1f1f
1f1f
1f1f
1f00
0000
00ff
ffff
ff00
8000
0000
0200
c101
0101
017f
7f7f
181f
1f1f
1f1f
1f1f
1f00
0000
00ff
ffff
ff00
8000
0000
0200
c101
0101
017f
7f7f
181f
1f1f
1f1f
1f1f
1f00
0000
00ff
ffff
ff00
8000
0000
0200
c101
0101
017f
7f7f
181f
1f1f
1f1f
1f1f
1f00
0000
00ff
ffff
ff00
8000
0000
0200
c101
0101
017f
7f7f
181f
1f1f
1f1f
1f1f
1f00
0000
00ff
ffff
ff00
8000
0000
0200
c101
0101
017f
7f7f
181f
1f1f
1f1f
1f1f
1f00
0000
00ff
ffff
ff00
8000
0000
0200
c101
0101
017f
7f7f
181f
1f1f
1f1f
1f1f
1f00
0000
00ff
ffff
ff00
8000
0000
0200
c101
0101
017f
7f7f
181f
1f1f
1f1f
1f1f
1f00
0000
00ff
ffff
ff00
8000
0000
0200
c101
0101
017f
7f7f
181f
1f1f
1f1f
1f1f
1f00
0000
00ff
ffff
ff00
8000
0000
0200
c101
0101
017f
7f7f
181f
1f1f
1f1f
1f1f
1f00
0000
00ff
ffff
ff00
8000
0000
0200
c101
0101
017f
7f7f
181f
1f1f
1f1f
1f1f
1f00
0000
00ff
ffff
ff00
8000
0000
0200
c101
0101
017f
7f7f
181f
1f1f
1f1f
1f1f
1f00
0000
00ff
ffff
ff00
8000
0000
0200
c101
0101
017f
7f7f
181f
1f1f
1f1f
1f1f
1f00
0000
00ff
ffff
ff00
8000
0000
0200
c101
0101
017f
7f7f
181f
1f1f
1f1f
1f1f
1f00
0000
00ff
ffff
ff00
8000
0000
0200
c101
0101
017f
7f7f
181f
1f1f
1f1f
1f1f
1f00
0000
00ff
ffff
ff00
8000
0000
0200
c101
0101
017f
7f7f
181f
1f1f
1f1f
1f1f
1f00
0000
00ff
ffff
ff00
8000
0000
0200
c101
0101
017f
7f7f
181f
1f1f
1f1f
1f1f
1f00
0000
00ff
ffff
ff00
8000
0000
0200
c101
0101
017f
7f7f
181f
1f1f
1f1f
1f1f
1f00
0000
00ff
ffff
ff00
8000
0000
0200
c101
0101
017f
7f7f
181f
1f1f
1f1f
1f1f
1f00
0000
00ff
ffff
ff00
8000
0000
0200
c101
0101
017f
7f7f
181f
1f1f
1f1f
1f1f
1f00
0000
00ff
ffff
ff00
8000
0000
0200
c101
0101
017f
7f7f
181f
1f1f
1f1f
1f1f
1f00
0000
00ff
ffff
ff00
8000
0000
0200
c101
0101
017f
7f7f
181f
1f1f
1f1f
1f1f
1f00
0000
00ff
ffff
ff00
8000
0000
0200
c101
0101
017f
7f7f
181f
1f1f
1f1f
1f1f
1f00
0000
00ff
ffff
ff00
8000
0000
0200
c101
0101
017f
7f7f
181f
1f1f
1f1f
1f1f
1f00
0000
00ff
ffff
ff00
8000
0000
0200
c101
0101
017f
7f7f
181f
1f1f
1f1f
1f1f
1f00
0000
00ff
ffff
ff00
8000
0000
0200
0000
0000
0000
0000
0101
0101
0101
0101
0000
0000
0000
0000
0101
0101
0101
0101
0078
4b4a
5250
6050
2020
fe02
02f8
0000
4b48
4848
7041
4146
fe90
9090
9010
121e
0078
494a
5550
6350
6090
0804
fa00
fc04
484b
484f
7041
4247
08fc
00fe
8008
3cc2
007b
484a
5153
6053
0ef0
0444
28fc
04fc
484b
4848
7242
4244
04fc
00a4
9282
847c
1010
fe44
4428
fe00
00fc
8484
fc00
fc84
7c44
447c
4444
7c01
fc84
fc84
fc48
8402
0000
00f8
888b
8888
0808
0808
08fe
0808
8988
88f8
8000
0000
0888
8808
0808
0838
0202
02ff
0404
0808
0000
00fe
0000
0000
1f28
2848
8808
0f08
f808
0808
0808
f808
0101
ff80
8000
3f01
0000
fe02
0200
f800
0101
ff01
0101
010e
0000
fe00
0000
0000
023f
2020
3f20
203f
00f0
1010
f000
00fe
2020
3f00
4949
8900
0000
fe02
2222
220c
00fe
0202
4222
1212
00fe
0202
4222
1212
020a
1222
c202
020e
020a
1222
c202
020e
2013
0000
4020
0700
00fc
2020
2020
fe20
00e0
2020
2050
4887
2020
2020
e000
00fe
00ff
0101
017f
4141
00fe
0000
00fc
0404
5945
4141
5945
4141
6414
0404
6414
040c
0c70
4042
4242
4242
007e
4242
4242
4242
4242
465a
e204
0830
4242
4242
4c40
4040
4428
fe12
12fe
9090
2040
fc84
fc84
fc80
fe12
3232
5691
1110
fe80
fe02
aa56
420c
01ff
8498
6011
7d11
00fe
82fa
00fc
04fc
11fd
1129
2444
810e
04fc
04fc
9090
121e
007f
0202
0404
04ff
00f0
1010
1010
10fe
0404
0408
0808
ff00
1010
2020
2020
fc00
00fc
2123
2541
417d
4890
fe10
1010
fe10
c5c5
4545
457d
4501
1010
fe10
1010
fe00
0006
7840
4040
4040
0000
7c04
0404
0404
7c40
4040
4040
7f40
7c04
0404
0404
fc04
4023
0202
8242
020f
00fc
0404
7c44
44fe
2828
2949
4949
8888
0202
f212
12f2
0206
0000
f097
9495
9494
4078
40fe
42fa
407c
94f4
8589
0910
2007
0050
5454
dc50
50fe
0001
f989
8989
8989
00fc
0404
04fc
0404
8989
89f9
8900
0106
fc04
0404
fc88
0402
12f9
3259
927f
447f
883e
881c
aafc
44fc
007e
527e
407e
407e
0808
fe08
4828
0818
04ff
0400
7e42
7e40
40fe
4008
0808
08fe
5e40
7f44
95a4
840c
0848
2828
0888
0818
203c
4890
7c54
547d
00f8
88f8
88f8
00fc
5555
7c01
aaaa
a001
54fc
00fc
0850
20de
2020
2023
f828
4f48
8084
84e8
8890
fe40
4851
b610
2848
8000
808c
b0c0
8082
7e00
007f
4044
5f51
5f51
00fe
007c
0828
2848
5f51
505f
909f
9010
7e50
1018
2828
4a8e
4020
000f
8040
0704
4442
40fe
4040
fc44
2427
2444
4744
8484
44fc
4444
fc44
444c
001f
1011
1111
1111
3cd0
1010
1010
1010
1111
2121
214e
4080
1008
4828
e414
0200
007c
447c
447c
404f
007e
427e
427e
02e2
4141
4f41
415f
4040
0202
e202
02f2
020e
0102
f598
9392
9392
3008
f4a2
fca4
3c04
93f2
8380
0f02
0100
fc04
fc10
fe10
1030
003f
0000
0000
ff02
00f8
0000
0000
fe00
0204
0408
087f
0000
0020
1008
f804
0400
004f
2820
0700
e724
00fe
4240
fc40
fc44
2724
2720
2f20
508f
fc44
fc40
fe40
00fe
007f
01ff
81bd
813d
00fc
00fe
027a
0278
003f
00ff
0408
117e
00f8
00fe
0020
f008
0808
ff08
0810
1320
2020
fe20
200c
f040
2060
af20
2020
2027
4040
fe40
4040
40fe
1029
2440
b800
7c44
00fe
8888
88f8
8888
7c44
7c40
7c41
7c40
88f8
8888
bec8
0808
0f08
ff80
be00
4994
003e
8282
8222
22a2
227f
a23e
223e
223e
1414
9408
0814
24c2
2211
11ff
8080
9f10
1010
20fe
0202
f210
101f
0204
3f20
203f
10f0
0000
f808
08f8
007e
427e
427e
427e
00fc
84fc
84fc
84fc
24c2
02ff
040e
017e
4886
00fe
2040
f00c
7f41
7f41
7f08
ff00
0404
0810
2004
8408
7f41
417f
082a
4999
1020
0202
0408
1060
0000
f093
9292
92f2
4040
40f8
4848
4848
929f
9090
f081
020c
48fe
40a0
a010
0806
0101
3f21
213f
2121
0000
f808
08f8
0808
3f21
0100
0003
1ce0
f800
0cb0
c042
320c
2211
11ff
8081
017f
0810
20fe
0202
00fc
0103
0305
0931
c101
0000
8040
2010
0c00
0601
0000
3f01
01f9
0080
4000
0004
8890
0909
1111
2141
8107
6040
2020
1008
0600
4120
0000
0380
400f
0080
4000
c444
6868
2121
2242
4448
8081
5050
4848
4442
40c0
4020
0704
8447
0404
4040
fc44
44fc
4444
2724
2040
4040
818e
fc40
4850
2052
8a04
0000
fb20
2020
23fa
9090
fc90
4040
f848
2222
2720
38e1
020c
4848
fe40
a010
0806
007f
0808
0f10
1523
00e0
203c
a484
0404
4c80
003f
2424
24ff
8418
00f8
4848
48fe
404d
7042
7e00
0ef0
00fe
20fc
8484
fc84
10fe
1038
5450
9013
84fc
8484
fc48
8402
404d
7042
7e00
7c00
00fe
20fc
8484
fc84
fe10
5452
9290
1136
84fc
8484
fc48
8402
0404
ff04
0501
3f21
4040
fe40
4000
f808
2121
ff02
0408
30c0
0808
fe80
4020
1806
212f
4282
2f20
4f48
00de
4040
e000
de44
c84f
404f
4444
5f40
44c4
84e4
8484
e48c
7000
00fd
0000
f803
c020
10e0
2022
34b8
00f8
0001
f98a
88f8
b0a8
a824
2422
2060
1028
4482
7d11
117d
0484
4850
fc04
0404
1111
5454
501c
e102
04fc
5050
9090
121e
4020
0f01
0182
4206
4040
fe20
203c
4444
262a
2242
4242
8283
a414
4828
1028
4482
003f
20a3
6222
2224
80fe
00e0
2020
243c
68a7
2022
2140
439c
00f0
1020
4080
601c
1008
08ff
0408
1020
0810
20fe
4020
1008
c000
3f24
2424
24ff
0600
f848
4848
48fe
007e
4848
7e48
487e
00fe
8282
8282
fe92
4848
7e02
2aaa
a28d
9090
8888
8884
8402
2221
20ab
aaaa
aaaa
0408
90fc
0404
0404
a320
2020
2021
2126
fc90
9090
9012
121e
0079
01fd
0179
0079
00fc
04fc
04fc
8000
0102
7949
4949
7848
fe02
22c2
12f2
020c
1010
fe10
10fe
1010
1412
10fe
9090
9292
505e
5053
50b0
8c03
9494
c81a
26c2
00fe
007e
427e
427e
4442
007e
427e
427e
2242
4f48
484f
4242
4458
f212
12f2
8282
92f6
1013
10fd
1111
3139
00fe
20fc
04f4
7c04
5550
9011
1210
1017
fc80
fc84
4830
c806
007f
405f
515f
515f
00fe
0010
1412
107e
405f
515f
919f
9113
1010
2828
2444
4242
007f
4141
4141
4141
00fc
0404
0404
0404
7f40
4040
4040
4040
fc04
0404
0404
043c
007f
415f
417f
405f
00fe
02f2
02fa
02f2
505f
4549
5161
7f40
12f2
8a52
221a
fe02
2027
2424
24f4
2424
00fe
00fc
84fc
84fc
2425
243c
e504
0704
20fe
4830
cc00
fe00
0101
ff02
0509
1f31
0000
fe80
4020
f018
d11f
1111
1f01
0100
16f0
1010
f000
02fe
017f
405f
101f
101f
00fe
02f2
10f0
10f0
0202
ff04
0804
037c
0000
fe20
2040
8070
00f1
1020
2141
7989
0cf0
2020
2020
3820
0909
9151
2750
8c03
2020
2020
fc00
00fe
1010
3e22
6294
0810
00fc
8484
849c
8082
20c0
0948
4888
8807
7e00
0088
0412
12f0
2020
2027
f021
2234
4040
80fe
a010
4844
2be2
2322
2322
2060
fa48
f848
f840
423e
2027
22f9
2027
2037
0cf0
4424
08fe
40fe
60a1
2225
2820
216e
80f8
0810
a060
900e
4022
0202
0284
4408
f010
1010
0808
0402
2322
2242
4242
8382
f808
0808
0808
f808
4020
0f08
0b80
4704
4040
fe02
fa40
fc44
2427
2444
4741
828c
44fc
4444
fc10
0806
0109
1162
0408
30c1
0004
0890
4020
1806
0109
1162
0408
30c0
0004
0890
4020
1806
2020
2025
a9b2
a4a0
8080
fc04
0408
1880
2322
2253
4a82
8302
3c04
04bc
0404
fc04
2023
2020
abaa
b2a2
00fe
5050
fe52
5252
a320
2023
2050
4883
fe20
20fe
2020
20fe
0404
ff04
1417
f017
4040
fe40
50d0
14d8
1434
d417
0024
4480
5050
52de
0044
4402
8851
2050
9308
0919
20fc
2020
fe00
fc04
1929
4888
090a
1061
04fc
2052
9488
b4c2
1021
4089
5023
48fc
00fc
04fc
04fe
2040
2421
a8a8
aba0
2120
a032
5498
3452
9020
2424
ffa5
ffa5
ff00
1020
3c48
907e
5252
ff00
7e42
7e24
24ff
527e
4240
4042
423e
0808
ff08
0810
1e12
2020
fe20
2000
fc84
2262
940c
0810
20c0
8484
848c
8080
827e
04ff
047f
414f
415f
40fe
40fc
04e4
04f4
404f
484f
4549
517f
04e4
24e4
9464
14fc
0047
2020
0f00
07e4
40fc
4040
fe00
fc04
2427
2122
2c20
508f
04fc
6254
4846
00fe
1028
4482
7c10
1110
3808
4848
8484
0200
fc10
5454
5450
1cf0
00fc
8484
8484
fc84
203c
44a8
1022
5f91
00fc
8498
423e
f010
1f10
1f10
1f00
4949
f000
fc00
fc04
242c
0222
2728
23fa
2222
0000
fe00
f808
0808
2320
272c
34c4
041f
f800
fca4
a4a4
a4fe
1010
10fe
2122
203e
2020
5088
0402
6010
2222
2222
2242
428c
0804
4020
1008
0800
4027
0000
008f
4001
00fc
8080
80fe
8000
2121
2240
4040
8080
00fc
0404
0404
0870
1011
5151
7d91
9111
00fc
2424
fc24
24fc
7c13
1010
1ce0
0003
20fe
2222
4242
821c
0000
7c44
4444
4444
0000
7c44
4444
4444
4744
4040
407f
4040
c444
0404
04fc
0404
0101
013f
2121
2121
0000
00f8
0808
0808
21ff
0202
0408
30c0
08fe
8080
4020
1806
0102
3f20
2925
2f21
0000
f808
2848
e808
2529
01ff
0204
1860
4828
00fe
8040
300c
1120
4088
1710
2060
0080
4000
fc40
4040
a027
2020
2020
202f
40fc
4040
4040
40fe
0000
7f40
4140
4041
8080
fe00
8040
2000
4949
4949
4949
9190
0804
0402
0208
08f8
0000
0000
0000
0000
0101
0101
0101
0101
0000
0000
0000
0000
0101
0101
0101
0101
fa00
0000
0029
2d14
141d
1f1f
1f12
190f
1900
0c92
0cf3
0433
0400
8000
0000
0200
fa00
0000
0022
1c16
131f
121f
1d08
0c08
1f00
4806
0c22
2222
1500
8000
0000
0200
fa00
0000
001e
1c16
141f
121f
1d08
0c08
1f00
4806
0a22
2222
1400
8000
0000
0200
fb32
3030
300b
0a0d
141f
1f1f
5f1f
1212
1f80
0c02
0c00
7555
0600
8000
0000
0200
fa00
0003
001e
1c0c
191f
181f
1f06
0806
0800
4806
0812
1212
1300
8000
0000
0200
fa00
0003
001e
1c0c
131f
181f
1f08
0c08
1f00
4806
0d12
1212
1600
8000
0000
0200
fa05
0003
001e
1c18
131f
181f
1f08
0c08
1f00
4806
0d12
1212
1600
8000
0000
0200
fa01
0200
017f
2a30
181a
1a1a
1a00
8080
0000
c000
00f8
f8f8
f800
8000
0000
0200
fc41
40c2
c22b
2b2a
161f
190f
0d0f
1008
08c0
4000
00f9
7909
1900
8000
0000
0200
f808
0006
0110
1824
191c
1f14
1f0a
0a0a
0a04
0404
0414
1212
1500
8000
0000
0200
f820
3232
330c
1516
139f
1f1f
1f11
100f
1289
0b4c
108a
4638
f700
8000
0000
0200
fc39
3231
3108
0e17
175f
9f9f
5f18
151f
1f51
0ed1
95e5
a70b
0900
8000
0000
0200
fa02
0101
012b
2825
1814
1414
1410
0a0a
0a80
8080
00f3
f4f4
f600
8000
0000
0200
fa05
33c3
0127
1703
17d9
df9b
df05
0408
0cc1
000f
030f
f601
1400
8000
0000
0200
fa05
0003
0022
2420
151f
181f
1f08
0c08
1800
4806
0912
1212
1500
8000
0000
0200
fc03
0000
0018
0c1d
1b9c
9c9c
9c14
0c10
10c4
0888
08f5
29ff
fc00
8000
0000
0200
fd37
3334
0100
0018
7f5c
5516
1512
1619
1f9f
df5f
1f08
6c6a
0f00
8000
0000
0200
fd36
3334
3100
1717
175f
5f18
1f12
161f
1f9f
df49
1708
6cf8
0800
8000
0000
0200
f800
3233
3210
1719
151f
1f1f
1f13
130d
1c85
ca45
4f5a
252a
0700
8000
0000
0200
f900
0022
c104
1b11
159a
9f1d
df15
181a
0040
c346
0766
24b4
0300
8000
0000
0200
c101
0101
017f
7f7f
181f
1f1f
1f1f
1f1f
1f00
0000
00ff
ffff
ff00
8000
0000
0200
c101
0101
017f
7f7f
181f
1f1f
1f1f
1f1f
1f00
0000
00ff
ffff
ff00
8000
0000
0200
c101
0101
017f
7f7f
181f
1f1f
1f1f
1f1f
1f00
0000
00ff
ffff
ff00
8000
0000
0200
c101
0101
017f
7f7f
181f
1f1f
1f1f
1f1f
1f00
0000
00ff
ffff
ff00
8000
0000
0200
c101
0101
017f
7f7f
181f
1f1f
1f1f
1f1f
1f00
0000
00ff
ffff
ff00
8000
0000
0200
c101
0101
017f
7f7f
181f
1f1f
1f1f
1f1f
1f00
0000
00ff
ffff
ff00
8000
0000
0200
c101
0101
017f
7f7f
181f
1f1f
1f1f
1f1f
1f00
0000
00ff
ffff
ff00
8000
0000
0200
c101
0101
017f
7f7f
181f
1f1f
1f1f
1f1f
1f00
0000
00ff
ffff
ff00
8000
0000
0200
c101
0101
017f
7f7f
181f
1f1f
1f1f
1f1f
1f00
0000
00ff
ffff
ff00
8000
0000
0200
c101
0101
017f
7f7f
181f
1f1f
1f1f
1f1f
1f00
0000
00ff
ffff
ff00
8000
0000
0200
c101
0101
017f
7f7f
181f
1f1f
1f1f
1f1f
1f00
0000
00ff
ffff
ff00
8000
0000
0200
c101
0101
017f
7f7f
181f
1f1f
1f1f
1f1f
1f00
0000
00ff
ffff
ff00
8000
0000
0200
0000
0000
0000
0000
0101
0101
0101
0101
0000
0000
0000
0000
0101
0101
0101
0101
2023
22fa
2223
2222
00fe
2222
22fe
2222
3ae3
2020
2020
2060
22fe
2020
2020
2020
007b
4848
4848
7849
00fe
2020
2020
20fc
4848
4878
4040
0700
2020
2020
2020
fe00
2121
27f9
2127
6073
1010
fe10
10fe
40fc
aaa2
2322
2223
2126
4444
fc44
44fc
0806
0000
fe80
8485
a494
4040
40fe
8222
2420
8894
90a0
80fc
8102
2020
5050
8888
0402
0000
fe80
8889
c9a8
00f8
8888
8a0a
0e00
91a8
a4c0
80fe
8106
fc04
8850
2050
8806
007f
0101
0101
013f
00fc
0000
0000
00f8
0101
0101
0101
ff00
0000
0000
0000
fe00
0108
1122
4284
3f00
e020
1008
24f2
1000
7e02
4222
0a12
6206
fc04
8444
1424
c40c
2023
22fa
0a12
1322
40fe
02fa
22aa
fe62
6ab3
2a28
2320
2027
b22a
0220
fe50
8806
1209
ff82
9f10
1f10
1020
fe02
e220
e020
1f10
1f10
1f00
2944
e000
f800
fc04
2498
00ff
809c
949c
80be
1020
fc84
fc84
fc80
aaaa
aabe
80ff
8100
fe80
fe02
aa52
520c
0404
7f04
04ff
013f
4040
fc40
40fe
00f8
2121
3f21
213f
0870
0808
f808
08f8
201c
007f
4048
4844
7f41
00fe
0222
2242
fe02
4149
4949
494f
4840
0212
1212
12f2
1206
4020
000f
0888
4808
4040
40fe
4242
4242
282f
2840
4040
8080
42fe
4240
4040
4040
0808
ff08
4028
1031
2020
fe20
0020
2424
c909
1a28
4888
0833
2830
2020
5048
8402
0817
1121
2f60
67a4
40fc
1010
fe00
f808
2724
2720
2125
2529
f808
f800
4422
0af8
007f
4040
7f40
5f42
00fc
0404
fc00
f800
445f
4040
4f40
809f
10fc
8480
fc80
80fe
2027
21a9
afa8
abaa
40fc
1010
fe00
f808
a322
2320
2125
2529
f808
f800
4422
0af8
0079
4848
4b78
4949
20fc
8888
fe00
fc04
4979
4948
488a
8a9a
fc04
fc00
a4a2
8a78
1017
1010
fc13
323a
00fc
08d0
20fe
2222
5752
9293
1212
1212
fe22
22fe
2222
2226
1050
5050
7c91
9010
2020
2020
20fc
2020
1438
d010
1010
1310
2020
2020
2020
fe00
007f
0000
0000
0106
00f8
1010
20c0
0000
0810
2040
4020
1f00
0000
0000
0404
fc00
0810
1720
2162
64ab
4040
fca0
1048
44fe
a223
2223
2220
2020
44fc
44fc
4440
423e
4040
7f88
0808
ff08
007e
4242
4242
4242
084f
4848
484f
78c0
4242
4242
4c40
4040
007f
4141
5f42
4458
00fc
0404
f484
4434
7f00
0524
2424
4483
fc00
0084
4202
0af8
4027
0404
0784
4407
00f8
0808
f808
08f8
202f
2949
4949
899f
00fc
2424
2424
24fe
18e3
2022
21f8
2320
1ce0
0044
2408
fc04
6370
aba0
2125
2529
fc04
fc00
3004
12f2
0101
7f08
0804
ff00
0000
fc20
2040
fe00
1f10
101f
1010
1f10
f010
10f0
1010
f010
00ff
0101
0101
0101
00fe
0000
0000
c020
0101
0101
0101
0101
1008
0000
0000
0000
0911
1121
2161
61a1
0000
0000
0418
e000
2121
2121
2121
2120
0000
0000
0000
02fe
0813
1222
2263
62a2
00fe
0000
00f8
0808
2222
2424
2428
2833
0890
9050
2050
8806
0810
1720
2060
67a4
0000
fe08
0808
c848
a424
2427
2420
2020
4848
48c8
4808
0838
1111
1121
2f62
62a2
0000
0000
de52
5252
a222
2224
2424
2429
5252
5252
5252
5e92
1017
1020
2060
67a4
00fe
9090
9090
fe92
a424
2424
2424
2724
9292
9292
9292
fe02
0810
1720
2060
6fa0
4040
fc40
4040
fe00
2020
2720
2020
202f
4040
fc40
4040
40fe
0808
08ff
1111
1111
0000
003e
2222
2222
1111
2121
2242
428c
2222
2222
223e
2200
0000
ff00
003f
2121
0000
fe10
1010
1010
2121
213f
2100
0000
1010
1010
1010
10f0
017f
013f
001f
101f
00fc
00f8
00f0
10f0
04ff
087e
1212
22cc
40fe
007c
4444
447c
007f
023f
203f
2720
00fe
00f8
08c8
f808
3f04
0f14
6201
0e70
f800
f020
4080
601c
2023
2222
f948
4849
20fe
0202
fc20
40a4
4a48
d152
3029
4280
2850
9038
5492
1060
01ff
8080
bf02
0d31
00fe
0202
f200
0890
020c
3102
0c70
0106
a0c0
a0a0
9088
0600
01ff
80bf
011f
101f
00fe
02fa
00f0
1090
1110
ff08
1fe2
0438
f010
fe20
f02e
20c0
06f8
1010
10fe
1010
0808
8848
4808
8848
3038
5451
9010
1010
4808
1ee8
0808
0808
00f7
9494
9497
94f4
00de
4242
42de
003e
9794
9494
97f4
0404
8202
1214
9408
1462
003f
2121
3f21
213f
00f8
0808
f808
08f8
0101
ff03
0509
31c1
0000
fe80
4020
1806
10fe
1212
2242
8c01
007e
4242
4242
7e00
01ff
0103
0509
31c1
00fe
0080
4020
1806
00ff
027a
4a4a
7a06
4040
7e42
5292
1410
00ff
027a
4a4a
7a06
1010
1028
2844
4482
004f
2000
0087
4404
00fe
0808
08c8
4848
2424
2744
4040
8080
4848
c808
0808
0838
0101
0111
1111
2141
0000
0808
1020
c000
0202
0404
0810
20c0
8080
4040
2010
0806
00fb
2020
2023
22fa
00fe
0404
04e4
2424
2222
2223
3ac0
0000
2424
24e4
2404
041c
2021
21f9
0911
1123
00fc
043c
2424
24fe
72aa
2222
2222
2222
02fa
8a8a
fa82
0206
007f
0101
01ff
0103
38c0
0000
00fe
0080
0505
0911
21c1
0101
4040
2010
0806
0000
18e0
2322
22f9
2023
2020
fe02
02f8
c044
6070
aba0
2023
2021
68b0
3068
a824
22c0
203e
4889
007f
415f
407e
9010
00fc
04f4
414f
4848
4f40
7f40
04e4
2424
e404
fc04
0808
ff08
0404
0808
2020
fe20
2080
8084
1030
5090
1010
1010
98e0
8080
8080
827e
04ff
0404
00ff
0000
40fe
4040
00fe
1010
3f21
2121
3f20
0000
1010
1010
1010
1070
0404
ff04
0410
107e
4040
fe40
4000
7e42
1212
1212
2222
4498
4242
4242
427e
4240
08ff
0810
1720
2067
20fe
2000
fe08
08c8
a424
2427
2420
2020
4848
48c8
4808
0838
08ff
0800
7f11
11ff
20fe
2000
fc10
10fe
1111
7f01
013f
0101
1010
fc00
00f8
0000
08ff
0808
3f21
3f21
20fe
2020
f808
f808
3f21
01ff
0509
31c1
f808
00fe
4020
1806
2023
22fa
aaaa
abaa
00dc
4444
4444
dc00
faa3
2222
2b3a
ca02
3ec2
1414
c808
1422
f003
02fa
0302
f203
00fc
4444
fc44
44fc
f000
0ff0
9192
f488
4040
fee0
5048
4442
0107
f190
9792
929f
10fc
1000
fc48
48fe
9292
f780
0007
0000
4848
fc40
40fc
4040
0911
3151
9100
3f20
0018
e002
fe00
f808
3f20
3f20
3f08
1060
f808
f808
f820
100c
2212
020f
4222
0202
0000
00be
a2a2
a2a2
e424
2428
2053
8807
a2a2
a2a2
be22
00fe
8043
2202
0202
e724
00fc
047c
4444
fe02
2525
2525
2424
508f
fa0a
0afa
0206
00fe
003f
01ff
81b9
9d00
00f8
00fe
0272
3a00
7e42
7e40
7e40
7e41
fc04
fc00
fc48
30ce
1010
1010
fe92
9292
1010
10fe
0404
4444
92fe
1010
121e
e201
2828
1010
2848
8402
1013
2e22
626f
a2a2
20a0
2824
20fe
2024
2223
2e22
2222
2226
24a8
3020
5092
0a04
0020
27a8
a8af
a8a8
10d4
9292
90fe
9090
a8a8
aba8
f880
0001
90d2
8a8c
8898
aa86
06f8
1010
10ff
1010
404c
4240
40fe
4044
1016
38d0
1010
1033
4428
2830
2052
8a06
007f
0810
1020
3f20
00fc
4040
4040
fec0
0102
0408
30c0
0001
4040
4040
4040
40c0
00ff
0101
1f91
9191
00fe
0000
f012
1212
9f91
9191
9f80
80ff
f212
1212
f202
02fe
00ff
8888
88ff
8181
1010
1010
1010
1010
81ff
8888
88ff
8102
2828
2844
4482
0200
08ff
0800
3f08
0808
20fe
2000
fc20
2020
ff00
0102
0408
1060
fea0
2020
2020
20e0
2027
21f9
a9af
a9a9
a020
2824
20fc
2024
f9a7
2125
3de5
0103
a428
1010
284a
0a04
107e
1222
c600
3f20
007e
4242
7e00
f808
3f20
3f20
3f08
1060
f808
f808
f820
100c
00fc
4949
4b49
49fd
8888
10fe
1010
10fc
0919
1929
4989
0919
1010
10fc
1010
10fe
102b
4490
7c47
447c
5094
9290
90fe
9090
4444
7d42
5048
74c1
90d2
9488
98a8
ca86
10fe
1212
26c0
3f21
007c
4444
7c00
fc00
3f21
3f21
3f00
4989
f800
f800
fe02
222c
0102
0408
1020
4888
0080
4020
1008
2422
0808
0810
1010
2040
2020
2020
2020
2020
0304
0810
2040
9f00
0080
4020
1008
e600
0000
7f04
0808
107f
0000
f800
0020
f008
103e
2244
887f
4949
007e
1212
224c
0028
7f49
497f
4141
8183
7e48
087e
0808
0808
007f
4040
404f
4848
00fe
0202
02f2
1212
4848
4f48
4040
7f40
1212
f212
0202
fe02
2020
2322
fa23
2222
2040
fe22
22fe
2222
2320
2039
e102
0418
fea0
a82a
2e20
223e
2020
2320
fb22
2223
2020
fe20
fe52
52fe
2027
2038
e30c
0003
20fe
40a2
9488
e482
00fb
1212
227a
8a0a
00fc
0404
f494
9494
8a52
5223
2250
8c03
f404
04fc
0400
00fe
2020
20ab
a8a8
a8a8
4040
40fc
4444
4444
a720
2020
2021
222c
fe40
40a0
a010
0806
2023
20a9
a8a8
a8a1
00fc
0408
9060
5088
a620
2027
2020
202f
0640
40fc
4040
40fe
2021
21aa
a8a9
a9a1
8000
fe00
00fc
2424
a127
2122
2223
2020
24fe
2444
48fe
0830
2222
27a2
b2aa
a2a2
0000
fe00
2020
20a4
2222
2224
2428
2821
a4a8
b020
5050
8806
2023
20a8
abaa
aaa3
20fe
2020
fe52
52fe
2027
2020
232c
2023
20fe
40a2
9488
e482
0000
00ff
0024
2424
4844
40fe
4040
4444
ff24
2444
4480
0106
4848
5020
2050
8a06
2023
22fa
2223
2038
00fc
0404
04fc
0000
e720
2020
2021
226c
fe42
4282
8204
0418
00f8
0808
0909
0af8
4040
80fe
0888
8888
8880
8084
8484
7c03
8850
5030
2050
8806
0000
0000
0000
0000
0101
0101
0101
0101
0000
0000
0000
0000
0101
0101
0101
0101
c101
0101
017f
7f7f
181f
1f1f
1f1f
1f1f
1f00
0000
00ff
ffff
ff00
8000
0000
0200
c101
0101
017f
7f7f
181f
1f1f
1f1f
1f1f
1f00
0000
00ff
ffff
ff00
8000
0000
0200
c101
0101
017f
7f7f
181f
1f1f
1f1f
1f1f
1f00
0000
00ff
ffff
ff00
8000
0000
0200
c101
0101
017f
7f7f
181f
1f1f
1f1f
1f1f
1f00
0000
00ff
ffff
ff00
8000
0000
0200
c101
0101
017f
7f7f
181f
1f1f
1f1f
1f1f
1f00
0000
00ff
ffff
ff00
8000
0000
0200
c101
0101
017f
7f7f
181f
1f1f
1f1f
1f1f
1f00
0000
00ff
ffff
ff00
8000
0000
0200
c101
0101
017f
7f7f
181f
1f1f
1f1f
1f1f
1f00
0000
00ff
ffff
ff00
8000
0000
0200
c101
0101
017f
7f7f
181f
1f1f
1f1f
1f1f
1f00
0000
00ff
ffff
ff00
8000
0000
0200
c101
0101
017f
7f7f
181f
1f1f
1f1f
1f1f
1f00
0000
00ff
ffff
ff00
8000
0000
0200
c101
0101
017f
7f7f
181f
1f1f
1f1f
1f1f
1f00
0000
00ff
ffff
ff00
8000
0000
0200
c101
0101
017f
7f7f
181f
1f1f
1f1f
1f1f
1f00
0000
00ff
ffff
ff00
8000
0000
0200
c101
0101
017f
7f7f
181f
1f1f
1f1f
1f1f
1f00
0000
00ff
ffff
ff00
8000
0000
0200
c101
0101
017f
7f7f
181f
1f1f
1f1f
1f1f
1f00
0000
00ff
ffff
ff00
8000
0000
0200
c101
0101
017f
7f7f
181f
1f1f
1f1f
1f1f
1f00
0000
00ff
ffff
ff00
8000
0000
0200
c101
0101
017f
7f7f
181f
1f1f
1f1f
1f1f
1f00
0000
00ff
ffff
ff00
8000
0000
0200
c101
0101
017f
7f7f
181f
1f1f
1f1f
1f1f
1f00
0000
00ff
ffff
ff00
8000
0000
0200
c101
0101
017f
7f7f
181f
1f1f
1f1f
1f1f
1f00
0000
00ff
ffff
ff00
8000
0000
0200
c101
0101
017f
7f7f
181f
1f1f
1f1f
1f1f
1f00
0000
00ff
ffff
ff00
8000
0000
0200
c101
0101
017f
7f7f
181f
1f1f
1f1f
1f1f
1f00
0000
00ff
ffff
ff00
8000
0000
0200
c101
0101
017f
7f7f
181f
1f1f
1f1f
1f1f
1f00
0000
00ff
ffff
ff00
8000
0000
0200
c101
0101
017f
7f7f
181f
1f1f
1f1f
1f1f
1f00
0000
00ff
ffff
ff00
8000
0000
0200
c101
0101
017f
7f7f
181f
1f1f
1f1f
1f1f
1f00
0000
00ff
ffff
ff00
8000
0000
0200
c101
0101
017f
7f7f
181f
1f1f
1f1f
1f1f
1f00
0000
00ff
ffff
ff00
8000
0000
0200
c101
0101
017f
7f7f
181f
1f1f
1f1f
1f1f
1f00
0000
00ff
ffff
ff00
8000
0000
0200
c101
0101
017f
7f7f
181f
1f1f
1f1f
1f1f
1f00
0000
00ff
ffff
ff00
8000
0000
0200
c101
0101
017f
7f7f
181f
1f1f
1f1f
1f1f
1f00
0000
00ff
ffff
ff00
8000
0000
0200
c101
0101
017f
7f7f
181f
1f1f
1f1f
1f1f
1f00
0000
00ff
ffff
ff00
8000
0000
0200
c101
0101
017f
7f7f
181f
1f1f
1f1f
1f1f
1f00
0000
00ff
ffff
ff00
8000
0000
0200
c101
0101
017f
7f7f
181f
1f1f
1f1f
1f1f
1f00
0000
00ff
ffff
ff00
8000
0000
0200
c101
0101
017f
7f7f
181f
1f1f
1f1f
1f1f
1f00
0000
00ff
ffff
ff00
8000
0000
0200
c101
0101
017f
7f7f
181f
1f1f
1f1f
1f1f
1f00
0000
00ff
ffff
ff00
8000
0000
0200
c101
0101
017f
7f7f
181f
1f1f
1f1f
1f1f
1f00
0000
00ff
ffff
ff00
8000
0000
0200
0000
0000
0000
0000
0101
0101
0101
0101
0000
0000
0000
0000
0101
0101
0101
0101
1020
fe92
92fe
9292
0848
2808
0848
280a
fe08
2a2a
2b48
4887
1c68
0888
8888
02fe
0079
494a
4c49
7949
8000
fe00
00fc
0464
494b
497a
4243
0200
04fe
0464
08fe
0830
2020
20fb
2022
6277
2422
20fe
20a0
a0e0
aaa2
2222
2428
2021
a4a4
9498
9030
4a86
0444
2f08
1083
4202
0000
fe00
00fc
4444
222f
2244
4447
8080
44fe
4484
88fe
0830
003f
2020
2024
2424
00fe
0080
8484
8890
2820
2021
2142
4498
a080
8040
2010
0804
003f
2121
3f21
213f
00f8
0808
f808
08f8
0204
0c14
6488
1060
8040
6050
4c42
4040
2020
3e20
2026
38c1
8084
98e0
8082
7e00
023f
2020
3f20
203f
00f8
0808
f808
08f8
1020
4089
5221
2048
2050
8804
02fc
0000
fb20
a8a8
a8a1
2320
fe40
4080
841c
e202
08ff
0809
0204
0810
20fe
2020
8040
2010
24c4
0404
0808
1060
4846
4040
4040
4040
203c
48fe
92fe
92ff
00fc
24cc
50fc
10fe
8281
3f21
3f21
017e
1010
f808
f804
fc02
007e
427e
427e
405f
007e
427e
427e
02f2
4444
7f44
4448
4850
4242
fa42
4242
4246
02fa
8b8a
9293
a690
2026
b820
20a2
3e40
888b
8ab2
8382
8283
80fc
0404
fc04
04fc
003f
2020
3f20
203f
00f8
0808
f808
08f8
2020
203f
000c
30c0
0808
08f8
0030
0804
0849
497f
00ff
007f
0078
4848
4848
4848
4141
7f04
242f
f001
4848
4848
484a
8a0e
0808
08ff
1010
a444
2020
2020
fc24
2424
2812
2244
8814
22c1
2424
2444
4444
8418
1010
1f21
2121
5189
2020
2020
6020
3028
0602
0204
0810
2040
2422
2220
2020
2020
0000
f097
9090
9593
4040
40fe
8080
0810
90f0
8186
0000
010e
a044
8810
2058
8402
0101
ff81
813f
011f
0000
fe02
02f8
00f0
01ff
0000
3f20
203f
00fe
0000
f808
08f8
2121
3f00
7f40
4f40
0808
f800
fe80
f880
405f
4040
8f80
803f
80fc
0080
f880
80fe
2027
24a4
b7ac
a4a4
00be
9494
9494
94fe
2724
2524
2526
2821
8808
0c94
94a4
4486
2027
24fc
2427
6474
00be
9494
9494
9494
aca7
2425
2425
262c
be88
080c
9494
a446
402f
0808
8948
0808
00fe
0020
fc20
2020
2b28
2849
4848
8893
fe00
20fc
2020
20fe
00fd
1121
2121
4078
00fc
04fc
04fc
0000
cbc8
484b
4879
4000
fe08
08fe
0888
4818
04ff
0401
3f01
ff02
40fe
4000
f800
fe00
0404
7f00
3f24
24ff
10f8
0400
f848
48fe
1121
4781
1121
6fa0
001e
c000
001e
e404
2121
2721
2121
2f20
0404
c404
04e4
040c
0078
0300
fc01
7800
2020
fe20
4048
8850
7800
0178
4848
784b
2444
8810
3048
8404
1029
4581
7910
13fc
2024
24fc
0400
fe00
1111
5555
5410
38c7
fc04
04fc
0088
88fe
007c
445d
54fe
8282
1010
10fe
2040
4890
7c44
7c45
7c44
444d
5424
4888
1028
4482
4027
0404
8744
0407
00fc
4444
fc44
44fc
2420
2047
4040
809f
4440
40fc
4040
40fe
08ff
087f
497f
408f
784a
4e00
fc48
30ce
017f
112f
c80f
080f
00fc
10e8
26e0
20e0
2020
20f9
a8a8
a8ab
2020
20fc
2020
20fe
a8f8
a021
2838
c403
0020
20fc
2020
20fe
2023
2020
fd21
2121
00fe
0000
fc04
0404
2121
212d
31c0
0007
fc04
0404
fc00
00fe
1010
13fc
1030
3159
2020
fe20
2020
fe22
5595
9111
1111
1010
2222
2222
2226
2020
2021
21f9
a9a9
a9a9
00fe
0000
fe40
407c
f9a1
222a
3ac4
0902
4444
4444
8488
0830
1010
2844
8179
1210
4040
8080
fe02
4242
fc10
5454
111c
f000
8282
92fa
8a02
021c
087f
09ff
097f
08ff
0404
24a4
2424
24a4
007f
497f
497f
00ff
2424
2424
0404
048c
0202
efa2
a2af
a5a5
1010
7c10
10fe
2828
aded
9515
0509
3300
6a6a
aaaa
2a28
4818
0404
0f18
2844
0201
0000
f010
1020
4080
0608
3fd0
1010
1f10
4020
f816
1010
f010
017f
4042
5f40
4f48
00fe
0000
be22
a4a4
4f40
5f41
829f
8206
a824
a222
22ac
2020
2020
20fb
2222
2222
2020
20fe
0010
1010
3a22
e222
2222
2564
2020
2044
447a
c200
2221
20f7
2421
2139
4424
08fe
02f8
08f8
e121
2121
2021
226c
08f8
08f8
a020
223e
2020
21f9
2224
6070
80fc
0404
8850
2050
a8a3
2d21
2121
2121
8806
fc04
0404
fc04
2020
20fb
2022
6170
2020
20fe
4088
0890
a8a0
2023
2020
2126
6444
8810
2844
8202
1010
fe10
107d
01fe
00f8
8888
880a
0e00
8282
3828
294a
4c89
fc04
4828
1028
4482
8853
2050
910b
0919
48fe
4890
fc20
fc20
1929
4988
0b08
0833
fc20
fe00
fc88
708e
00fd
1111
1020
207d
20fe
2242
4890
fe90
64a4
2424
2424
3c20
90fe
9090
fe90
90fe
0cf3
1011
fd13
1131
88fe
8820
fc20
fc20
3955
5190
1310
1013
fc20
fe00
fc88
708e
2211
11ff
809f
101f
0810
20fe
02f2
10f0
101f
101f
0408
30c0
10f0
10f0
4040
423e
081f
1020
7fa1
213f
00f0
4080
fc04
04fc
2121
3f20
2040
4080
0404
fc04
0404
041c
1010
7e10
10fe
2828
1010
fc10
10fe
2828
aaaa
aaaa
aa48
4898
aaaa
aaaa
aa48
4898
20f8
2320
f8a9
aaf8
2020
fe00
8804
0288
a8a8
f820
20f8
2023
8888
5020
2050
8806
0808
ff00
3e22
223e
007e
4244
4448
4844
007e
0408
ff08
0818
4442
4242
5c40
4040
007e
427e
427e
4143
007e
427e
427e
02e2
444a
4142
4f74
4447
2242
8242
e25a
42c6
007b
4849
5151
6150
00fe
00fc
0404
fc00
4b4a
4a4b
7242
4242
fe52
921e
02fa
2226
08ff
0808
0f01
013f
20fe
2020
e000
00f8
2121
3f01
01ff
0101
0808
f800
00fe
0000
2211
11ff
8080
9f00
1010
20fe
0202
f220
0001
ff01
0101
0106
4080
fe00
0000
0000
001f
1010
101f
1010
38c0
0000
00fc
2020
10ff
0121
2121
213f
20fe
0008
0808
08f8
814f
2808
0f28
488f
02e4
2820
e028
24e2
0101
ff05
0911
21c1
0000
fe40
2010
0806
1010
fe82
823c
44a8
00fe
1020
fc84
84fc
1028
c67c
4444
7c45
84fc
8484
fc48
8402
00ee
aaaa
ee00
7e00
00fe
1020
7c44
447c
ff20
3e42
4202
021c
447c
4444
7c28
4482
2121
27f1
2121
2f20
0808
c808
0808
ec0a
3161
af21
2121
2f60
0808
c808
08e8
0808
207e
9009
0801
017f
407e
9008
0800
00fc
0008
0804
0404
04ff
2020
2020
4040
40fe
2027
2527
f424
2765
00de
02d2
5454
c808
77a8
a0a3
2020
2027
d422
40fc
4040
40fe
1013
10fd
1111
3133
00fe
00fc
24fc
24fe
5855
9111
1111
1013
00fc
24fc
24fc
00fe
2027
24fc
2724
6475
00fc
0404
fc00
3ce0
aca5
2424
2524
2828
3ce0
203e
e020
221e
407b
9020
f8ab
a8f9
c888
888a
aaea
aaa8
a9aa
fa02
50a8
a800
c8a8
9494
94a2
a280
4027
0404
8744
0407
803c
0404
bc04
04fc
2122
2748
5545
8880
0000
fe02
5252
021c
0808
ff88
087f
087f
0202
a2a2
2222
2222
08ff
0000
7f41
417f
22a2
2222
2202
0206
0003
f293
9293
9091
00fc
04fc
04fc
8000
93f4
8981
0101
0000
fe02
32c2
0212
f20c
2020
20a9
a9a2
a5a8
40a0
a010
1008
f402
2023
2222
2222
2322
00f8
0808
0808
f808
2027
20f8
2027
2028
0cf0
4040
40fe
4040
30e3
2222
2222
2362
40f8
0808
0808
f808
4027
0000
804f
0000
0cf0
4040
40fe
4040
2027
2444
4444
8784
40fc
0404
0404
fc04
4027
0407
8447
0102
00fc
04fc
04fc
0000
2728
2243
4242
8180
fe02
32c2
0212
f20c
4322
0202
824f
080b
f808
7848
48fe
02fa
2a22
2342
4342
8282
0a08
f808
f808
0818
08ff
083f
203f
203f
20fe
20f8
08f8
08f8
040f
1031
d214
1f10
00fe
8202
8242
e20c
2023
22fb
0a13
1021
00fc
04fc
04fc
8000
69b2
2929
2121
2020
fe02
32c2
0212
f20c
2020
fb22
f8a9
a8f9
2020
fe22
20fc
20fc
a8ab
f820
f921
2121
20fe
0000
fc04
04fc
001f
1010
101f
1010
00f0
1010
10f0
1010
101f
1010
1010
ff00
10f0
1010
1010
fe00
407b
9223
faaa
abfa
00de
82d2
5454
c888
aba8
f801
50a8
a883
d422
20fc
2020
20fe
0000
7848
4848
4b48
2020
2020
2020
fe20
4848
4848
7840
0000
2020
2020
2020
2020
2020
27f8
2020
6071
9090
fe90
00a0
a024
a9a3
a521
2121
2121
2830
6020
2022
223e
2023
20f8
2321
6173
88fe
8800
fe24
24fe
a9a1
a320
2023
2020
2424
fe20
20fe
2020
2828
fe28
3912
7c54
4040
80fe
0202
f292
547c
1010
fe10
1010
9292
f282
8c80
827e
1011
11fd
1112
3033
2020
20fc
2020
20fe
5854
9090
1112
1010
2020
70a8
2422
2020
0112
6744
4447
4444
0000
dc44
44c4
4444
7740
0404
0408
30c0
dc04
8080
8082
827e
01ff
9167
01ff
213f
00fe
12dc
00fe
08f8
217f
417f
417f
0101
08fc
04fc
04fc
00fe
08ff
0880
402f
0087
20fe
200c
40fe
40fc
4424
0704
2427
4484
4444
fc44
44fc
444c
1024
4201
020c
30c0
1048
8400
8060
1806
1f01
01ff
0111
09ff
f000
00fe
0010
20fe
2050
8b00
f920
20fb
8850
fe50
fc54
54fe
2020
a9a8
a821
fa00
5454
fc50
d854
5250
0002
02f2
9790
9595
4040
7840
fe00
5454
9495
f485
0504
0704
44f4
4454
5404
fc04
00f9
a9a9
a9f9
a9a9
40fc
04fc
04fc
00fe
a9f9
a820
2222
2420
00fe
022a
aaa2
820c
2027
2020
f823
6272
00fe
2040
40fc
0404
aaa3
a222
2222
2322
04fc
0404
0404
fc04
08ff
0800
3f00
0300
20fe
2000
fc10
20c0
00ff
0102
0418
6003
20fe
8284
8880
8080
08ff
0801
ff80
803f
20fe
2000
fe02
02f8
003f
203f
203f
00ff
00f8
08f8
08f8
00fe
0000
0000
0000
0000
0101
0101
0101
0101
0000
0000
0000
0000
0101
0101
0101
0101
fa31
6162
0120
1728
1a88
9b9e
9906
0d0d
1201
020c
0515
1878
0600
8000
0000
0200
f900
0100
0118
211e
175f
5f5f
5f0e
0c0f
0c07
0202
0238
0808
4800
8000
0000
0200
f900
0100
0116
211e
175f
5f5f
5f0e
0a0a
0a06
0202
0238
0606
4500
8000
0000
0200
f900
0100
0114
2113
175f
5f5f
5f0e
0a12
0a06
020c
0238
0606
1400
8000
0000
0200
d200
0008
0118
1528
171f
1f1f
1f1f
0e0c
0b00
0a0c
090a
388b
1600
8000
0000
0200
f901
0061
001d
2024
171f
5f5f
5f10
0911
0907
0000
00c8
f8f8
f800
8000
0000
0200
f860
6032
3012
1a21
175f
1f1f
1f0d
090c
1f0a
080f
0c58
f95a
0c00
8000
0000
0200
f510
0041
1118
4520
205f
5f5f
5f0e
1f1f
1f00
0000
0046
0707
0700
8000
0000
0200
f510
0041
1112
3522
225f
5f5f
5f0e
1f1f
1f00
0505
0546
0707
0700
8000
0000
0200
f90a
0061
0029
2024
161f
5f5f
5f12
0911
0907
0000
00c8
f8f8
f800
8000
0000
0200
f510
0041
1118
3922
225f
5f5f
5f0e
1f1f
1f00
0000
0046
0707
0700
8000
0000
0200
d200
0004
011f
122c
1a1f
1f1f
1f1f
0e0c
0b00
0a0c
090a
388b
1c00
8000
0000
0200
f510
0041
1112
2a26
265f
5f5f
5f0e
1f1f
1f00
0505
0546
0707
0700
8000
0000
0200
d200
0008
011b
152b
1a1f
1f1f
1f1f
0e0c
0b00
0a0c
090a
388b
1c00
8000
0000
0200
d200
0008
0110
152b
1a1f
1f1f
1f1f
0e0c
0b00
0a0c
090a
388b
1c00
8000
0000
0200
f901
0061
001d
2024
171f
5f5f
5f10
0911
0907
0000
00c8
f8f8
f800
8000
0000
0200
f900
0100
0118
211e
1750
5050
500e
0c0f
0c07
0202
0238
0808
4800
8000
0000
0200
f900
0100
0118
211e
175f
5f5f
5f0e
0c0f
0c07
0202
0238
0808
4800
8000
0000
0200
f900
0100
011c
211e
175f
5f5f
5f0e
0c0f
0c07
0202
0638
0808
4800
8000
0000
0200
f903
4061
001e
2024
171f
5f5f
5f10
0911
0906
0000
00c8
f8f8
f800
8000
0000
0200
f900
0100
0118
211e
175f
5f5f
5f0e
0c0f
0c07
0202
0238
0808
4800
8000
0000
0200
f900
0100
011c
211e
165f
5f5f
5f0c
0d0c
0f07
0202
0238
0808
4800
8000
0000
0200
fb3d
3031
3012
1010
199f
1f1f
1f11
090d
0900
0000
00df
d7df
d800
8000
0000
0200
f860
6030
301c
1819
195f
1f1f
1f0d
090c
1f00
0000
0058
f95a
0c00
8000
0000
0200
f001
0000
0115
1f19
169f
1f1f
5c0f
0d10
1408
0805
086f
070f
1c00
8000
0000
0200
f036
3035
3124
1824
179f
1f1f
5c0b
0c10
1408
0805
086f
0506
1c00
8000
0000
0200
fd40
4141
4018
2438
1d5f
9e9e
5e0a
0907
0704
0404
043a
1617
1700
8000
0000
0200
e945
4040
4125
0f33
181e
dcd0
dc03
0404
0505
0608
03b6
b6b6
b700
8000
0000
0200
f141
414f
4111
113e
185f
5f5f
9c08
1a0f
0c04
0689
05a6
14fb
2500
8000
0000
0200
f031
3030
3116
1b17
179f
1f1f
5c0f
0d10
1408
0805
086f
170f
1c00
8000
0000
0200
f510
0041
1112
3724
245f
5f5f
5f0e
1f1f
1f00
0000
0046
0707
0700
8000
0000
0200
ed10
1040
1110
2727
275f
5f5f
5f0a
1f02
0d07
0700
0750
0909
0900
8000
0000
0200
0000
0000
0000
0000
0101
0101
0101
0101
0000
0000
0000
0000
0101
0101
0101
0101
01f1
1515
7541
4741
001c
4444
5c10
d010
7393
1515
1911
1161
1e92
4242
2202
020c
0004
0404
0444
2418
0404
4444
4444
4444
080c
1212
2040
8000
4444
4444
0404
041c
0808
ff08
0004
0444
2020
fe20
0004
4444
2818
0814
1222
4080
4444
4444
4444
041c
00ff
0808
0f08
080a
00fe
0000
e020
2020
1111
1010
133c
c000
2020
2020
e222
1e00
1010
fe10
7e42
427e
2020
407e
8000
7c04
4242
7e10
fe10
1010
0810
2040
8082
827e
1017
1424
2464
67a0
00fc
0404
0404
fc00
a222
2222
2224
2428
4848
4848
4848
4a0e
00ff
8080
7e00
00ff
00fe
020a
0808
fe08
2424
2424
2424
4483
0848
4848
081a
02fe
01ff
8084
3f04
3f04
00fe
0242
f840
f840
ff04
0b10
6087
0000
fe40
2090
4c02
c020
00ff
0808
0808
08ff
0202
2222
2222
22a2
0808
0808
0808
0808
2222
2222
2202
0206
2222
ff22
3e22
3e22
1010
9010
fe12
1212
ff54
5455
6340
7f40
9212
1212
2222
428c
2040
7e90
10ff
2448
2020
2020
fe22
2222
ff48
7f48
7f48
7f40
2222
2222
2242
428c
1109
097f
0204
ff08
1020
40fc
4020
fe10
102f
c000
0f08
0807
08e4
2220
e008
08f8
0103
f498
9794
9495
00f0
2040
fca4
a424
9694
f48f
0000
030c
3c04
44fe
40a0
1806
0121
2721
21f9
2121
0808
fe08
f808
f808
2f22
223a
e302
0302
fe90
9094
1c00
fe00
027f
0408
1700
0778
00fc
2040
4080
700c
10fd
2444
6818
24c1
20fe
4888
d030
4c82
0101
ff80
801f
0000
0000
fe02
02f0
0000
ff04
0408
0810
20c0
fe40
4040
4042
423e
0101
ff80
801f
1010
0000
fe02
02e0
2020
1f10
101f
1010
1f10
e000
00f0
1010
f000
01ff
8084
3f04
3f20
00fe
0242
f840
f808
3f20
3f20
3f04
18e0
f808
f808
f840
427e
007f
0101
0101
01ff
00fc
0000
0000
00fe
0101
0101
0101
0101
0000
0000
0000
0000
10fe
1010
fe82
82fe
1028
4482
007c
1010
8282
fe10
10fe
1010
10fe
1010
1010
1010
013f
2121
3f01
017f
00f8
0808
f800
00fc
4141
7f01
2424
4487
0404
fc00
4422
0af8
0000
7f40
5f40
5f51
4c40
fe40
4424
2810
9f80
0009
4848
4887
2ac6
0008
8482
12f0
2021
21a7
aaab
a8ab
00fc
24fe
48f8
00fc
a223
2223
2223
212e
04fc
04fc
04fc
9806
2020
23aa
aaaa
aaaa
0a08
fe08
e80a
eaaa
a222
2420
2222
2224
e40a
00a0
9482
92f0
2121
22f4
2f24
2425
00f0
1020
fca4
a424
36e4
202f
2020
236c
1c44
40fe
40a0
1806
007c
1010
fe44
457c
4040
407e
8888
0808
447c
4444
5ce4
0405
9090
5020
2050
8806
2121
2121
f721
6171
0808
0808
fe08
0808
a9a9
a121
2121
2121
08f8
0808
0808
f808
2023
2020
f921
2161
00fe
0000
fc04
0404
71a9
a9a1
2121
2027
fc04
0404
fc04
00fe
2020
2724
f421
6171
4040
fe02
02fa
0808
a9a9
a121
2121
2121
f800
00fc
0404
fc00
1010
fe10
107d
0000
4040
40fe
8222
2420
7c00
fe10
5454
9132
2020
2050
4888
0402
207e
9010
fe10
2548
4040
407e
8292
1410
fe48
7e48
7e48
7e41
1010
2828
4844
8402
4027
0000
0080
400f
00fc
4040
4040
40fe
2020
2040
4040
8080
4040
4040
4040
4040
412f
0101
8744
0407
10fe
1010
fc44
44fc
2027
204f
4041
828c
40fc
40fe
a010
0806
402f
090f
894f
0809
003e
223e
223e
02f2
2929
2949
494a
8a88
12f2
12f2
1212
3206
4122
0304
804f
0102
0000
fc40
80fe
1020
272a
2342
4342
8382
fe20
fc20
fc20
fe00
0003
fa22
2320
f720
00fc
9494
fc00
fe00
2322
2338
e102
0c00
fc04
fcc0
6254
4846
1010
1010
ff10
1010
1010
1010
fe10
1010
101f
1010
1010
1f10
10f0
1010
1010
f010
00fe
90fe
8282
fe90
4040
407e
8080
007e
90fe
003f
2424
24ff
0000
00f8
4848
48fe
007f
017f
02ff
0408
1ce0
00fc
00fe
0000
1f30
5f90
1f10
1f10
f808
f808
f808
f808
203e
5089
003f
0101
407e
9008
00f8
0000
01ff
0101
0101
0101
00fe
0000
0000
0000
407e
8808
01ff
809f
407e
8808
00fe
02f2
9010
1f10
1f10
101f
1210
f000
f808
08f8
207e
9008
7c44
7c44
207e
9008
7c44
7c44
7c40
4744
4744
4740
7c04
c444
c444
c40c
1023
4089
5120
2348
1ce0
0424
2800
fe40
fb20
20a8
a9a9
a224
fe80
fc84
2810
28c6
0810
1f21
4181
01ff
0000
f800
0000
00fe
0121
2121
2121
3f20
0008
0808
0808
f808
2020
f821
fa88
8bf8
2050
8804
0200
de42
8889
fa20
f922
2020
c64a
52c6
4a52
42c6
007d
4444
447c
4447
00fc
2020
2020
20fe
4444
7c44
4444
848c
2020
2020
2020
2020
1021
7d45
5555
5545
08e8
4ef0
2020
ee40
4ff4
5555
5545
858f
e000
fc54
5454
54fe
04ff
0401
ff80
803f
40fe
4000
fe02
02f8
0000
ff04
0408
30c0
0000
fe80
8080
827e
1020
7e88
10fe
2448
00fe
8282
fe82
82fe
fe48
7e48
7e48
7e41
8282
fe28
2848
4a8e
0078
03fc
0179
0179
2020
fe20
fc24
24fc
0101
7948
4849
7e48
2424
fc70
a824
2220
003f
21ff
213f
003f
00f8
08fe
08f8
00f8
203f
2720
3f04
0870
08c8
f808
f840
201c
004f
292f
000f
00e7
00fc
24fc
00fc
00f8
2427
2021
2224
508f
08f8
c4a8
908c
00fe
102b
4683
027e
1312
08e8
4ee8
3020
e04e
ff10
5555
511d
e103
e000
fc54
5454
54fe
007e
4242
7e42
427e
007e
4242
7e42
427e
4047
4444
4744
4447
02e2
2222
e222
22e6
007e
4242
7e42
427e
007e
4242
7e42
427e
4141
5f43
4549
5141
0202
f282
4222
1206
007e
427e
427e
4844
007e
427e
427e
2242
5f41
415f
4242
4458
f202
02f2
8282
4236
00f8
8888
8992
a092
4040
7c84
0808
107e
8a8a
8a8a
b282
8282
4242
427e
4242
427e
1010
fe10
7e42
427e
10fc
2424
fe00
fe82
4242
7e10
fc13
1010
fe10
fe90
90fe
1010
1028
4591
7d44
447c
1010
fe02
02fc
8484
4444
7c48
444c
72c0
fc80
80fe
8282
fe80
1028
4581
7d10
10fe
2020
fe02
02fc
8484
1010
7c44
4444
7c44
fc80
80fe
8282
fe80
0404
04ff
0404
2414
0000
00e0
2020
2020
0808
0c12
1120
4080
2020
2022
2222
221e
0102
0408
1720
c03f
0080
4020
d008
06f0
0000
003f
2020
203f
2020
40f8
0808
08f8
4141
7f00
007f
4040
0404
fc00
00fe
0000
4f40
405f
4040
8080
f880
80fc
8080
8080
417f
1209
7f40
5f44
04fc
1020
fe10
103e
7f51
5f51
5f51
bf81
a444
2828
1018
2442
00f9
2020
2023
f820
00fc
0000
00fe
9090
2020
2038
e101
020c
9090
9090
1012
121e
0000
3fa0
6724
2760
8080
fe00
f808
f800
af29
2f20
4848
880f
3c24
3c80
8888
88f8
00f9
8989
89f9
8989
00fc
0404
fc04
0404
89f9
8989
89f9
8903
fc00
4022
1408
6482
0141
417f
4000
ff04
0004
04fc
0400
fe00
0810
3f50
9010
101f
0000
fc04
0404
04fc
00f7
3355
9133
5591
007c
0000
0000
fe48
087e
4242
7e42
427e
4848
4848
484a
8a8e
007f
4449
5b6d
4949
00fe
88fe
10fc
10fe
404f
484f
888f
8638
00f8
08f8
08f8
300e
007f
4044
4549
4b59
00fe
0088
10fe
1010
6949
4949
8989
8909
fc10
10fc
1010
fe00
007d
0000
00fe
2828
00fe
2040
fc84
84fc
2828
2828
4a4c
8003
84fc
8484
fc48
8402
0808
7f22
2214
7f42
00fe
1010
7e42
427e
4458
4244
5942
8498
427e
4242
7e00
24c2
007f
4444
5f51
515f
007e
1010
7e42
427e
5151
5f44
5555
958c
427e
4242
7e00
2442
0102
0408
1021
c101
0080
4020
1008
0600
1111
1111
1111
ff00
00f8
0000
0000
fe00
0404
080b
1030
3053
2020
20fe
2020
20fc
9011
1010
1010
1116
0404
8850
2050
8806
080f
1020
40bf
2020
00e0
2040
80fe
0000
2724
2424
2444
4483
f010
1010
7002
02fe
01ff
017f
003f
203f
00fe
00fc
00f8
08f8
0804
ff00
3f20
203f
2040
fe00
f808
08f8
007c
4444
7c45
01ff
007c
4444
7c44
00fe
0418
e07c
4444
7c44
4030
0e7c
4444
7c44
0808
7f08
0f08
0f08
2020
fc20
e020
e020
ff04
0911
2fc1
013f
fe40
2010
e806
00f8
0101
ff04
1860
00ff
0000
fe40
300c
00fe
0000
3f21
213f
2000
1010
1010
1010
1070
2020
2720
fb48
4b4a
4040
fc40
f800
f808
4b49
d037
102b
4283
f810
a0fe
00f8
08f8
017f
4041
1f02
0c70
00fc
0404
f080
601c
00ff
001f
1010
1f00
00fe
0888
8888
8818
2020
23a8
a8a8
a9a8
2020
fe20
2020
fc04
a8a8
a8a8
a8f8
0106
8488
8850
2050
8806
1c02
010e
7002
04ff
2040
c030
0800
00fe
0911
3f51
9111
1101
0000
f808
0808
3800
11a1
4529
1121
49fd
0850
2214
0810
247e
0500
ff10
1028
4481
1288
fe80
4850
629e
007f
0000
3f20
2020
00f0
1010
f010
0202
1f00
0948
4848
8887
fe00
0084
8212
12f0
2027
24fb
2023
2222
00fe
42fc
40fc
4444
3be2
2223
2027
2060
fc44
44fc
40fe
4040
1011
11fd
1111
3139
00f8
0808
0808
0808
5551
9111
1111
1214
0808
0808
080a
0a0e
2222
23fa
4441
4078
0000
fe00
88fc
88f8
4848
484b
4848
4891
88f8
88fe
0050
8804
007e
4242
7e42
427e
00fe
4848
4848
48fe
4040
4844
445a
e106
1018
2828
4888
0a0e
2222
ff22
223e
2222
003e
a222
223e
2222
3e22
22ff
0022
2241
223e
22a2
2222
2246
2121
27f9
2161
61b1
0808
fe08
08f8
0808
a9a9
2127
2021
2224
f808
08fe
0008
0402
01ff
083f
0011
ff11
00fe
10f8
0410
fe10
111f
01ff
0509
31c1
10f0
00fe
4020
1806
0000
0000
0000
0000
0101
0101
0101
0101
0000
0000
0000
0000
0101
0101
0101
0101
fa31
6162
0120
1728
1b88
9b9e
9906
0d0d
1201
020c
0515
1878
0600
8000
0000
0200
f90a
0061
0029
2024
141f
5f5f
5f12
0911
0907
0000
00c8
f8f8
f800
8000
0000
0200
fa41
0201
4120
1515
1789
9e91
991f
0d0b
1206
0c05
0605
7876
2600
8000
0000
0200
f330
4000
301c
1f0a
1a1f
5f5f
5f0d
090a
0819
000f
00b8
f848
f800
8000
0000
0200
f030
513f
3005
151e
191f
1f1f
5c0f
1f10
0306
06d1
1006
610f
bc00
8000
0000
0200
f530
3031
3015
261c
1a5f
1d1c
1f1b
170d
1f00
0714
0927
0f0f
0700
8000
0000
0200
f531
3131
3110
2727
271f
1f1f
1f0e
0e0c
0b16
0c16
15f8
0bfc
4900
8000
0000
0200
f351
4043
401e
0921
1a5f
1f9f
5f0d
161f
0901
0200
05f0
1425
3600
8000
0000
0200
f805
0140
4013
1010
139f
5f06
1b08
0b14
1406
0402
0357
0301
2800
8000
0000
0200
c101
0101
017f
7f7f
181f
1f1f
1f1f
1f1f
1f00
0000
00ff
ffff
ff00
8000
0000
0200
c101
0101
017f
7f7f
181f
1f1f
1f1f
1f1f
1f00
0000
00ff
ffff
ff00
8000
0000
0200
c101
0101
017f
7f7f
181f
1f1f
1f1f
1f1f
1f00
0000
00ff
ffff
ff00
8000
0000
0200
c101
0101
017f
7f7f
181f
1f1f
1f1f
1f1f
1f00
0000
00ff
ffff
ff00
8000
0000
0200
c101
0101
017f
7f7f
181f
1f1f
1f1f
1f1f
1f00
0000
00ff
ffff
ff00
8000
0000
0200
c101
0101
017f
7f7f
181f
1f1f
1f1f
1f1f
1f00
0000
00ff
ffff
ff00
8000
0000
0200
c101
0101
017f
7f7f
181f
1f1f
1f1f
1f1f
1f00
0000
00ff
ffff
ff00
8000
0000
0200
c101
0101
017f
7f7f
181f
1f1f
1f1f
1f1f
1f00
0000
00ff
ffff
ff00
8000
0000
0200
c101
0101
017f
7f7f
181f
1f1f
1f1f
1f1f
1f00
0000
00ff
ffff
ff00
8000
0000
0200
c101
0101
017f
7f7f
181f
1f1f
1f1f
1f1f
1f00
0000
00ff
ffff
ff00
8000
0000
0200
c101
0101
017f
7f7f
181f
1f1f
1f1f
1f1f
1f00
0000
00ff
ffff
ff00
8000
0000
0200
c101
0101
017f
7f7f
181f
1f1f
1f1f
1f1f
1f00
0000
00ff
ffff
ff00
8000
0000
0200
c101
0101
017f
7f7f
181f
1f1f
1f1f
1f1f
1f00
0000
00ff
ffff
ff00
8000
0000
0200
c101
0101
017f
7f7f
181f
1f1f
1f1f
1f1f
1f00
0000
00ff
ffff
ff00
8000
0000
0200
c101
0101
017f
7f7f
181f
1f1f
1f1f
1f1f
1f00
0000
00ff
ffff
ff00
8000
0000
0200
c101
0101
017f
7f7f
181f
1f1f
1f1f
1f1f
1f00
0000
00ff
ffff
ff00
8000
0000
0200
c101
0101
017f
7f7f
181f
1f1f
1f1f
1f1f
1f00
0000
00ff
ffff
ff00
8000
0000
0200
c101
0101
017f
7f7f
181f
1f1f
1f1f
1f1f
1f00
0000
00ff
ffff
ff00
8000
0000
0200
c101
0101
017f
7f7f
181f
1f1f
1f1f
1f1f
1f00
0000
00ff
ffff
ff00
8000
0000
0200
c101
0101
017f
7f7f
181f
1f1f
1f1f
1f1f
1f00
0000
00ff
ffff
ff00
8000
0000
0200
c101
0101
017f
7f7f
181f
1f1f
1f1f
1f1f
1f00
0000
00ff
ffff
ff00
8000
0000
0200
c101
0101
017f
7f7f
181f
1f1f
1f1f
1f1f
1f00
0000
00ff
ffff
ff00
8000
0000
0200
c101
0101
017f
7f7f
181f
1f1f
1f1f
1f1f
1f00
0000
00ff
ffff
ff00
8000
0000
0200
0000
0000
0000
0000
0101
0101
0101
0101
0000
0000
0000
0000
0101
0101
0101
0101
2122
2423
fa22
6770
2428
b22c
28aa
be28
a8af
a223
2224
2420
24fe
1012
9408
34c2
2027
20a7
a0a7
a0af
00fc
04fc
04fc
00fe
a8a8
2724
2424
4480
4242
fc44
4444
5c40
1010
7e24
24ff
0830
0078
4848
484a
8e00
4996
244e
1524
4418
7c04
4448
2890
28c6
203f
4080
3f00
007f
00fc
0000
f800
00f0
0000
1906
0508
30c0
1090
1010
108a
4a04
0243
2204
0b80
4007
00fe
0000
fc00
00fc
2020
2040
4040
8080
0810
1010
1010
0a06
1161
2519
1125
7c00
1064
2810
247c
9088
ff00
7f49
7f49
7f00
fe40
4424
2810
2ac6
1010
10fe
0404
0818
0cf0
8080
8080
fe88
3454
9010
1011
1112
8888
8888
8808
0808
007f
0101
ff09
31c1
1ce0
0000
fe20
1806
1f00
0001
ff01
0107
f060
8000
fe00
0000
18e1
2020
fb20
2760
0498
6098
4440
fe80
71ab
a5a9
2121
2120
20fc
2424
2424
2c20
1020
4488
5020
244e
00fc
0404
0404
04fc
f210
5454
5292
9210
8480
8080
8082
827e
022a
4a8a
0f20
2f44
1090
90a0
be34
d454
4da2
243f
222a
2a22
1414
94c8
0894
a240
1011
11fd
1111
11fd
00fc
0404
fc04
04fc
1111
1110
2844
8106
0404
fc50
5090
121e
7001
00fc
0000
f801
00fc
0404
0404
04fc
f901
01f9
8989
f988
0400
0000
0002
02fe
013f
213f
01ff
003f
00f8
08f8
00fe
00f8
203f
203f
203f
0870
08f8
08f8
08f8
201c
1010
7c10
1010
fe10
00fc
0404
0404
fc80
105c
5050
7050
4887
8080
8082
7e00
00fe
1010
fe11
fe92
92fe
4040
40f8
4848
4848
9292
fe10
fe10
1112
4848
4848
888a
0a0e
23aa
aaa9
2021
fd51
fe02
22fc
20fc
2424
5151
5151
545b
9080
fc24
24fc
20fe
2020
1028
4492
7c44
447c
00f8
8888
8888
8888
4444
7c40
4845
5de2
8888
8888
8808
0a0e
007d
4848
7c49
487d
20fc
2050
8804
00fe
4848
7e02
52aa
a20c
04f4
9494
f404
041c
0204
7f41
417f
4141
0000
fc04
04fc
0404
7f09
0909
1111
21c0
fc10
2048
fc04
02fe
081f
207f
a13f
213f
00e0
40f8
08f8
08f8
017f
417f
417f
0101
00fc
04fc
04fc
02fe
0a11
1027
2061
61a2
2020
40f8
8808
fc04
2427
2831
2525
2820
04fe
0252
4a4a
020c
1211
2f20
6760
af20
0810
fe40
fc40
fe00
2721
2f21
212f
2123
ac20
fe20
a810
2a46
2020
2023
f828
2849
2020
20fe
2020
20fc
4848
a810
1824
c106
0488
8850
2050
8806
0101
ff80
809f
1010
0000
fe02
02f2
1010
1f10
101f
1010
10ff
f010
10f0
1010
10fe
080f
087f
4148
7f48
1012
1210
7e10
1010
4847
4045
5555
459f
1292
1414
484a
16e2
2020
20fb
2020
2021
2020
20fe
2020
20fc
38e1
2020
2020
2166
0404
8850
2050
8806
484f
48f8
4f44
444f
007e
04a8
9008
7e92
6ac2
5f42
4545
48d0
1050
dc50
7050
4886
2222
ff22
223e
2322
4040
407e
82a2
2224
3e22
22ff
0024
4386
2020
2050
5088
0402
22a1
a7f8
a3a0
2720
0810
fe40
fc40
fe00
37e2
2f22
232e
2226
ac20
fe20
9214
0876
4044
7840
423e
1020
00fe
0428
1008
fe12
7e90
10fe
1011
2ac4
1090
9e90
9050
300e
007d
0101
fd11
5555
0cf0
1010
1010
fe10
5555
5555
9191
1310
1010
0808
2ac6
0200
0804
7f01
3f01
ff00
2040
fc00
f800
fe00
7e08
ff08
0ef8
0839
9880
fe40
2810
6a86
2023
20f9
a8ab
a8ab
90fe
20fc
20fe
00d4
f8a7
2028
2b38
c801
90fe
90d4
9890
aa84
0078
0302
fe00
0078
2020
fe02
02f8
8888
0078
0000
7848
487b
f888
88f8
8888
88fe
e201
07f8
0300
f700
0810
fe40
fc40
fe00
f701
0ff1
9197
f193
ac20
fe10
9408
1462
2121
22f3
242a
2230
0000
00fe
02a2
a282
e720
2122
2428
2060
f282
c2a2
9282
8418
08ff
0820
3f20
4985
20fe
2000
fe02
2242
011f
0105
0911
0100
02f2
0242
2212
0418
2828
fc29
3a11
7d54
4080
fe02
4252
5242
557c
10fd
1214
1010
fa42
d24a
4a42
420c
0101
01ff
0101
017f
0000
00fe
0000
00fc
0000
3f20
2020
3f20
0000
f808
0808
f808
0101
f293
9494
9093
0000
00fe
0000
00f0
90f0
8081
0204
0403
2040
8000
0202
02fc
020f
f292
9f92
9293
00be
1212
9212
224c
9e90
f08f
0001
0618
0040
40fe
a010
0806
2020
2023
f820
6071
2020
20fe
2020
20fc
a8a0
a121
2121
2121
0000
fc04
0404
fc04
2021
20f8
2023
6071
00fc
0850
20fe
a224
a8a3
2223
2222
2222
60fe
8a06
fa8a
fa02
7000
00fb
0000
f801
2020
20fe
2020
20fc
00f8
0101
f989
89f9
0000
fc04
0404
04fc
00fe
2020
2020
407c
2020
2020
3e20
2020
a5a5
a525
253d
2101
fc04
0404
0404
fc04
1010
10fd
1210
3030
8080
fc20
2020
2020
5b54
9410
1010
1010
fe20
2020
2020
2020
003f
01ff
0509
31c2
30c0
00fe
4020
1886
0419
e10d
010d
3103
4030
0e60
0060
1800
0808
7f08
0808
08ff
003e
2222
2222
22a2
0810
1021
2778
0000
2222
2222
aca0
2020
0101
7f40
480f
0814
0000
fc04
04e0
2040
2241
0618
ef08
080f
8000
c030
ee20
20e0
0079
494f
4979
494f
001e
12d2
1212
12f2
4949
794a
4a4b
8e98
1212
1212
56d0
5010
0203
027f
4444
5f44
00f8
00fe
0202
f000
4443
404f
484f
888f
08f8
00fc
00f8
00fc
0241
2120
0f00
e424
0808
1000
fe40
4444
2424
2724
2021
568f
4444
fc84
8000
00fe
001f
1010
1010
1f10
7080
0000
0000
f820
1010
1010
1010
10ff
2020
2020
4040
40fe
0202
0207
0408
1020
0000
00f0
1010
2020
4000
0001
020c
30c0
4040
c020
1008
0402
0408
0810
1730
3050
8080
8080
f888
8888
5090
1111
1112
1214
8888
0808
0808
0a0e
0810
1020
2f60
60a0
4040
4040
fe40
c0e0
2121
2224
2820
2020
6050
4844
4240
4040
007f
0404
0404
040a
00e0
2020
4040
7808
0a09
1110
2020
4083
0808
1090
6050
8806
0007
f888
8888
8888
00f8
8888
9090
9e82
8989
f982
0204
0831
4244
2428
1028
4482
0101
ff80
801f
1010
0000
fe02
02f0
1010
1f02
043f
2020
203f
f000
00f8
0808
08f8
007f
0000
003f
2020
00fc
0404
04fc
0000
407f
4000
0000
0000
00fe
0202
0202
04f8
080f
1020
7f80
003f
00f0
2040
fc04
04fc
0000
3f00
0948
4887
0404
fc00
0482
0af8
1412
10fe
1010
9254
4040
407e
8404
4444
1038
5492
1010
1033
4428
2810
1028
c402
1013
1010
fc10
1031
00fe
4040
8080
fc04
3954
5090
1010
1010
0404
0404
0404
0870
0101
01ff
0101
6111
3008
00fe
0004
4850
0105
0911
21c1
0107
4020
2010
0804
0000
4027
0202
8242
0322
00f0
1010
1010
fc84
2222
4444
4888
9003
8488
4850
2050
8806
4020
0007
0082
4202
4040
40fc
0008
0808
2221
2141
4141
818f
0808
0810
1010
10fe
040f
1060
0106
18e1
00e0
4080
4020
1806
0109
0912
0204
0870
0010
2080
4020
1806
0000
f823
2020
26f9
2c22
20fe
2022
3234
2020
2021
3ae4
0000
3028
a824
2422
2060
0101
ff84
8408
1262
0000
fe42
4240
447c
027f
0204
0408
30c0
00f0
1010
1010
120e
01ff
8488
207e
427e
00fe
4272
007c
0404
427e
42ff
060a
12e6
7c40
407e
4202
023c
203e
4889
003f
0808
407e
9010
00e0
2020
0f0a
0a11
1020
410e
f808
0810
a040
b00e
1023
4088
5020
2049
00f8
8888
9090
9c44
fd25
21a9
a9aa
a224
4444
2828
1010
28c6
1020
4088
5020
2048
0808
8888
8888
8888
fc24
20a8
aba8
a020
8888
8ef8
8808
0808
1020
4089
5220
2148
2050
8804
0200
fc00
fc25
21a9
a9a9
a121
00fc
0404
0404
fc04
0040
4744
4444
4447
0000
fc04
0404
04fc
4444
4444
4447
4440
0404
0404
04fc
0400
0121
213f
2141
8101
0000
00fc
0000
0000
01ff
0101
0101
0101
00fe
0000
0000
0000
0101
017f
0101
0101
0000
00fc
0000
0000
ff02
0404
0810
7f00
fe00
0000
087c
8402
007f
4040
7f40
405f
00fc
0404
fc80
80fc
4040
4f48
4848
8f88
8080
f808
0808
f808
007f
4040
407f
4040
00fc
0000
00f0
1010
4040
7f40
4040
7f40
1010
f000
0000
fe00
2023
22fa
2223
2222
00fe
0000
00fc
0404
3ae2
2322
2222
2362
0404
fc00
0000
fe00
2222
22f3
2424
2424
003c
24a4
a4a4
a4a4
34e4
2a21
2122
2468
a4a4
a424
4680
403e
2211
11ff
0810
2fc1
1010
20fe
20d0
0806
011f
0101
7f01
010e
00f8
0000
fc00
0000
2013
0243
2a0b
1217
00fe
00fc
04fc
00fe
2001
ff03
0509
31c1
0000
fe80
4020
1806
0101
017f
4243
5e42
00fc
00fe
02f2
0004
4140
4149
4945
859f
fc00
2024
2428
28fe
7101
01fa
0200
f800
0000
fc20
2020
2020
03f8
0000
f888
88f8
fe20
2020
2020
2020
00fd
8585
85fd
1111
00fe
0000
00fc
0404
119d
9191
9191
9df1
0404
fc04
0000
fe00
1029
2545
817d
1111
00fe
0202
fe00
10fe
fd11
5555
111a
e204
1010
7e42
4242
7e42
0141
2304
0897
4404
0000
f810
20fc
4444
2724
2447
4045
8488
fc44
44fc
0024
9292
2247
8117
2165
a525
00de
12d2
12d2
12d6
2f00
3f00
ff01
19e3
1000
f800
fe00
300e
0808
1f20
40bf
2121
0000
e040
80f8
0808
3f21
213f
0024
4282
f808
08f8
0044
2222
01ff
003f
2020
3f00
00fe
00f0
1010
f000
7f00
0201
0101
0107
f810
6080
0000
0000
01ff
003f
2020
3f00
00fe
00f0
1010
f000
7f00
0001
ff01
0107
f830
c000
fe00
0000
0101
ff00
001f
1010
0000
fe00
00f8
0808
101f
0109
1121
c107
08f8
0020
1008
0400
0000
0000
0000
0000
0101
0101
0101
0101
0000
0000
0000
0000
0101
0101
0101
0101
c431
7561
3100
0b20
201e
1e12
1e96
1607
070b
0b08
0853
5447
4700
8000
0000
0200
f803
0100
013a
0c22
1a5f
1f1f
1f0a
0c12
0ac0
0000
00f8
0707
f700
8000
0000
0200
fa33
6121
0122
2824
1a5f
1f1f
9c04
0404
0603
0204
0625
1525
0600
8000
0000
0200
fa33
6122
0123
2c2c
1a5f
1a1f
9f08
0806
1e08
020c
0625
1525
0600
8000
0000
0200
fa31
6325
0124
2430
1a5f
1f1f
9cc7
83c3
de03
0204
0725
1525
0600
8000
0000
0200
f114
3162
110c
2632
1a0d
1015
1c0c
0b08
070b
0b04
08f3
ff87
4700
8000
0000
0200
f901
6020
0021
1429
1b5f
1f1f
9f05
0304
0403
0204
0325
1525
0600
8000
0000
0200
fb37
6001
611e
2d1d
155f
5f58
1816
1314
150c
8f01
092f
1213
2a00
8000
0000
0200
f221
0067
011e
2135
1c58
9658
9401
0102
0801
0101
01f2
34f3
3500
8000
0000
0200
fa31
6325
0125
2530
1a5f
1f1f
9c08
0405
1e03
0204
0625
1525
0600
8000
0000
0200
fa31
6325
0125
2530
1a5f
1f1f
9c08
0405
1e03
0204
0625
1525
0600
8000
0000
0200
fa33
6122
012c
2c2c
195f
1a1f
9f08
0806
1906
020a
0425
1525
0600
8000
0000
0200
fa34
6122
0128
282a
185f
181f
9c08
0806
1e08
020c
0625
1525
0600
8000
0000
0200
fa40
0153
313a
2229
171f
9c55
d511
0202
028e
0101
01fa
3434
3400
8000
0000
0200
f903
4103
3132
1735
1a00
1818
9505
0505
0602
0202
0525
2525
2500
8000
0000
0200
fb43
3101
412b
2a1e
1598
95d6
d718
130b
1103
9101
012f
0203
1300
8000
0000
0200
fa31
6325
0121
1d23
1d5f
1f1f
9f08
0405
1e03
0204
0625
1525
0600
8000
0000
0200
fa36
6324
012c
1c20
155f
1f1f
9c14
1212
180c
0a0a
0a12
1212
1500
8000
0000
0200
fa31
6325
0124
302c
125f
1f1f
9c08
0405
1e03
0204
0825
1525
1500
8000
0000
0200
f449
0331
3120
0d22
1cdc
96d9
9408
0308
0386
011f
0153
33f6
3600
8000
0000
0200
c23c
313c
3142
2a2b
181f
1f1f
9f11
0e10
1c06
05c6
0499
657f
0800
8000
0000
0200
e64e
c223
c11e
1929
259f
575f
5e0c
0f0c
05c0
0101
01ba
7f88
3700
8000
0000
0200
fc4f
4043
411b
1125
1b96
97d9
d91c
1206
0401
c101
01a7
e727
1700
8000
0000
0200
fb30
4102
2117
2124
179c
1f1f
9f13
1f1f
098d
0000
0234
0504
1600
8000
0000
0200
c431
7561
3100
0b1f
1f1e
1e12
1e96
1607
070b
0b08
0853
5447
4700
8000
0000
0200
c435
7361
311c
241e
1e18
1815
150c
1612
1204
0409
0912
1215
1500
8000
0000
0200
c431
7562
310c
0c1d
221e
1e1c
1e98
1807
070b
0b08
0853
5447
4700
8000
0000
0200
f44f
3131
3138
1a17
1e1f
5f1f
5f0e
0f12
120f
0506
066e
1b18
1800
8000
0000
0200
c402
ce51
412c
2d20
209a
9a5f
9b12
0308
0802
0306
0696
3638
3800
8000
0000
0200
c447
0751
1127
2620
2098
9858
9806
060b
0bc7
c70a
0a37
3727
2700
8000
0000
0200
f333
3161
011c
1a1a
159d
9596
d317
030f
1d02
0000
012f
1702
2300
8000
0000
0200
f221
0067
0123
1132
1b58
9658
9401
0105
0801
0101
01f3
34f3
3500
8000
0000
0200
0000
0000
0000
0000
0101
0101
0101
0101
0000
0000
0000
0000
0101
0101
0101
0101
0811
1121
2f61
61a1
0010
1010
fe10
1010
2121
2f20
2122
2428
1010
fe00
1008
0402
1010
2027
6062
a2a5
4040
40fc
4048
4854
2820
2020
2122
2c20
6240
a090
0804
0200
1017
202f
4143
66ab
38c0
80fe
20f0
18f6
a027
2425
2525
2524
00fc
04f4
14f4
040c
002c
2221
2224
2820
2048
8808
8848
2808
3f04
0404
0808
30c0
f880
8080
8080
827e
1010
fe44
44fe
007c
1010
fe44
44fe
007e
4444
7c28
282a
4c88
4242
7e28
2828
4a8e
0808
0808
ff08
0808
2020
2020
fe20
2020
08ff
0008
1020
4080
20fe
0020
1008
0402
4040
4058
4442
4140
020a
0a12
1222
22c2
4041
4244
5840
7f40
8242
2212
1202
fe02
2023
2020
f821
2620
40fc
4484
8404
1800
242f
2424
2424
282b
10be
9292
9292
a22c
007f
4040
4f40
4047
00fe
0000
fc80
80f0
4040
405f
4040
7f40
8080
80fc
0000
fe00
1962
4754
5457
5454
001e
d252
52d2
5252
5774
d417
1427
c404
d252
12d2
16d0
1010
0000
f888
8888
8888
0088
8888
8888
8888
8888
f887
0000
0000
888e
f888
0808
0808
003f
02ff
0408
1724
30c0
00fe
4020
d048
c700
3f20
2724
2720
c600
f808
c848
c818
2020
2721
f827
2023
4040
fe08
90fe
00fc
2223
223b
e001
020c
04fc
04fc
a022
223e
0020
2320
a9a8
a8a8
2020
fe20
24a4
a820
aba8
a8a8
f888
0102
fe20
5050
8888
0402
00f8
0808
0b78
4081
4048
849e
e220
20fc
81f9
0909
0908
0873
2424
24fc
2024
3ee2
00f7
1013
7243
4287
00fc
00f8
48f8
48fe
f093
1213
1213
1067
00f8
48f8
48f8
00fe
2020
20a9
a4a0
a0a0
2020
20fc
2020
2020
2720
2020
2021
2720
fe40
4090
883c
c202
007e
1010
1010
1ce1
00f8
8888
a8a8
a80a
0200
0948
4848
4887
0e00
0088
8412
12f0
0404
3f04
0404
ff08
4040
f840
4040
fe20
0812
2242
9212
2206
1010
0894
9248
4800
2020
20fb
2022
2139
4040
40fc
4048
4850
e02f
2020
2122
2468
40fe
a0a0
1010
0806
1011
7f12
14ff
0810
4040
407e
8404
4444
7e44
880f
7808
0819
4428
2810
1028
4482
2023
2027
f922
2571
0cf0
40fe
0804
fa08
69a0
a724
2525
2524
f800
fe02
fa0a
fa06
0047
2404
0484
4407
00fc
0404
0404
04fc
2121
2141
4242
8498
2020
2020
2022
223e
8853
2050
9010
1011
00fe
2020
2020
20fc
3050
9010
1010
27c0
2020
2020
2020
fe00
8850
2760
9211
1130
4040
fc40
4848
5040
5790
1010
1011
22cc
fe40
40a0
a010
0806
4041
7c93
1011
12fc
18e0
40fe
8804
fa88
1010
1312
2a26
4282
f800
fe02
fa8a
fa06
0078
4949
4a7c
484a
8080
00fe
0202
a2aa
4a4a
7a4a
4b4a
8898
4a4a
aa0a
fa02
020c
027f
0418
20fe
2242
00f8
0838
20fe
2242
863f
203f
203f
2020
86f8
08f8
08f8
0818
006f
484b
6848
4b6a
00ec
24a4
2c24
a4ac
4a4b
48ff
0008
1060
a4a4
24fe
0030
0804
04ff
047f
02ff
081f
40fe
40f8
00fe
40e0
28cf
003f
2027
2427
38e6
00f8
08c8
48d8
1027
4484
f724
4497
00de
5252
d454
58d4
f414
1414
2425
4e80
5212
1292
5cd0
5010
2051
8800
fb20
21f9
20fc
8888
fe00
fc04
21a9
a9a8
a038
c003
fc04
fc50
5050
921e
2744
9764
47f4
2741
9e92
9294
d212
d410
bf08
04ff
101f
101f
f820
40fe
10f0
10f0
2744
9764
47f4
2749
9e92
9492
d214
d020
9f28
cf08
0f08
0e70
f028
e620
e088
503e
24ff
247f
41b9
3902
407e
8428
1028
c600
3f20
3f20
3f00
5289
fc80
fc80
fe02
4224
1011
2624
6464
a424
00be
2222
2222
2222
2424
2427
2c20
2020
2222
a222
2c20
2020
0889
4e48
0f04
042f
007e
04a8
9008
7e92
2a22
424f
4285
8930
1050
5cd0
5070
508e
0101
7f01
1110
ff10
0000
fc00
1010
fe10
1000
7f04
0408
30c0
1000
fc40
4042
423e
0000
f790
9292
97f2
4040
fc40
4848
fc08
9292
9791
f181
021c
0808
fc10
1010
121e
0222
12ff
0804
3f01
8088
90fe
2040
f800
1f01
7f05
0911
6101
f000
fc40
2010
0c00
003f
2020
3f20
203f
00f0
1010
f000
00fc
2020
2724
2447
4080
0404
c444
44c4
0830
0404
047f
4444
4444
4040
40fc
4444
4444
7f44
4444
4444
7f40
fc44
4444
4444
fc04
2027
20f8
2121
6073
00fc
4080
e020
2ea2
aaa2
2223
2020
2027
aaaa
a4a4
2ac0
00fe
00ff
0101
0101
017f
00fe
0000
0000
00fc
0101
0101
0101
ff00
0000
2010
1000
fe00
2023
22fa
2222
6272
00fe
0202
fa02
02fa
aaa2
2222
2222
2222
8a8a
8afa
0202
0206
1010
5554
10fe
1033
000c
f020
2020
20fe
3854
5490
9010
1010
2020
2020
2020
2020
1111
2f21
2140
67a4
1010
fe10
f040
fc44
a7a0
2720
2320
202f
fc40
fc40
f840
40fe
48ff
4848
fe92
92fe
2020
2020
fe22
2222
10fe
10fe
101e
f001
2222
2222
2242
428c
2121
2121
fa24
2120
0000
00fe
0202
e202
2020
2028
33c0
0000
0222
4282
0202
0438
0101
013f
2121
2121
0000
00f8
0808
0808
2121
2121
2101
0101
0808
0808
3000
0000
1028
4482
7c10
10fe
1020
fe82
fe82
fe10
1010
5454
5410
1ef0
10fe
9292
9292
9610
003f
2020
2020
3f20
38c0
0000
0000
fe40
2020
2020
4040
8000
4040
4040
4040
4040
0c70
4040
407f
4445
4040
407e
5292
9410
4444
4444
4444
8485
1028
2828
4444
8202
1028
4482
7c10
1110
4040
407e
8292
1410
fc10
5454
5450
1ce1
1028
2828
4444
8202
00fe
107c
101e
f102
00fe
107c
1010
fe80
0c30
cf00
1f00
0003
6018
e600
f010
20c0
10fe
1038
5492
1000
10fe
1038
5492
1000
3f00
00ff
0111
21c3
f800
00fe
0010
0806
0304
19e7
002c
232c
00c0
30ce
00c8
08c8
203f
017f
4244
5f40
08f8
00fc
0444
e42c
407e
8808
007e
4242
407e
8808
0020
20fe
7e42
427e
4242
4286
2222
2222
2222
428c
00fe
90fe
82fe
90fe
00fe
0222
1408
34c2
0408
047f
0109
1161
2040
88fc
0220
100c
0404
ff04
003f
2020
4040
fe40
18e0
0000
203f
2020
2040
4080
00fe
8080
8080
8080
08ff
0800
7f40
4f41
20fe
2000
fc04
e404
415f
4345
4951
407f
04f4
8444
2414
04fc
2020
20f8
0912
1520
4040
a090
0804
f200
68b3
3028
2020
2020
00f8
0808
0810
20c0
2121
27f9
1315
2520
0808
be08
1caa
4a00
69b0
2b28
2122
2420
fc00
fe20
2824
2260
7003
00f8
0302
fa03
88fe
8800
fe22
22fe
00fb
0000
f988
88fb
20fe
2020
fc20
20fe
0043
2222
0203
e222
0cf0
0000
00fe
1010
2222
2224
2428
508f
1010
1010
1010
00fe
0102
0408
1020
5f81
0080
4020
1008
f402
0101
3f01
1109
097f
0000
f800
1010
20fc
0000
f889
8a88
8888
2050
8804
02f8
0000
8b88
88f8
8800
0000
fc04
0404
0808
10e0
1029
4581
7d11
11fd
00fc
0404
fc04
04fc
1111
5555
511d
e103
0024
2810
1008
6886
0404
0404
ff04
0404
0000
0000
e020
2020
0404
0808
1010
20c0
2020
2020
2022
221e
0813
1222
2362
62a3
00fc
0404
fc04
04fc
2222
2320
2f21
222c
0404
fc00
fe08
0402
1010
1f20
2040
9f10
0000
fe02
0202
c242
1010
101f
1000
0000
4242
42c2
4202
0438
007f
4040
404c
4241
00fe
0010
1020
2040
4041
4244
5840
7f40
8040
2020
0000
fe00
0089
5123
5294
1129
8000
00fc
0404
e424
2949
8909
0908
0830
2424
24e4
0404
0418
00f8
2020
2121
22f8
8080
f888
0808
1010
2020
2020
38c1
020c
1020
2050
9008
0402
2023
7d51
9111
11fd
00fe
0000
00fc
0404
1111
1129
2545
4183
0404
fc04
0000
00fe
0808
ff08
0901
ff01
2020
fe20
2000
fe00
0101
3f20
2020
3f20
0000
f808
0808
f808
1023
7a4a
7a4a
7a4a
00fe
007c
4444
7c00
5aea
0e1a
2a4a
8b1a
eeaa
aaaa
ee00
fe00
007d
4949
7d49
497d
00fe
0002
4224
1408
4949
7d05
55ad
a509
0814
1222
4000
fe00
007f
4848
7e48
487e
0004
18e0
8080
80fe
4848
7e02
52aa
a20d
8888
8888
8888
88fe
007e
4849
7e48
487e
8080
fe02
0202
f292
4848
7e02
52aa
a20c
9292
92f2
9202
0438
001f
1010
1f10
101f
00f0
1010
f010
10f0
1010
1f00
ff04
0830
1010
f000
fe40
2018
003f
213f
213f
017f
00f8
08f8
08f8
00fc
4141
5f40
0948
488f
0424
e42c
0084
12f2
0101
017f
4141
5f41
00f8
00fe
02f0
04fc
4a4b
484f
405f
8498
08f8
00fc
04fe
100c
0000
f192
9590
9392
40a0
1008
f600
f808
93f2
8302
0202
030c
f808
f844
2810
c806
0101
ff84
8404
0830
0000
fe82
8280
847c
c000
3f01
0101
01ff
0000
f800
0000
00fe
1017
2424
6764
a427
00fc
4444
fc44
44fc
202f
2828
2828
2b28
40fe
4242
4a7a
ca06
017f
4040
5f11
1f11
00fc
0404
f410
f010
1f01
7f41
414f
4040
f000
fc04
24e4
240c
8047
2404
0704
04e7
00fc
4444
fc44
44fc
202f
2828
2b28
508f
40fe
4a7a
c206
00fe
0079
4949
5151
6151
00fc
2424
fc24
24fc
484b
4a4a
7242
4242
20fe
2222
2a3a
e206
0101
7f41
417f
0101
0000
fc04
04fc
0000
ff81
8181
ff01
0101
fe02
0202
fe00
0000
2223
25f5
2123
6273
10de
2848
00de
52d2
aaaa
a322
2322
2322
5252
d212
d216
d010
0814
2240
807c
1010
8292
9292
9292
9292
fe10
5454
5410
1ef1
9292
9292
9292
9202
007f
4040
7f40
4448
00fc
0404
fc80
8884
5744
4744
4744
8484
fa08
f808
f808
0818
003f
2020
3f20
2024
00fe
0202
fe00
4044
2424
2720
4848
888f
4444
fc40
4242
42fe
0000
0000
0000
0000
0101
0101
0101
0101
0000
0000
0000
0000
0101
0101
0101
0101
fa15
0155
3131
1b24
19d3
93d3
d302
0202
0201
0101
0134
3434
3400
8000
0000
0200
fa31
6325
0125
2530
195f
1f1f
9c08
0405
1e03
0204
0625
1525
0600
8000
0000
0200
c431
7562
3108
0c1d
221e
1e1c
1e98
1809
090b
0b08
0853
5447
4700
8000
0000
0200
fa31
6325
0124
2430
195f
1f1f
9cc7
83c3
de03
0204
0725
1525
0600
8000
0000
0200
f451
4041
010f
0e1a
239e
96d3
5f17
1402
0401
4b01
0134
df07
1700
8000
0000
0200
fa02
0200
0119
1f20
1b1f
1f1f
1f1f
1f1f
1f48
0000
080f
0302
0500
8000
0000
0200
f201
010d
0118
3e2c
161f
5a9f
5d0d
120b
1100
0350
070c
3526
1800
8000
0000
0200
e301
0dc3
2118
2a05
175d
9e9b
5d09
1013
0c00
0405
0206
2576
5600
8000
0000
0200
fa31
6325
0122
322a
1454
1212
5008
0405
1e03
0204
0825
1525
1500
8000
0000
0200
f241
235f
3124
1f29
1a5f
1f1f
9d08
0305
1e03
0204
0725
1525
0900
8000
0000
0200
c430
6006
0600
001d
1d1f
1f18
181f
1f1b
1b07
070a
0a0f
0f1f
1f00
8000
0000
0200
f431
3100
301c
1f22
221f
5f5f
5f0c
0509
0907
0700
00c8
08f8
f800
8000
0000
0200
dc01
1151
4114
1121
1e15
9516
5d04
0510
0802
0105
0006
2515
5500
8000
0000
0200
fd00
0161
6116
301f
1f5f
5f1f
5f12
0811
08c0
00c0
15f6
f7ff
e800
8000
0000
0200
f065
6165
3139
162c
1a58
9658
9401
031b
0801
0144
01f3
3423
3500
8000
0000
0200
f015
5107
4148
162b
1b58
9658
9401
0301
0801
0101
01f3
34f3
3500
8000
0000
0200
f443
0e31
0416
211d
219b
1f5f
1f04
0707
0800
0000
00f6
e4f7
f700
8000
0000
0200
fc3c
3701
4126
2821
215f
5f5f
5f0c
0805
0512
1200
12f5
f6f5
f600
8000
0000
0200
fc41
4e01
0119
391c
179f
9684
980a
0c01
0401
0802
0112
4423
2500
8000
0000
0200
e43f
6531
611d
3120
201f
1f58
1f13
0e11
1104
0508
0855
6205
0500
8000
0000
0200
c423
3861
010e
1e1b
241f
1f1f
1f0c
0c0c
0c05
8505
0542
f2f4
f400
8000
0000
0200
c101
0101
017f
7f7f
181f
1f1f
1f1f
1f1f
1f00
0000
00ff
ffff
ff00
8000
0000
0200
c101
0101
017f
7f7f
181f
1f1f
1f1f
1f1f
1f00
0000
00ff
ffff
ff00
8000
0000
0200
c101
0101
017f
7f7f
181f
1f1f
1f1f
1f1f
1f00
0000
00ff
ffff
ff00
8000
0000
0200
c101
0101
017f
7f7f
181f
1f1f
1f1f
1f1f
1f00
0000
00ff
ffff
ff00
8000
0000
0200
c101
0101
017f
7f7f
181f
1f1f
1f1f
1f1f
1f00
0000
00ff
ffff
ff00
8000
0000
0200
c101
0101
017f
7f7f
181f
1f1f
1f1f
1f1f
1f00
0000
00ff
ffff
ff00
8000
0000
0200
c101
0101
017f
7f7f
181f
1f1f
1f1f
1f1f
1f00
0000
00ff
ffff
ff00
8000
0000
0200
c101
0101
017f
7f7f
181f
1f1f
1f1f
1f1f
1f00
0000
00ff
ffff
ff00
8000
0000
0200
c101
0101
017f
7f7f
181f
1f1f
1f1f
1f1f
1f00
0000
00ff
ffff
ff00
8000
0000
0200
c101
0101
017f
7f7f
181f
1f1f
1f1f
1f1f
1f00
0000
00ff
ffff
ff00
8000
0000
0200
c101
0101
017f
7f7f
181f
1f1f
1f1f
1f1f
1f00
0000
00ff
ffff
ff00
8000
0000
0200
0000
0000
0000
0000
0101
0101
0101
0101
0000
0000
0000
0000
0101
0101
0101
0101
2023
22fa
2322
2222
00fe
0202
fe00
9292
3ae2
2222
2224
2468
92fe
1092
9292
fe82
01ff
8488
3000
3f20
00fe
4242
7800
f808
3f20
282f
4050
9f90
f800
88f8
8084
fc04
0101
7d05
0911
21c3
0008
10a0
4020
100c
003f
2020
3f20
203f
00f0
1010
f010
10f0
4848
fe48
7911
fe92
5050
9090
1294
9890
92fe
1010
fe10
1010
9090
9090
9090
929e
4187
5127
4597
f527
08d0
0ac4
48d2
5ec8
b1b7
2100
3f20
203f
1ada
0800
f808
08f8
01ff
84b8
0040
2300
00fe
427a
0040
f840
8047
1010
1320
2047
40fc
0040
f840
40fc
1022
27f9
007e
427e
404c
7040
423e
0040
427e
4242
4600
4482
4c70
4042
3e00
4422
007b
4a4a
5352
6253
00fc
4444
fc44
44fc
484f
4949
7141
4147
00fe
0044
2810
c806
040f
1021
4204
0931
00c0
8040
2010
0826
c905
7f05
0911
21c1
4000
fc40
2010
0806
00ff
0404
7f44
447f
00fe
4040
fc44
44fc
0101
ff03
0509
31c1
0000
fe80
4020
1806
1020
4088
5023
224a
f888
88f8
00de
5252
fb28
23a8
a8a8
a122
de20
fe20
70a8
2422
003f
0c03
0cf0
007e
00f0
6080
601c
00fc
2418
e601
ff05
1961
4830
ce00
fe40
300c
2023
5149
8177
2123
c808
0808
2aaa
2a2a
f325
25b5
a139
c101
8848
0814
1424
2242
007f
08ff
087f
497f
1010
1090
7e12
1212
497f
087f
08ff
4884
1212
2222
4c00
8442
007f
0202
ff02
027f
00f0
1010
fe10
10f0
0408
1f28
c808
0f08
1000
f808
0808
f808
08ff
081f
013f
011f
20fe
20f0
00f8
00f0
111f
111f
017f
2444
10f0
10f0
00fc
8844
7000
00f8
0000
f800
8282
9292
9292
9292
00f8
0000
f888
89fa
9292
9292
9292
0202
007e
1212
ff12
127e
4444
28fe
1010
10fe
1020
3e62
a222
3e22
1010
10fe
1010
1010
00ff
8181
3f01
3f21
00fe
0202
f800
f808
3f21
3f01
01ff
0101
f808
f800
00fe
0000
007f
0909
ff09
097f
003e
2222
a424
2828
1020
7fa1
2121
3f21
2422
2222
222c
2020
0808
7f08
0808
ff00
1010
9010
1010
d814
087f
0808
080f
f800
1290
1010
10d0
1010
1010
fe12
1222
c601
007c
4444
447c
0000
ff01
061c
6485
0e30
fe00
8850
2090
0e00
003e
0000
7f08
082a
007c
4444
4848
5048
2a2a
2a4a
4a88
0808
4442
4242
4458
4040
1017
1021
2261
60a1
1ce0
8010
2048
841c
2f20
2022
2224
2820
e242
4050
4844
4440
0811
1028
286b
6ca8
00fe
2020
fc84
84fc
2828
2829
2e20
2023
84fc
8484
fc48
8402
00ff
2222
2222
ff22
0282
2222
2222
a222
2222
2222
2222
4282
2222
2222
2222
0206
003f
2020
2020
2020
00f8
0808
0808
0808
3f04
0404
0810
20c0
f840
4040
4042
423e
00ff
007e
4342
7e40
4040
7e84
4428
1068
4380
bf20
2020
3f20
8600
f808
0808
f808
0101
3f01
0101
ff00
0000
f800
0000
fe00
0101
3f01
0101
01ff
0000
f800
0000
00fe
00fc
1011
1010
fc13
2020
20fc
2020
20fe
1010
101d
30c0
0007
0020
20fc
2020
20fe
00ff
2424
24ff
2424
0222
2222
2222
2222
4485
013f
0101
01ff
2206
00f8
0000
00fe
1010
fe10
7e10
1cf3
00fe
2222
2242
8c00
0101
ff02
0408
30c0
0000
fe80
4020
1806
00ff
2222
2222
ff22
0484
0810
2004
8408
2222
2222
2242
4282
1020
4202
0408
1060
1027
2041
8810
1023
00f8
0810
a040
a018
2c60
a027
2020
202f
4640
40fc
4040
40fe
01ff
013f
2121
3f21
00fe
00f8
0808
f808
213f
0008
4848
4887
08f8
0080
4844
12f2
017f
447f
447f
407f
00fe
40fc
44fc
00fe
4a4a
5344
4f52
819e
9248
fc00
f810
e01c
087e
083c
08fe
083f
20fc
2078
20fe
20f8
001f
003f
0049
488f
08f8
08f8
0088
24e0
06f8
1010
fe10
107c
20fc
8484
fc84
84fc
4444
7c00
0948
488f
8484
fc00
0482
12f0
2023
22fb
2223
2021
00fc
04fc
04fc
8000
39e2
2529
2121
2160
fe02
22c2
0212
f204
2021
23f9
2121
2121
8810
fe10
fc10
fc10
39e0
2720
2021
226c
fe00
f890
9e02
020c
24ff
2400
407e
8202
4040
407e
8404
4444
7a4a
4a4a
7a42
020c
4828
2810
1028
4482
001f
101f
101f
01ff
00f0
10f0
10f0
00fe
001f
101f
0105
0933
00f0
10f0
0040
2018
1010
11fc
1010
3338
2020
fc20
2020
fe00
5450
9011
1010
1013
2020
20fc
2020
20fe
0047
2004
0280
4007
1ce0
0484
4800
40fc
2020
2f40
4041
828c
4040
fea0
a010
0806
0000
fe92
9292
92ff
1010
10fe
1010
10fe
9292
9292
fe80
0003
0010
10fe
1010
10fe
0cf0
1310
11fe
1131
4c40
fea0
3e00
18e0
3955
5091
1111
1111
02fe
00fc
04fc
04fc
0000
ff02
0428
1009
0018
e000
0040
8008
0602
ff01
0911
21c1
047e
8200
1008
0402
1021
4088
5020
204b
00fc
0488
5020
d806
f824
21a8
a8a8
a023
2020
fc20
2020
20fe
1022
428a
5222
224a
0010
9252
5410
fe10
fa22
22aa
aaaa
a322
3834
5292
1000
fe00
10ff
527e
52fe
10ff
7848
4a8e
00fc
0448
527e
0912
7f01
1961
30ce
0010
f804
300c
007f
4444
7f00
043f
00fc
4444
fc00
1090
047f
0004
3f04
057e
10d8
1412
9010
d010
08ff
0800
1f04
0201
20fe
2000
f020
4080
0678
0101
3f01
017f
601c
0000
f800
00fc
0808
ff08
00ff
2424
2020
fe20
0404
4444
24ff
2424
2444
4484
4444
4444
0404
041c
1209
09ff
8081
013f
1010
20fe
0202
00f8
2121
3f21
0101
7f00
0808
f800
08fc
0202
7000
00fc
0003
f800
2020
2020
20fe
2020
f800
00f8
8888
f888
2020
2020
2020
2020
7c00
00fe
0000
7c00
8080
8cf0
8082
7e00
7c00
007c
4444
7c44
fc84
84fc
8484
fc84
28fe
28fe
8232
3601
407e
88a8
1028
c600
3f00
1f03
001f
101f
fc00
80f0
00f0
10f0
1010
fe10
fe92
92fe
00fc
0444
4828
1028
9292
fe10
fe10
1011
4492
10fe
1010
10fe
00fe
0264
1408
1422
00fe
1020
fc84
84fc
c808
7e08
080e
f106
84fc
8484
fc48
8402
06f8
0092
4a00
10fe
40fc
84fc
84fc
80fe
1010
fe10
2a2a
4480
80fe
022a
aaaa
820c
0808
ff08
0800
3f00
2020
fe20
2000
f800
00ff
0204
0408
7f00
00fe
0020
1078
8404
0146
2424
0404
e424
803e
2222
2222
2222
2424
272c
2020
508f
22a2
2e20
2020
00fe
203c
4488
10fe
9292
1010
fe00
00fe
8282
fe92
92fe
00aa
aaaa
82fe
1010
5452
9230
080f
087f
485f
484f
0282
12d2
5292
1292
405f
4246
5b46
5a86
12d2
1292
1292
4206
1010
ff10
7e42
427e
2028
2420
20fe
2020
4242
7e10
ff10
1011
2424
2810
1028
4a84
10fe
10fe
92fe
10fe
784a
8e00
7c28
10ee
103f
017f
01ff
0107
00f8
00fc
00fe
0000
4224
0f08
8f48
0f02
1010
90be
a4c4
8424
222f
2447
4444
888b
2494
1888
8894
9422
0078
494a
5051
6151
20a8
2422
20fc
04fc
4949
4970
4142
4440
0404
fc20
2824
2260
2020
2122
f820
6171
80bc
0000
8080
3e08
aba3
a521
2121
2121
0808
0808
0808
0818
1213
2424
6a61
a224
0484
be94
947e
0444
202f
2020
2122
2428
40fe
40e0
5048
4442
0808
101f
2141
8101
0000
00fe
0404
0810
0102
0204
0810
20c0
0080
4040
2010
0806
4020
0700
8040
0000
8080
f888
8888
8888
2f20
2041
4142
8498
fe80
c020
1008
0402
422f
020f
0283
4e00
00be
0a8a
12a2
0c40
2221
204f
4041
828c
8810
a4fe
4250
4846
0101
ff80
8000
0300
0000
fe02
0200
e020
0808
0810
1020
4080
2020
1010
1008
0402
1020
408b
5020
2148
2020
20fe
2020
fc00
fc25
21a9
a9a9
a121
00fc
0404
0404
fc04
0102
0204
3f24
2424
0000
0000
f848
4848
2424
2424
2424
ff00
4848
4848
4848
fe00
7800
00fd
0000
7800
4040
40fc
4444
4444
7b00
0078
4949
7a44
fe40
a0a0
1008
0402
000f
0808
080f
0808
00f0
1010
10f0
1010
080f
0808
1010
2040
10f0
1010
1010
1070
0809
1112
2324
6860
2020
2020
fc20
2020
a0af
2020
2020
2020
20fe
2020
2020
2020
0810
1122
2568
60a7
40a0
1008
f442
40fc
2424
2720
2020
2126
4444
fc40
a0a0
100c
1012
242b
4061
afa1
4050
88f4
a010
fe10
2225
2921
2121
2120
08f4
1210
3002
02fe
0810
1d24
2564
69a8
2020
fc24
fe24
fc20
2e22
322b
2424
2b30
fc20
20fe
2020
00fe
0804
ff04
7f04
04ff
4080
fe80
f888
88fe
0404
7f04
0c14
24c4
8888
f880
c0a0
908c
0121
1109
7f02
04ff
0008
1020
fc80
40fe
0810
2fc2
0204
0830
2010
e826
2020
20c0
0814
2241
be08
087f
0222
2222
a222
2222
4949
7f08
0814
22c1
2222
2222
0202
0286
0000
f794
9594
9191
4040
fe02
fa02
f808
9191
f181
8101
000f
08f8
0808
f808
00fe
007f
4945
5f42
447f
00fe
2242
f282
42fa
4857
6047
4447
407f
22d2
4ac2
12f2
02fe
00fe
90fe
8282
fe90
00fc
0444
4828
1028
90fe
0101
3f01
01ff
c600
0000
f800
00fe
2120
2720
fb28
484b
0890
fe90
fc94
94fe
4850
b310
2942
8400
9494
fc90
9894
9290
00f9
0810
1320
2079
20fc
2424
fe24
24fc
8809
482b
1028
4681
20fc
20fe
2020
00fe
01ff
81bf
813f
01ff
00fe
02fa
02f8
00fe
007f
447f
0049
488f
00fc
44fc
0084
12f0
003e
a2ba
aea2
be80
06f8
10a4
4830
24fe
ff10
5454
0148
488f
1254
9210
0084
12f0
1109
3f01
027f
0418
1020
f800
80fc
4030
27c1
1f01
7f01
0106
c806
f000
fc00
0000
2021
22f5
2021
2731
4050
48f4
a010
fe10
e225
2921
2121
2160
08f4
1210
3004
04fc
0000
0000
0000
0000
0101
0101
0101
0101
0000
0000
0000
0000
0101
0101
0101
0101
fa61
0201
311b
7f7f
1611
1f1f
150b
1f1f
0909
0000
0737
0f0f
5c00
8000
0000
0200
fa01
0402
0016
2d13
1c1b
1f1f
1d07
1f1f
060b
0606
1000
0f0f
7200
8000
0000
0200
fa01
0141
0116
1e16
1c13
171b
1d0c
1f1f
060d
0909
1000
0f0f
7200
8000
0000
0200
fa51
6104
021e
2825
1b59
5659
4d04
1f0f
1f00
0080
0516
0358
0a00
8000
0000
0200
f501
0140
2117
2427
2417
1d1d
1b09
0c0b
0c07
0505
05f6
19e9
0900
8000
0000
0200
fa61
0201
311b
7f7f
1611
1f1f
150b
1f1f
0909
0000
0737
0f0f
5c00
8000
0000
0200
fa01
0165
4119
292c
1919
1012
1108
1f1f
070b
0c46
1000
0f0f
7200
8000
0000
0200
fc41
3151
3116
1d1a
2c1f
1c1a
1703
0302
1f08
0800
0016
19f9
0900
8000
0000
0200
fa01
0161
4115
2918
1919
1716
1508
1f1f
070b
0c06
1000
0f0f
7f00
8000
0000
0200
f833
0101
011a
1a1b
1e10
1a13
1b0f
1f1f
1f00
0000
0033
0305
0b00
8000
0000
0200
f038
3a63
610f
1c18
1c4b
968c
960d
0c0b
0401
0701
0627
4425
2500
8000
0000
0200
fa62
615f
3128
1230
1a5d
5d5a
5a04
1f0f
1f02
068f
0816
03a8
0a00
8000
0000
0200
f501
6130
0116
282a
250d
1f1f
1f09
0c06
1f07
0800
05ff
19e9
0900
8000
0000
0200
fa61
0201
311d
307f
171f
1f1f
1505
1f1f
0902
0000
0437
0f0f
2c00
8000
0000
0200
fa0f
6051
3130
1a1a
1c5f
5f5f
5f08
0808
0503
0303
0436
1616
2a00
8000
0000
0200
fc41
3151
3116
1d1c
211f
1c1a
1703
0302
1f08
0800
0016
19f9
0900
8000
0000
0200
fa01
0161
4115
2918
1719
1716
1508
1f1f
070b
0c06
1000
0f0f
7f00
8000
0000
0200
f831
0101
0113
201b
1d1a
1a18
1b0f
1f1f
1f00
0000
003f
0f0f
0f00
8000
0000
0200
fa01
0102
1122
3228
184c
0f1f
5005
1f0f
1f00
0080
00ff
0fff
0f00
8000
0000
0200
f065
010a
0126
2026
170e
100e
140c
0708
054c
0604
08a6
a6a6
a500
8000
0000
0200
f013
4102
011a
1838
1b10
1f1f
1006
040b
1f00
0000
0015
050a
0a00
8000
0000
0200
f833
0101
0118
251c
1d0e
1c14
1a0f
1f1f
1f00
0000
0033
0305
0b00
8000
0000
0200
fdc1
2110
6112
2138
218d
154f
5209
0e08
0304
0000
0018
2818
2800
8000
0000
0200
f440
4000
0018
7f1b
7f0c
0e57
5607
070d
0d03
0200
0005
1605
0600
8000
0000
0200
fa31
3135
3119
1c26
1c0e
0d5f
1209
0b11
1f00
0080
0029
18cf
0a00
8000
0000
0200
fa31
3132
3116
2541
1c4e
0e0f
5209
1f1f
1f00
0080
0018
080f
0900
8000
0000
0200
f4c1
c1c1
c110
1620
200d
1010
1008
0802
0500
0000
0038
3818
2800
8000
0000
0200
fd01
3101
311d
3b20
200d
0e10
0f1f
1f1f
1f0b
0000
0007
0809
0800
8000
0000
0200
dc00
c000
4011
1120
2008
0b10
1001
031f
0800
0000
0014
1405
1500
8000
0000
0200
fdc1
c2c1
c118
2526
234c
500f
120b
010f
0201
0000
0028
2a29
1900
8000
0000
0200
fa01
0101
011c
2a30
1a14
1f1f
191f
1f1f
1f00
0000
000a
0f0f
0a00
8000
0000
0200
fdc1
c3c1
c10b
7f7f
1a50
5852
590f
0202
0204
0000
0017
1909
1900
8000
0000
0200
0000
0000
0000
0000
0101
0101
0101
0101
0000
0000
0000
0000
0101
0101
0101
0101
2020
20f9
2221
7068
2050
8804
02fc
2020
a3a2
2223
2020
2023
fe22
22fe
2050
8806
1010
1112
fc11
3031
8080
fe20
40fe
8810
5b55
9111
1111
1111
fe10
fe10
fe10
fe00
01ff
120c
ff82
843f
00fe
2040
fe02
22f0
0111
3f41
01ff
0101
1000
f800
00fe
0000
0101
0101
01ff
0103
0020
1008
00fe
0000
0204
0408
0810
20c0
8040
4020
2010
0806
1010
ff10
10fe
aaaa
1014
1210
fe10
1010
aafe
9292
fe92
9286
1010
2828
2844
4482
00fe
1010
1020
217e
00fe
4848
4848
fe48
62a2
2222
223e
2201
4848
4848
4888
8808
00fd
2121
2141
417d
00fc
0404
fc04
04fc
a5a5
a524
243c
2106
0404
fc50
5090
121e
1020
4488
5020
244e
00fe
8282
fe00
fe82
f210
1054
5494
9410
82fe
8282
fe82
8286
001f
1010
9f90
9f90
00f0
1010
f010
f010
909f
80ff
0109
31c1
10f0
00fe
0020
1806
00ff
003f
203f
2027
00fe
00fc
04fc
00fc
2427
2427
2444
4484
04fc
04fc
0404
041c
001f
1010
1f10
101f
00f8
0808
f808
08f8
1010
1f04
0408
30c0
0808
f840
4040
423e
e201
0ff1
0107
f101
1020
fe20
20fc
2424
0ff1
0107
f193
95f9
fe24
24fc
2030
2824
00fe
90fc
84fc
90fe
00fe
0244
2810
28c6
003f
203f
203f
0870
00f8
08f8
08f8
201c
10fe
1010
fe92
92fe
00fe
1010
1010
10fe
9292
fe10
10fe
1010
1010
1010
1010
1010
0047
2427
000f
e027
40fc
44fc
40fe
00fc
2427
2427
2427
508f
04fc
00fc
04fc
00fe
2027
5189
0274
2721
1010
7c14
7e14
7c10
f125
b5b2
2235
c800
7c10
107e
1010
807e
0078
4849
4a50
6051
2050
8804
fa20
20fc
4949
4948
7040
4043
2424
fc20
2050
8806
00fe
8282
fe82
82fe
00fe
2020
fc84
84fc
0028
aaaa
6c28
3ee0
84fc
8484
fc00
4482
007f
4848
7e48
487e
1028
4482
7c10
10fe
4848
7e02
52aa
a20c
9292
fe10
2828
4482
1010
1e10
ff82
92c6
3048
4884
0278
00ee
aa92
aac6
9282
fe81
aaaa
ee44
44aa
8810
003f
0000
0000
ff04
00f8
0000
0000
fe40
0404
0404
0808
30c0
4040
4040
4042
423e
007f
4041
4f48
484f
00fe
8000
f808
08f8
4848
4f40
4444
8891
0808
f880
9090
8888
1108
7f40
5f44
447f
0890
fe00
a020
3ea4
515f
515f
515f
b181
4404
2428
1018
24c2
0408
0810
10a1
4222
00fe
0202
0202
0202
1414
0812
1127
f800
0202
0202
0202
8498
00f8
080b
0878
4241
2020
20fe
2040
8404
80f8
8808
0808
0b70
8850
2040
848e
f202
4020
0f08
884b
0808
1610
fe10
10d0
1010
2b2a
2a4a
4b48
8890
d050
484a
cc08
1462
402f
0808
0b8a
4a0b
00fe
4080
fc04
04fc
2a2a
2b48
4949
9294
0404
fc40
4848
44c4
0101
01ff
0408
5030
0000
00fe
0000
0020
0804
0302
0408
7f00
4080
0008
043c
c202
00fd
1111
1111
7d11
00fc
0404
fc04
04fc
1111
1116
38c0
0106
0404
fc50
5090
121e
1020
408b
5020
48fc
2020
20fe
0040
4888
2520
a8a8
a8a1
2320
1090
6048
841e
e200
1010
7c45
5454
5444
2020
20fe
0020
2044
5ef4
5454
5484
850c
c828
1020
485c
e202
001f
0000
ff00
001f
00f0
0000
fe00
00f0
001f
0000
3f20
203f
00f0
0000
f808
08f8
7803
00fc
0001
7b02
20fe
8850
6884
fe08
7a02
027a
4a4a
7a44
30c4
1820
c20c
30c0
0079
4949
4951
6151
00fc
0404
fc04
04fc
4949
4949
7141
4147
0000
4428
1008
6482
007f
0101
2111
0901
38c0
0000
0810
2000
ff01
0101
0101
010e
fe00
0000
0000
0000
0813
1222
2263
62a2
00fe
0222
22fe
2222
2222
2222
2222
2322
fa8a
8a8a
fa02
fe02
0101
01ff
0101
0101
0000
00fe
0000
0000
3f20
2020
2020
3f20
f808
0808
0808
f808
0003
f090
9291
9191
0cf0
2020
2424
2828
9097
90f0
9000
0000
20fe
2020
2020
20c0
007f
4141
5f41
4141
00fe
0202
f202
0202
4f48
4848
4f40
7f40
e222
2222
e202
fe02
1010
1020
fd24
2444
2020
2020
fe20
2020
4849
a929
1129
4581
20fc
0404
0404
fc04
00fb
0a12
2222
2222
1ce8
0848
4848
4848
3ae2
2222
2224
2568
4848
4844
4454
f212
00ff
0000
0000
007f
00f8
0808
0808
08f8
4040
4040
4040
403f
0800
0000
0202
02fc
017f
405f
404f
4848
00fe
80fc
80f8
8888
4f48
484f
405f
8080
f888
88f8
80fc
8080
00f3
1212
1272
4242
1ce8
0848
4848
4848
82f2
9212
1212
1564
4848
4844
4474
9202
00ff
0000
003f
2020
00fe
0000
00fc
0404
203f
2020
2040
4080
04fc
0400
0000
0000
1010
10fe
1011
1010
8080
80fe
8808
0888
7c44
4444
4444
7c03
9050
5020
2050
8806
1010
10fd
1010
3038
2020
20fe
2020
2020
5455
9111
1111
1111
20fc
0404
0404
fc04
4222
020f
8242
0202
003e
22a2
2222
3e22
2f28
2848
484f
8080
a2a2
bea2
a2a2
4246
0088
5322
5292
1212
001c
e808
4848
4848
3252
9212
1214
25c8
4848
4844
5474
9202
2121
a9b1
27f9
2121
001e
1212
d21e
1212
6177
aca4
a724
2020
12de
5252
d212
2246
2020
23f8
0911
1220
4040
fe90
0804
f200
6bb0
2820
2120
2020
fe40
80fc
0404
0438
007c
4444
447c
4546
00f8
8888
8a8a
0e00
457c
4444
4444
848d
fc04
8888
5020
508e
0808
0808
ff08
0808
007e
4242
427e
4242
7e42
4242
427e
4001
427e
4242
4282
8206
04ff
0400
f80b
1222
40fe
4000
1ce8
4848
223a
e222
2224
2960
4848
4848
4454
f212
0203
027f
4242
5f42
00f8
00fe
0204
f000
4241
4044
4444
8890
08f8
0020
2020
223e
7000
07f8
0101
f200
4040
fe90
0804
f200
f300
00f0
9190
f090
fe40
80fc
0404
0438
00f8
8b88
89f9
2220
4040
fe90
0804
f200
a3b8
a0a0
a1b8
c000
fe40
80fc
0404
0438
1028
2844
8378
1010
2020
2020
fe20
2020
fc11
9555
111d
e101
20fc
0404
0404
fc04
00ff
007f
4040
7f42
00fe
00fc
0404
fc10
444f
584f
484f
888f
20fe
40fc
40fc
40fe
00ff
007f
4141
7f52
007e
1010
7e42
427e
547f
545f
545f
949f
4242
7e42
427e
2442
10fe
1110
fc00
01fc
2020
fe20
2020
fc04
8484
fc00
4848
1ee1
8488
4850
2030
4886
0000
7f01
0101
013f
0000
fc00
0000
00f8
0202
0202
0404
ff00
0808
0808
0808
fe00
007f
0404
0407
0408
00fc
0000
00f0
1010
0808
0f08
0000
00ff
1010
f020
2020
20fe
1017
1020
2040
67a1
00fc
8080
8080
f808
a121
2121
2121
2f20
0808
0808
0808
fe00
0404
081f
2141
0101
0000
00f8
0000
0000
ff01
0101
0101
0101
fe00
0000
0000
0000
0007
2424
2427
2020
00f8
0808
08f8
0000
3f00
00ff
0008
1060
f808
08fe
0020
100c
007f
0202
3f02
0404
00fc
0000
f010
1010
ff00
3f20
2020
3f20
fe00
f808
0808
f808
1010
11fd
2525
2545
007c
4444
447c
0000
4549
a813
1824
4481
fc04
04fe
0048
8402
1020
4389
0810
2760
4080
1020
c48e
f280
a121
2225
2820
212e
00f8
0810
a060
900e
2428
4f92
1222
2f62
0000
de12
1212
d212
62ab
2a2a
2b3e
2020
1292
1212
d610
1010
2023
20a8
aba8
a0a0
00fc
4040
f888
8888
a720
2023
2222
2322
fe00
00fc
0404
fc04
2023
2020
fb20
6070
00fc
4040
f888
8888
aba0
a023
2222
2322
fe00
00fc
0404
fc04
2020
2122
f520
6272
6090
0844
fa90
6494
aaa3
a027
2424
2524
04fc
40fe
4292
f206
01f9
2121
2721
f921
001e
1212
d21e
1212
2724
2437
c400
0000
d25e
52d2
5212
2246
08ff
080f
080f
08ff
20fe
20e0
20e0
20fe
102f
4488
1f28
c80f
10e8
0402
f010
10f0
7001
00fc
0100
f800
00fc
2020
fc44
4444
fb00
00f8
8888
f888
fe00
00fc
8484
84fc
f000
00fc
0202
fa02
00fc
8484
84fc
0000
fb02
00fb
8888
f98a
fc04
04fe
0088
0402
7003
00fd
0301
f901
88fe
a8fe
20fc
20fc
01f9
0003
f988
88fb
20fe
00fc
0890
609e
00fc
5050
fd94
94b4
809e
9292
d29e
9292
dd85
fd85
85fd
8500
d25e
5252
52d2
2246
0808
103f
4080
3f00
0000
00fc
0000
e040
0106
1820
4020
1f00
8000
0000
0202
fc00
203d
4991
7d55
557d
00fc
2424
fc24
24fc
5554
7c01
54aa
a803
2420
20fc
2020
20fe
0101
ff00
0810
2048
0000
fe00
2010
0824
8402
0102
0408
30c0
4480
0080
4020
1806
1010
1027
2041
62a4
4040
40fe
0010
0804
a921
2020
2021
222c
1010
a040
a010
0806
1013
2020
6f61
a2a3
00f8
0808
fe00
00fc
2420
2f20
2021
222c
4040
fe40
a010
0806
1011
2028
6b68
a8a9
00fc
0404
fe00
80fc
2a28
2b28
2828
2126
2020
fe20
5088
0402
1010
2720
204f
61a1
4040
fc40
40fe
1010
a027
2020
2f20
2020
a0fc
4040
fe40
4040
0121
1109
0901
ff04
0008
0810
2000
fe40
0404
0408
0810
20c0
4040
4040
4040
423e
0004
0408
1020
4181
e020
1010
0808
0402
0202
0404
087f
0000
0000
1008
7c84
0400
0000
fc10
1310
1010
4040
4040
fe42
4242
1010
101d
e102
0418
4282
8202
0202
0418
1010
ff00
2442
8104
2020
2020
fe22
2222
4444
2810
2844
8102
2222
2242
4282
020c
0808
101f
2044
8404
0000
00fc
0404
0404
0808
1011
7e00
0000
0484
44e4
2404
0830
007f
404f
484f
484f
00fe
00f8
08f8
08f8
404f
4040
5f40
8083
00f8
3040
fc80
8080
0000
3f20
2020
2020
0000
f808
0808
0808
2020
2020
203f
2000
0808
0808
08f8
0800
0102
047f
4040
404f
0000
00fe
0202
02f2
4848
4848
4f48
4040
1212
1212
f212
020e
0000
0000
0000
0000
0101
0101
0101
0101
0000
0000
0000
0000
0101
0101
0101
0101
f843
3131
311c
1b21
1c10
1a13
1b0f
1f1f
1f00
0000
0033
0305
0b00
8000
0000
0200
f93b
3131
3222
2205
1b1f
1f1f
1911
0b11
1f13
0000
004c
0313
0500
8000
0000
0200
fb31
3531
3106
0a13
1d1f
1f1f
1f13
151f
1f00
1100
0043
3303
0500
8000
0000
0200
f833
0101
011a
1a1b
1c10
1a13
1b0f
1f1f
1f00
0000
0033
0305
0b00
8000
0000
0200
fc61
3131
611e
1b1e
1e4c
4a91
1103
0e01
0101
0801
0127
4728
2800
8000
0000
0200
fa01
0102
0118
1c0c
1a10
0e1f
1407
0c13
1f07
0040
0056
59f9
0900
8000
0000
0200
f501
0101
0116
3246
1d1f
1f1f
1f0e
0c0b
1f07
0000
00f6
19e9
0900
8000
0000
0200
fc41
4101
1114
091e
1e4d
4d4d
4d0d
0d0d
0d00
0000
0027
0a48
4800
8000
0000
0200
f430
6031
6115
131e
240e
1f11
0d06
0205
0302
0003
0323
4345
4500
8000
0000
0200
fc31
3e61
611b
2f1c
1c4b
968c
960d
0c0b
0401
0801
0127
4425
2500
8000
0000
0200
fa61
0201
3119
7f7f
161f
1f1f
150b
1f1f
0909
0000
0737
0f0f
2c00
8000
0000
0200
fa01
0102
1122
3228
174c
0f1f
5005
1f0f
1f00
0080
00f8
08f8
0900
8000
0000
0200
f013
4102
011a
1838
1b10
1f1f
1006
040b
1f00
0000
0015
050a
0a00
8000
0000
0200
e042
4048
4117
1141
1a9c
575c
1204
0208
0442
0004
0023
123b
2b00
8000
0000
0200
fa30
3044
311d
2130
1b10
1010
101f
1f1f
1f00
0040
0009
0909
0900
8000
0000
0200
f4c1
0101
c10b
1521
214e
4e52
4d0c
171f
1f00
0000
0016
1006
0700
8000
0000
0200
fa51
6108
021c
2829
1c5d
5d5d
5004
1f0f
1f00
0080
0016
0358
0a00
8000
0000
0200
f063
2132
3116
1532
1e10
1f1f
1006
040b
1f00
0000
0015
050a
0a00
8000
0000
0200
fb13
0662
c116
2621
1d14
100e
141f
161f
1f00
0000
0006
4709
0b00
8000
0000
0200
fa31
3132
311c
2640
1b50
0e10
521f
1f1f
1f00
0080
0008
0808
0900
8000
0000
0200
fa01
0102
1122
3228
184c
0f1f
5005
1f0f
1f00
0080
00f8
08f8
0900
8000
0000
0200
fa01
0102
1122
3824
180f
0f90
111f
1f0e
1f00
0080
0008
f8f8
0800
8000
0000
0200
c101
0101
017f
7f7f
181f
1f1f
1f1f
1f1f
1f00
0000
00ff
ffff
ff00
8000
0000
0200
c101
0101
017f
7f7f
181f
1f1f
1f1f
1f1f
1f00
0000
00ff
ffff
ff00
8000
0000
0200
c101
0101
017f
7f7f
181f
1f1f
1f1f
1f1f
1f00
0000
00ff
ffff
ff00
8000
0000
0200
c101
0101
017f
7f7f
181f
1f1f
1f1f
1f1f
1f00
0000
00ff
ffff
ff00
8000
0000
0200
c101
0101
017f
7f7f
181f
1f1f
1f1f
1f1f
1f00
0000
00ff
ffff
ff00
8000
0000
0200
c101
0101
017f
7f7f
181f
1f1f
1f1f
1f1f
1f00
0000
00ff
ffff
ff00
8000
0000
0200
c101
0101
017f
7f7f
181f
1f1f
1f1f
1f1f
1f00
0000
00ff
ffff
ff00
8000
0000
0200
c101
0101
017f
7f7f
181f
1f1f
1f1f
1f1f
1f00
0000
00ff
ffff
ff00
8000
0000
0200
c101
0101
017f
7f7f
181f
1f1f
1f1f
1f1f
1f00
0000
00ff
ffff
ff00
8000
0000
0200
c101
0101
017f
7f7f
181f
1f1f
1f1f
1f1f
1f00
0000
00ff
ffff
ff00
8000
0000
0200
0000
0000
0000
0000
0101
0101
0101
0101
0000
0000
0000
0000
0101
0101
0101
0101
0000
3f20
203f
2020
0038
c000
00fe
0000
2f28
2828
2848
4f88
f808
0808
0808
f808
0202
e4a4
a9ac
b4b4
00f8
0808
fe00
80fc
a5a4
e584
0404
0405
2020
fe20
5048
8402
2020
2023
f820
2020
2020
20fe
0000
f888
2020
3821
c102
0418
8888
8808
080a
0a0e
0020
2322
22fb
2222
001c
e000
00fe
0000
2222
2a32
c404
0810
00fc
8484
8484
fc84
2021
2020
fc24
2444
00fc
0408
0830
2020
4748
c828
1028
4480
fe20
2020
2020
20e0
007f
0102
0c08
0808
4040
4040
4040
4040
0ff8
0808
0808
0838
4040
4040
4042
423e
0202
3f02
02ff
0102
0004
e810
20fe
8000
0f10
6080
3f00
0003
f020
c080
fe80
8080
0101
ff80
8202
ff04
0000
fe02
0200
fe00
0408
0811
2142
8f00
0080
8008
043e
c200
0000
7f01
0101
0101
0000
fc00
0000
0000
0101
0101
0101
ff00
0000
0000
0000
fe00
0007
00fe
1010
1010
00fe
4040
4080
80fe
1110
1638
c000
0000
0202
0202
0202
0438
0404
7f04
04ff
0408
4040
fc40
40fe
4020
1f28
488f
0808
0807
f028
26e0
0004
04fc
0101
3f01
01ff
0808
0000
f800
00fe
2020
087f
0101
3f01
0101
20fc
0000
f800
0000
0000
7f40
4040
4040
8080
fe00
0080
8080
4141
4242
4444
9f80
0000
0008
043e
c202
017f
4040
4f40
405f
00fe
8080
f888
88fe
4040
4f41
8282
8418
8888
f840
2010
0806
017f
404f
4040
5f40
00fe
80f8
8888
fe88
404f
4050
4842
4499
88f8
82c4
a890
8886
00fc
0404
043c
2020
0808
1010
1010
2020
407c
4404
0404
0b70
2040
4844
849e
e202
2027
20a8
abaa
aaa2
00fe
0000
fc04
0404
a322
2222
2320
202f
fc04
0404
fc00
00fe
2023
20a8
a8ab
a9a9
88fe
88a8
20fe
0000
a020
2020
2020
2122
fc00
a8a8
a8aa
2a2e
2020
23f8
2020
2024
2020
fe00
00f8
8888
38e0
2020
2021
2166
8888
8888
880a
0a0e
2020
21f9
2224
2021
8080
00fe
0202
02f2
39e1
2121
2120
2060
1212
12f2
1202
020c
2020
27fc
2420
2121
4040
fe92
9290
1012
3ae0
2320
2020
2067
1e00
f840
4040
40fe
0000
00fc
1111
1210
8080
80fe
0808
0888
1010
1638
c000
0106
8850
5020
6090
0806
003f
203f
2020
3f00
00f8
08f8
0808
f800
0e70
4040
4658
e000
00fc
8484
8484
9880
007f
407f
407f
0121
00fc
04fc
04fc
0008
1109
ff04
0408
30c0
1020
fe40
4042
423e
00ff
013f
2121
3f21
00fe
00f8
0808
f808
213f
010d
0205
18e0
08f8
0000
0080
601e
1010
1013
fc10
3131
4040
40fe
0000
f010
5955
5191
9112
1214
1010
1010
1010
121e
1010
1013
fc10
1132
2020
20fe
0088
048a
3058
5490
1010
1013
8888
5020
2050
8806
1013
1010
fd11
3139
00fe
2020
fc24
24fc
5551
9190
1110
1116
2424
fc40
4080
700e
2020
23f8
2320
6370
8888
fe88
fe88
fe20
a9a1
2121
2321
2121
fc24
fc24
fe04
040c
0040
2700
0080
4000
0000
fc40
4040
4040
1010
1020
2020
404f
4040
4040
4040
40fe
4121
0101
8741
0101
1010
1010
fc10
1010
2121
2f40
4142
8488
1010
fe00
1008
0402
0444
2407
0890
401f
4040
40fc
4040
40fe
2020
2744
4444
8784
0000
fc04
0404
fc04
4121
0701
018f
4102
1010
fc10
10fe
1008
2528
2043
4242
8281
f412
10f0
0000
04fc
4121
0f01
8741
0f00
1010
fe10
fc10
fe40
2724
2744
4f44
8484
fc44
fc44
fe04
040c
007f
4141
417f
4141
00fc
0404
04fc
0404
417f
4101
0101
0101
04fc
0400
0000
0000
043f
2020
3f20
203f
00f8
0808
f808
08f8
00ff
0101
7f01
01ff
00fe
0000
fc00
00fe
00fb
2020
2322
427b
00fe
2020
fe22
22fe
4aca
4b49
4878
0007
2222
fe20
c040
b00e
08f3
2021
21f9
2120
20fe
00fc
0404
fc00
6372
aaa2
2222
2222
fe02
fa8a
8afa
0206
2020
abaa
22fa
2262
2020
fe00
20fc
24fe
72aa
aaa2
2224
2920
24fc
22b4
28a4
2260
1020
4388
5020
2048
0000
fe20
2020
2020
f828
20a8
a8a8
a023
2020
2020
2020
20fe
1020
4088
5320
44fc
4040
4040
fe40
4090
2420
a9a9
aaa2
2420
90a0
2028
4444
fa00
1020
4388
5021
2248
2020
fe00
8804
0288
f820
20a8
a8a8
a023
8890
5020
2050
8806
1023
428a
5222
438a
00fe
028a
8a52
fe02
fa2a
22aa
aaaa
2222
2222
aaaa
aafa
0206
1010
fe11
107c
1010
4848
48fe
4848
4848
fe11
3058
9410
1112
48fe
4848
8888
0808
0404
3f04
04ff
0204
0810
e040
80fe
0000
0f18
284f
8800
0001
f800
00f8
0808
08f0
0111
1111
ff00
1f10
00f0
0000
fe00
f010
101f
1010
1f10
1010
10f0
1010
f010
1070
0078
4848
4b78
4848
4040
4040
fe40
4090
4878
4849
494a
8a98
90a0
a028
4444
fa02
0078
4b4a
4a78
4848
2020
fe02
0230
9088
497a
4848
4848
889b
0402
f820
2020
20fe
01ff
101f
00ff
909f
00fe
10f0
00fe
12f2
003f
203f
203f
2020
00f8
08f8
08f8
0838
1020
7d44
5454
5444
2020
fe00
0078
4848
fe44
5454
5444
448d
4848
4848
484a
8a0e
08ff
0801
ff20
201f
20fe
2000
fe00
00f8
0011
1111
1111
21c1
0010
1010
1012
121e
1020
4088
0810
1320
00fc
0000
0000
fe10
60a0
2020
2020
2020
1010
1010
1010
1070
2223
4450
9725
2547
00de
4080
c05e
44c4
65a5
2721
2f21
222c
4444
c404
e404
846c
0078
0300
ff00
7b00
8888
fe88
fe88
fe20
7901
0179
4b49
7949
fc24
fc24
fe04
040c
003f
0101
ff00
1f10
00f8
0000
fe00
f010
1f10
1f10
101f
0870
f010
f010
10f0
201c
00f8
8b88
8bf8
8b88
8888
fe88
fe88
fe20
f989
8989
fb21
5189
fc24
fc24
fe04
040c
0808
ff00
2241
8002
003e
a222
2224
a824
2222
1408
1422
c100
2222
2222
2c20
2020
00fe
2828
29fe
aaaa
22fa
2428
fe20
40fc
abce
8282
fe82
82fe
0408
10fe
1010
1030
1028
4581
7d11
11fd
1010
fe00
0008
0810
1115
9555
511d
e202
1010
2024
424e
f200
00fc
2021
2141
4179
2020
20fe
0000
1010
c9c9
494a
4a7a
4508
1020
2028
445e
e200
2053
8a02
fa22
23fa
00fe
028a
8a52
fe22
22aa
aaaa
aa22
3ae2
22aa
aaaa
aafa
0206
007c
447c
447d
4244
007e
427e
427e
8242
4857
404f
4848
4f40
22d2
02e2
2222
e20e
0078
4849
5250
6057
407c
8488
5020
d806
4849
4848
7340
4040
10fc
9090
fe10
1010
0007
00f8
2322
2223
00fe
4080
fc04
04fc
2223
223a
c300
0106
04fc
0404
fc90
0806
007f
0101
ff05
0911
38c0
0000
fe40
2010
619f
1010
1f10
101f
0cf2
1010
f010
10f0
01ff
001f
1010
1f00
00fe
00f0
1010
f000
7f40
4f48
484f
4040
fc04
e424
24e4
040c
4020
003e
0888
4808
20fc
8484
fc84
84fc
084e
7840
4082
8480
80fe
80fe
02aa
aa06
00ff
80a2
a294
ff88
0282
9292
9292
9292
88aa
aaaa
aabe
8081
9292
9292
9282
8286
1010
107e
1010
10ff
2020
2020
20fe
2222
1020
2024
4ef2
0102
2242
4242
8282
0418
001f
1010
101f
00ff
00f0
1010
10f0
00fe
0404
0f10
0000
0001
0000
f010
1010
20c0
0102
0408
1020
409f
0080
4020
1008
04f2
0000
3f20
2020
203f
0000
f808
0808
08f8
2027
2023
f227
2425
40fe
00f8
08fe
02fa
2023
38c1
0600
0700
40c4
a830
5894
1260
2020
23f8
2027
2038
4040
f448
50fe
4080
e122
2c21
2120
2060
b8c0
80fc
0404
0418
4027
0003
824f
080b
40fe
00f8
08fe
02fa
2023
2041
4640
8780
40c4
a830
5098
1660
01ff
001f
10ff
80bf
00fe
00f0
10fe
02f2
0609
3204
0932
0439
0008
90a0
c0a0
900c
017f
013f
213f
21ff
00fc
00f8
08f8
08fe
11fe
547c
54fe
1010
10fe
547c
54fe
1010
10fe
1054
ba10
3855
4040
fe82
02aa
22fa
903c
44a9
1028
c601
2272
aa22
222c
00fe
0101
ff01
013f
2020
0000
fe00
00f8
0808
2020
3f04
0408
30c0
0808
f840
4040
423e
0808
08ff
0850
2214
0222
22a2
2222
2222
0811
22c4
0814
22c1
2222
2222
2202
0286
0111
111f
2141
01ff
0000
00f8
0000
00fe
0000
3f20
2020
203f
0000
f808
0808
08f8
007f
4040
5f41
414f
00fe
0202
fa02
02f2
4141
415f
4040
7f40
0222
12fa
0202
fe02
1010
fe10
7c00
ff82
00f8
8888
8a8a
0e00
7c10
fe10
3854
9011
fc04
8488
5020
508e
00fe
2828
feab
aaaa
1090
90fe
9010
10fe
aace
8282
fe82
82fe
0000
fe82
8282
fe82
1050
507c
9010
fe10
1020
fc84
fc84
fc80
1000
7c44
4445
7d44
fe80
fe02
a252
520c
003f
2121
3f21
213f
00f8
0808
f808
08f8
0101
3f01
01ff
2442
0000
f800
00fe
4422
9057
206f
9010
1730
1094
1290
7e10
9010
3750
9017
1414
27c4
9028
28a8
a4c4
c282
4020
0f09
894f
0929
4040
fe20
20fc
2424
2f2a
4a4b
5292
9326
fc20
20ac
3020
a23e
007b
4848
4b7a
4a4b
00fe
5050
fe52
52fe
7848
4f48
4948
889b
2040
fe88
8870
c804
0c24
2241
ff49
6b49
00fe
20a0
203c
4464
7f00
3e22
3e22
3e22
5454
544c
4474
c406
0808
1f22
4408
3001
0000
fc44
4444
8404
0678
0108
4848
8807
3800
0884
8212
10f0
2021
21b2
aca9
a2a0
8000
fc94
9424
4484
2720
2125
2525
2920
1800
4024
2202
08f8
001f
1011
11ff
809f
00f0
10f0
10fe
02f2
1010
1f10
1f10
1010
1010
f010
f010
1030
0088
5023
5292
1232
4040
80fc
0404
0404
5392
1212
1213
22c0
fc04
0404
04fc
0400
0380
4020
0000
00e0
c040
4040
4040
40a0
2021
2224
2020
508f
a010
0804
0200
00fe
0000
0000
0000
0000
0101
0101
0101
0101
0000
0000
0000
0000
0101
0101
0101
0101
fc61
3131
611e
1b1e
1e4c
4a91
1103
0e01
0101
0801
0127
4728
2800
8000
0000
0200
fa01
0163
0125
281a
1a1f
0b08
0c00
0000
0000
0000
0010
285a
2b00
8000
0000
0200
fa31
6131
6119
1b19
1b5c
5a91
1506
0605
0708
0808
0cc7
c7c8
c800
8000
0000
0200
fc31
6031
611f
201f
1f51
1f0f
8a04
0304
0507
0204
0525
1525
0600
8000
0000
0200
fc01
6103
631f
1f2c
1b48
4849
4802
0202
0204
0405
0585
8485
8600
8000
0000
0200
fc32
6132
021a
181d
1d1f
1f0e
0e0c
070c
0c02
0204
0412
1215
1500
8000
0000
0200
fc32
6132
0218
181c
1c1f
1f1c
1c0c
0710
1002
0404
0412
1216
1700
8000
0000
0200
fa12
5604
0418
241d
1c5f
5d5d
4a0b
1f1f
1f00
0000
0005
0405
0600
8000
0000
0200
fc32
6132
011c
181e
1e1f
1f14
1402
0206
0602
0206
0612
1216
1600
8000
0000
0200
fc32
6132
011a
181b
1b1f
1f14
140c
0c0c
0c04
040a
0a12
1216
1600
8000
0000
0200
fa42
2664
341b
2723
1c5d
5d5d
4a1f
1f1f
1f00
0000
0005
0405
0600
8000
0000
0200
fa42
0634
341e
2518
1b5d
5d5d
4b1f
1f1f
1f00
0000
0002
0303
0600
8000
0000
0200
fb62
1634
3413
2724
1c5f
5d5d
4a0b
1f1f
1f00
0000
0025
0405
0600
8000
0000
0200
fa50
4142
0125
251b
1a5e
5e5f
4d01
0101
0200
0000
0015
1515
0600
8000
0000
0200
fb75
4132
011c
242a
170c
0c10
0e04
0804
0a04
0406
0612
1215
1500
8000
0000
0200
fc32
6132
011a
181b
1b1f
1f0e
0e0c
0c10
1004
0406
0612
1215
1500
8000
0000
0200
fa32
6221
0124
2414
1850
1818
9602
0202
0403
0204
0412
1212
1400
8000
0000
0200
fc32
6132
0218
1c1c
1c1f
1f0d
0d0c
0710
1002
0404
0412
1216
1600
8000
0000
0200
f140
4145
4016
2016
185e
1e5f
0c04
0c0c
0502
0200
0026
1774
0600
8000
0000
0200
f240
4005
401d
2220
195e
105f
0b04
0508
0500
0000
0016
1678
0600
8000
0000
0200
fa32
6221
011e
241c
1d50
1818
9002
0202
0403
0204
0412
1212
1500
8000
0000
0200
fc32
6132
021e
201e
1e1f
1f0c
0c0a
0a0e
0e02
0404
0412
1215
1500
8000
0000
0200
fc32
6132
021d
1420
201f
1f0b
0b07
071f
1f00
0000
0012
1305
0500
8000
0000
0200
fc32
6131
011e
181e
1e14
1812
1404
0406
0602
0406
0812
1216
1600
8000
0000
0200
fc42
0142
3214
0d1e
1f1f
1f0b
0a07
071f
1f00
0000
0012
1305
0500
8000
0000
0200
fc32
6333
011e
201d
1f14
1412
1204
040a
0a02
0408
0812
1217
1600
8000
0000
0200
fa32
6221
011c
2424
1a58
1818
9002
0202
0403
0204
0412
1212
1500
8000
0000
0200
fb74
4132
0124
2c2a
1b18
1818
1404
0404
0402
0202
0212
1212
1500
8000
0000
0200
f312
0301
0119
1b13
1b1f
141f
1505
0b0f
0a00
0607
0012
2232
0600
8000
0000
0200
fc61
3161
331d
151f
1f1f
1f0c
0c07
071f
1f00
0000
0015
1506
0700
8000
0000
0200
fa62
343c
321b
221f
151b
191c
8b05
0b11
0a00
0650
0017
068d
0600
8000
0000
0200
fa01
0163
0125
2416
1a1f
1f11
0f00
0000
0000
0000
0010
285a
2b00
8000
0000
0200
0000
0000
0000
0000
0101
0101
0101
0101
0000
0000
0000
0000
0101
0101
0101
0101
0404
0424
2427
2424
4040
4040
4244
4870
2424
2424
252e
f000
4040
4040
4242
3e00
4047
4040
4b72
4243
00fe
2040
fc04
04fc
4243
424a
7b00
0106
04fc
0404
fc90
0806
0102
0408
1020
cf00
0080
4020
1008
e600
007f
0000
0000
0003
00f8
0810
1020
4080
007f
4041
415f
4143
00fe
0202
02fa
0202
4345
4951
6140
7f40
8242
2212
0a02
fe02
2020
2023
fa22
2223
2020
20fe
2222
22fe
2222
3ae3
0200
0000
2222
22fe
2220
2020
18e0
1448
f028
4894
00fc
84fc
84fc
a094
2444
1801
7f01
01ff
88b4
c200
fc00
00fe
2021
2121
f949
4949
0cf0
2020
fc10
0ac6
4e49
5131
1129
4581
00fc
0404
fc04
04fc
2021
21a9
a9a9
a9a9
00fc
0404
fc04
04fc
a121
2121
2121
2127
0002
4428
1048
8402
18e0
1448
f028
4894
00fc
84fc
84fc
9294
2444
1900
0848
4887
88e4
8200
8442
12f0
003f
2020
3f20
202e
38c0
8080
fe80
4020
f000
1f10
1f10
1f10
120e
f808
f808
f808
003f
2020
3f20
203f
00f8
0808
f808
08f8
0020
203e
2020
2ef0
0084
98e0
8080
827e
2023
22fa
2322
6273
00f8
0808
f808
08f8
aaaa
2222
2222
232c
0880
4428
1068
8402
2023
2222
fa22
6272
00fe
0222
22fa
2272
aaa2
a223
2222
2322
aaaa
aa26
2202
fe02
402f
0808
8f48
080f
00fc
0404
fc04
04fc
2024
2447
4444
879c
0020
26b8
2020
a23e
0000
3fa0
6027
2467
8080
fe00
00f8
08f8
a427
2424
4444
878c
08f8
4044
28d0
0806
1020
408b
5020
244e
8888
88fe
8888
8888
f210
1054
5492
9210
f888
8888
8888
f888
001f
1010
1f10
101f
00f8
0808
f808
08f8
1111
1010
1013
1c60
0008
90a0
4020
1806
0000
7b02
0203
fe22
2040
fe22
22fe
2222
2340
487c
c401
0106
fea0
a8aa
ae20
223e
0808
484f
4848
484f
4040
4c70
4040
4042
f000
001f
0000
00ff
3e00
00f0
0000
00fe
0810
1020
2f60
61a1
4040
4080
fe80
0000
a225
2820
2020
2027
00fc
2020
2020
20fe
007f
0012
1108
0804
00f8
0810
1020
2040
0402
0102
0418
e000
4080
0080
6018
0600
0000
f197
9090
9196
4088
04fc
9290
121e
9090
f182
0400
000f
80f8
0888
5020
d806
0120
2320
a8a9
a8a8
0488
fe20
20fc
2020
aba8
a8f9
8102
0408
fe80
807c
1010
10fe
0202
02ff
0404
0408
0000
00fe
0000
0000
0b10
2040
8000
1f00
fc40
4040
4040
fe00
0804
7f01
013f
0101
2040
fc00
00f8
0000
ff08
0817
2040
800f
fe00
00fc
4040
40fe
0101
ff09
1121
5f90
0000
fe20
1008
f412
101f
1010
1f10
10ff
10f0
1010
f010
10fe
4020
0002
8244
0408
4040
4048
4442
4040
2020
2140
4040
818e
4444
c810
2040
8000
01f8
2720
2023
f820
0890
fc40
40f8
4040
2720
213a
e408
0003
fe80
00f8
2020
20fe
00fc
1011
1121
217a
2020
2024
2422
2220
48c8
4848
4878
4803
2464
0808
1020
c000
7101
01f9
0102
f800
0000
00fe
4040
407c
00f8
0000
f888
88f8
4040
407e
4040
4040
1029
4480
017d
1111
2024
a820
fc04
04fc
fd11
5555
5511
1ce3
0404
fc04
04fc
8806
2012
8244
0010
214e
4048
4442
c830
c000
01ff
020c
34c4
073c
00fe
8088
5020
9806
0111
1121
2151
4981
0010
1010
2824
4240
0101
3f01
0101
01ff
0000
f800
0000
00fe
0000
7f40
4444
444a
8080
fe00
8888
8894
5040
404f
4040
809f
a280
80f8
8080
80fe
2020
2222
fa22
2534
4040
4848
4848
54d4
e820
2720
2020
206f
6240
fc40
4040
40fe
0817
1023
206f
60a3
40fc
40f8
40fe
00f8
2223
2223
2223
2126
08f8
08f8
08f8
100c
0a12
1320
2162
67aa
2222
fe00
1020
fe20
2223
2222
2322
2223
20fe
2020
fe20
20fe
00ff
0101
3f21
213f
00fe
0000
f808
08f8
2121
21ff
2020
2020
0808
08fe
0808
0838
003f
203f
203f
00ff
00f8
08f8
08f8
00fe
223e
223e
222e
f202
00fc
0444
2810
28c6
0808
087f
0808
ff00
4048
4444
4040
fe40
007e
4242
427e
4003
4424
2810
102a
c602
01ff
8084
bf04
3f04
00fe
0242
fa40
f840
ff08
1121
df01
017f
fe20
1008
f600
00fc
01ff
013f
017f
013f
00fe
00f8
08fc
08f8
0204
ff08
1c03
0678
0800
fe20
20c0
3008
0101
ff81
813f
0808
0000
fe02
02f8
2020
04ff
0101
7f01
0101
40fe
0000
fc00
0000
037c
0048
4921
0208
0002
0488
3000
0204
08ff
081c
2a49
8808
08b0
0002
0408
b000
0000
00ff
0000
0000
8080
80fe
8090
a0c0
0001
0204
0830
c003
8080
8080
8080
8080
2023
20fa
2221
2038
06f8
0044
4808
1040
e02f
2020
2122
2468
40fe
40e0
5048
4442
0808
7f08
08ff
0008
4048
4444
40fe
4040
7f08
181c
2a49
0809
2424
2810
102a
4682
0111
1111
ff00
007f
00f8
0000
fe50
48fe
405f
4455
5544
8c81
4044
2428
1030
4a86
4020
0f02
8140
010e
4040
fe08
b040
b00e
2223
2243
4244
8498
08f8
08f8
0808
0808
1021
42c6
2110
0001
8408
1030
0884
0000
2121
1111
0204
18e0
0408
1000
8040
300e
001f
2022
4180
0101
38c0
1008
0400
0000
ff01
0305
0931
c101
fe00
8040
2018
0600
003f
203f
202e
202e
00fc
04fc
00bc
80bc
2024
2748
405f
8000
0080
f880
80fe
8080
0000
f823
2020
4041
4040
40f8
488a
8a26
7ac8
4b48
4878
4800
2020
fe20
2020
2020
0848
4f48
484b
fc00
404c
7040
4042
3e00
00ff
0408
1f28
480f
00fe
0000
fc04
04fc
001f
112a
44a8
1027
001e
8244
2810
08e4
c000
7f01
0911
2143
0200
fc00
2010
0804
01ff
0804
031c
e020
00fe
2040
8070
0e08
3f20
3f21
2545
4983
f808
f808
4848
2808
1020
438a
5222
224a
0000
fe22
2222
2222
fb22
22aa
aaaa
a322
fe22
2222
2222
fe02
08ff
0800
3f00
2412
20fe
20f0
0008
1020
01ff
0103
0509
31c1
00fe
0080
4020
1806
1010
fe10
10ff
0010
4048
4444
40fe
4040
ff10
2254
a824
3261
2424
2810
102a
4a86
087f
08ff
08ff
087f
2824
20fe
20a0
2024
497f
497f
08ff
0808
2428
2810
10b0
4a86
01f1
9295
a8a5
a295
00de
4468
9028
04fa
9890
97e0
8182
8c80
0000
fe40
5048
44c0
0808
ff22
1408
36c1
0202
a222
2222
22a2
417f
4141
7f41
8181
2222
2222
0202
020e
0202
04ff
0808
1030
0000
00fe
0040
4040
5097
1010
1010
1017
40fc
4040
4040
40fe
1010
1010
fd10
1030
0808
0808
fe08
0818
3854
5091
1210
1010
2848
8808
0808
0838
007f
4444
7f00
04fc
00fc
4444
fc00
407e
047c
0404
fc08
0830
407c
4040
7e40
4040
007c
4444
7d44
4444
0808
0808
fe08
0818
7c44
4444
7d28
4482
1828
4888
0808
0838
0047
2222
0202
2f20
00fc
1010
1010
fe10
2040
4041
8698
0000
3050
9010
1010
1070
2023
2222
fa23
2222
00fe
0000
00fc
0404
2222
3ac2
0404
0813
8488
4850
2030
c806
007d
4545
4951
5149
00fe
0000
00fc
0404
4945
4559
4242
4449
4448
2810
1028
4482
2023
2222
fb22
2223
00fc
4444
fc44
44fc
2021
3ac4
0901
0204
9008
9492
1010
1010
2023
2020
f827
2171
0888
3e2a
2aea
3e2a
69a5
a525
2529
2921
2a6a
7e48
4848
4808
300e
010e
7102
ff08
1860
8060
1800
fe00
1f28
4f88
0f08
0808
f010
f010
f010
1030
0100
f88b
8888
8888
0484
88fe
2020
2020
8f88
88f8
8801
020c
fe20
5050
8808
0402
0020
2320
a8ab
a8ab
2020
fe50
8806
00fe
a8a9
a9a9
a9f9
8000
04e4
2424
24e4
041c
1010
1310
fc13
1013
2020
fe50
8806
00fe
1011
1de1
0101
0000
04e4
2424
24e4
041c
00fc
1310
2023
407b
2020
fc50
8806
00fe
c849
4949
4979
4900
04e4
2424
24e4
041c
7c44
7d10
5c51
fc3f
7cc8
3048
fc4a
78f0
223f
203f
203f
4a89
10f0
00fe
00fc
442c
0810
1021
2162
64a8
8080
8000
fe40
4040
2020
2020
2020
2020
7e40
4040
7e40
4040
8849
2a08
7f41
417f
8222
2222
2222
2222
4141
7f41
4141
4143
2222
2222
2202
020e
0000
01f9
8a8a
8c88
8080
00fe
4040
407c
8888
88f8
8000
0000
4040
407c
4040
4040
2023
22f8
2122
2021
20fe
5290
121e
80fe
3ae4
2020
2020
2060
4040
7c40
407e
4040
0101
f989
8a8a
8cf8
0000
00fe
4040
407c
8888
8888
f800
0000
4040
407e
4040
4040
4222
04ff
0808
4949
007c
4444
447c
4444
497f
4808
1010
2142
447c
4444
8484
040c
2023
2222
fa22
2277
009c
9494
9494
94fe
6aaa
a222
2424
2821
9494
9494
94a4
a48c
01ff
8488
3204
0f12
00fe
828a
f800
fe00
22c3
0202
0302
0202
00f0
0000
fc00
0000
407c
9009
01ff
0101
407e
9008
00fe
0000
7f41
4345
0911
21c1
fc04
844c
2010
0806
017f
0101
ff82
940c
00fc
0000
fe02
2240
0203
047f
0111
2141
8010
7884
0410
0804
1028
4441
807c
1013
0088
88fe
8888
88fe
7c11
5555
5511
1de1
00fc
0404
fc04
04fc
2022
21f9
2120
6070
0242
2224
2408
4040
afa0
2121
2220
2027
fe88
0888
5030
c804
1020
3c48
907c
5554
2020
fc20
2020
fe00
7c54
547d
00aa
a8a3
2020
20fc
2020
20fe
203e
4889
0022
22ff
407c
9010
0020
20fe
2222
2223
2020
203f
2020
20e0
0000
00fc
007f
417f
417f
4100
2020
2020
2638
2020
ff08
084f
4848
a89f
a022
2222
3e00
00fe
007f
4444
4444
4444
00fc
4444
4444
4444
ff44
4444
4444
4444
fe44
4444
4444
444c
007f
4040
7f42
425f
02d2
5252
d212
12d2
5252
5252
5252
8282
5252
5252
42c2
020e
0000
0000
0000
0000
0101
0101
0101
0101
0000
0000
0000
0000
0101
0101
0101
0101
f262
343e
3214
2e0b
1d1c
191f
8c05
0b0f
0a00
0607
0046
0c3f
0600
8000
0000
0200
fa60
3050
0017
0833
1c89
5b89
4b1f
1f09
0300
0000
0013
06f5
0600
8000
0000
0200
f212
040e
0207
2210
1b1c
191f
8c05
0b0f
0a00
0607
0016
0c3f
0600
8000
0000
0200
fa00
4010
3013
231f
1d9f
5b89
4b09
1f09
0300
0000
0013
06f5
0600
8000
0000
0200
fd31
3032
3118
2222
221f
0e0e
0e07
1f1f
1f00
0000
0013
0606
0600
8000
0000
0200
fc41
0141
0415
0f1f
1f1a
1a0c
0c05
051f
1f00
0000
0011
1106
0600
8000
0000
0200
fc01
4101
4315
0c21
211f
1f0c
0c07
071f
1f00
0000
0015
1506
0700
8000
0000
0200
fa61
c165
511e
2517
1d54
5c59
4b02
0306
0400
0000
0015
1638
0600
8000
0000
0200
f240
4005
4019
2321
1e5e
105f
0b04
0508
0500
0000
0016
1678
0600
8000
0000
0200
fc02
4302
4315
0e20
211f
1f0c
0c07
071f
1f00
0000
0015
1505
0500
8000
0000
0200
fc32
6232
021c
121c
1c1f
1f0f
0f0c
0710
1002
0406
0612
1216
1600
8000
0000
0200
fc31
3131
310d
0c1d
1d1b
1f1f
5f18
1f0d
1015
0000
005f
3ff8
f600
8000
0000
0200
c101
0101
017f
7f7f
181f
1f1f
1f1f
1f1f
1f00
0000
00ff
ffff
ff00
8000
0000
0200
c101
0101
017f
7f7f
181f
1f1f
1f1f
1f1f
1f00
0000
00ff
ffff
ff00
8000
0000
0200
c101
0101
017f
7f7f
181f
1f1f
1f1f
1f1f
1f00
0000
00ff
ffff
ff00
8000
0000
0200
c101
0101
017f
7f7f
181f
1f1f
1f1f
1f1f
1f00
0000
00ff
ffff
ff00
8000
0000
0200
c101
0101
017f
7f7f
181f
1f1f
1f1f
1f1f
1f00
0000
00ff
ffff
ff00
8000
0000
0200
c101
0101
017f
7f7f
181f
1f1f
1f1f
1f1f
1f00
0000
00ff
ffff
ff00
8000
0000
0200
c101
0101
017f
7f7f
181f
1f1f
1f1f
1f1f
1f00
0000
00ff
ffff
ff00
8000
0000
0200
c101
0101
017f
7f7f
181f
1f1f
1f1f
1f1f
1f00
0000
00ff
ffff
ff00
8000
0000
0200
c101
0101
017f
7f7f
181f
1f1f
1f1f
1f1f
1f00
0000
00ff
ffff
ff00
8000
0000
0200
c101
0101
017f
7f7f
181f
1f1f
1f1f
1f1f
1f00
0000
00ff
ffff
ff00
8000
0000
0200
c101
0101
017f
7f7f
181f
1f1f
1f1f
1f1f
1f00
0000
00ff
ffff
ff00
8000
0000
0200
c101
0101
017f
7f7f
181f
1f1f
1f1f
1f1f
1f00
0000
00ff
ffff
ff00
8000
0000
0200
c101
0101
017f
7f7f
181f
1f1f
1f1f
1f1f
1f00
0000
00ff
ffff
ff00
8000
0000
0200
c101
0101
017f
7f7f
181f
1f1f
1f1f
1f1f
1f00
0000
00ff
ffff
ff00
8000
0000
0200
c101
0101
017f
7f7f
181f
1f1f
1f1f
1f1f
1f00
0000
00ff
ffff
ff00
8000
0000
0200
c101
0101
017f
7f7f
181f
1f1f
1f1f
1f1f
1f00
0000
00ff
ffff
ff00
8000
0000
0200
c101
0101
017f
7f7f
181f
1f1f
1f1f
1f1f
1f00
0000
00ff
ffff
ff00
8000
0000
0200
c101
0101
017f
7f7f
181f
1f1f
1f1f
1f1f
1f00
0000
00ff
ffff
ff00
8000
0000
0200
c101
0101
017f
7f7f
181f
1f1f
1f1f
1f1f
1f00
0000
00ff
ffff
ff00
8000
0000
0200
c101
0101
017f
7f7f
181f
1f1f
1f1f
1f1f
1f00
0000
00ff
ffff
ff00
8000
0000
0200
0000
0000
0000
0000
0101
0101
0101
0101
0000
0000
0000
0000
0101
0101
0101
0101
01ff
809e
324a
a418
00fe
02fa
0850
20d8
20cf
007f
0119
6103
06e0
00fc
0030
0c00
2122
2224
fa22
2120
2448
4890
4848
2480
38e1
2224
2020
2067
fc04
0488
5020
c000
2027
24f7
2427
202f
00fc
04fc
04fc
00fe
3467
a427
2424
2f60
40de
42d2
54c8
5462
2023
22f9
2122
2520
20fe
0200
ce22
5488
39e2
2c23
2021
2660
04fa
00fe
202c
2260
1010
10fe
1010
3038
4040
4040
4040
4040
5452
9010
1010
1010
4040
4040
4042
423e
4428
1028
4480
1112
00f0
9090
9092
1e00
fd10
3038
5490
1013
f808
8890
5020
d806
08ff
0800
7948
4853
40fe
4020
fc88
88fe
6252
4a4a
4a52
4444
0090
fe10
fe10
10fe
2020
f828
294a
8e10
4848
90fe
9090
fc90
10fc
1030
3854
9010
9090
fc90
9090
fe80
0102
3f20
3f20
3f00
0000
f808
f808
f800
7d01
7d01
ff01
0101
7c00
7c00
fe00
0000
207d
8810
fe93
92fe
20fe
20fc
20fe
00fc
9292
fe00
aaaa
aa80
84fc
84fc
8484
848c
2027
2424
fc24
2722
0282
9292
9292
9212
3ae3
2222
2424
2861
12d2
5252
4242
8206
1010
2944
807c
1310
2020
fc20
f820
fe00
fd11
9555
111d
e101
fc24
24fc
0404
040c
1020
784b
907c
5556
2020
20fe
0088
048a
7c54
547c
0054
a9aa
8850
5020
5088
0402
0000
3f24
2424
2424
0000
f848
4848
4848
2424
2424
2424
ff00
4848
4848
4848
fe00
00f7
9090
9093
f292
00fe
9090
90fc
9494
9292
93f2
8282
0302
9494
1c04
0404
fc04
0000
3f00
0000
001f
0000
f800
0000
00f0
0000
0000
00ff
0000
0000
0000
00fe
0000
0102
0c31
c911
2945
0080
6018
0610
2844
1129
4501
ff01
0101
1028
4400
fe00
0000
0204
087f
0102
ff08
0010
f804
0400
fe20
1122
4498
031c
000f
1008
4482
1020
c000
0101
0101
4141
4141
0000
0000
0404
0404
4141
4141
4141
7f40
0404
0404
0404
fc04
2020
20ab
a8a8
aba8
4088
84fe
2240
fe90
a32c
2023
2021
2023
0826
c812
6488
30c0
2424
242f
f424
2f20
8888
88d0
9ea4
d414
37e4
2724
2724
2465
9494
9494
8888
94a2
2424
ff24
24ff
007e
4040
407e
4444
8404
427e
427e
4242
4246
4828
2810
1028
4482
2020
20fb
2020
6370
4442
7cc0
4078
c040
a8a3
2020
2020
2126
7cc0
2428
3050
8a06
2121
212b
aab5
a0a3
00bc
04c4
5448
9422
2421
2730
4843
8400
4050
fc40
f048
4640
00fb
2222
2222
fa27
009c
9494
9494
94fe
2222
222a
34c4
0801
9494
9494
94a4
a48c
017f
0808
047f
4048
00fc
2020
40fe
0080
484f
5060
4f40
809f
80f8
8080
f880
80fc
207e
9108
3f20
3f20
40fe
2010
f808
f808
3f20
3f08
ff08
1060
f808
f820
fe20
2020
103e
481f
101f
101f
407e
88f0
10f0
10f0
04ff
1423
cf01
0d31
00fe
9028
f610
4030
00ff
0101
7f02
0409
00fe
0000
fc80
4020
3fd1
111f
1101
017f
f816
10f0
0008
fe02
7903
01fb
0102
7a05
08de
08de
0894
22fc
7901
0179
4949
784b
04fc
04fc
04fc
8806
107c
10fe
1028
c43f
107c
10fe
1028
46f8
203f
203f
203f
0870
08f8
08f8
08f8
201c
00fe
2828
feaa
aaaa
1024
22fe
2848
4a8e
aec2
82fe
8282
fe82
207c
4488
2810
28c6
1c10
7c84
4932
cc31
f808
d020
5884
6018
df10
1f10
1f10
1e70
e620
e020
e088
503e
1010
fe10
fe92
92fe
06f8
8080
8080
fe88
9292
fe10
ff10
1112
8888
8888
8888
0808
10fe
10fe
92fe
92fe
0678
4040
7e44
4444
10fe
103f
203f
203f
8484
00f8
08f8
08f8
00fc
2023
203c
2544
4c40
4ef0
4058
e040
446b
9888
1010
2041
4ef0
2224
1810
6a86
0808
1010
202f
6060
4040
4040
40fe
4040
a020
2020
2020
2720
4040
4040
4040
fc00
1013
1020
2020
4060
00fc
0408
3020
2020
a720
2020
2020
2020
fe20
2020
2020
20e0
1017
1020
2760
60a3
00fe
0202
f202
02e2
2222
2222
2322
2020
2222
2222
e222
0206
1010
2f20
6067
a424
4040
fe40
40fc
4444
2427
2023
2021
222c
44fc
4080
c020
1806
0808
ff08
087f
4949
0202
a222
2222
2222
494b
182c
4a89
0808
2222
2222
2202
0206
00ff
0000
3f00
001f
00fc
0404
e404
04c4
1010
1010
1f10
0000
4444
4444
c444
041c
0101
017f
4141
417f
0000
00fc
0404
04fc
4101
120a
040a
31c0
0400
0000
0000
807e
00fd
84fc
0000
feaa
00fc
0404
f404
04f4
aaaa
feaa
aaaa
a286
9494
94f4
9404
040c
0000
00ff
8888
8888
0000
00fe
4242
4242
8890
e080
80ff
0000
4242
3e02
02fe
0000
0101
0101
0101
ff01
0000
0000
0000
fe00
0101
0101
0101
013f
0000
0000
0000
00fc
2020
20fc
4848
4b48
2020
4048
849e
e200
48c9
5131
1129
4581
00fc
0404
0404
fc04
2020
2320
fc24
4545
2020
fe20
2020
fc24
45c9
2911
1925
4080
2424
2424
242c
2020
c223
0408
2142
8c01
00fc
8488
8060
1e00
02ff
0418
0601
0678
00fe
1010
20c0
3008
003f
0000
0003
0101
00f8
2040
8000
0000
ff01
0101
0101
0106
fe00
0000
0000
0000
007f
4040
7f40
407f
00fc
0404
fc00
00fe
4447
4849
5582
8438
20a0
ac30
2022
223e
0101
ff01
0101
3f21
0000
fe00
0000
f808
2121
2121
2121
0101
0808
0808
0818
0000
2043
f888
8889
f981
00fe
2020
20fc
2424
81f9
8989
89f9
8080
2424
2424
242c
2020
0101
ff01
0101
017f
0000
fe00
0000
00fc
0009
4848
4848
4887
0000
8844
0412
12f0
003f
2121
213f
2121
00f8
0808
08f8
0808
213f
0024
2424
4483
08f8
0084
4242
08f8
1111
11fd
1111
1014
0000
1ce0
0002
fe00
1831
d111
1111
1131
00fc
0404
fc04
04fc
0101
ff01
0101
3f00
0000
fe00
0000
f810
0808
0402
0102
0c70
1020
4080
8040
300c
00fc
0408
1111
1a14
4040
8080
fe08
8888
30d0
1010
1010
1136
9050
5020
5088
0402
2222
ff22
223e
2222
0c70
4040
407e
4848
3e22
22ff
2442
8100
4848
4848
8888
0808
2020
21f9
4244
4078
8080
00fe
0010
909e
484b
4848
4848
8898
f292
9294
9090
827e
2020
3f20
2020
1f00
0038
c000
0404
fc00
001f
1010
1f10
101f
00f0
1010
f010
10f0
1010
1310
fc10
1130
2020
fe20
2020
fc04
3854
5090
1010
1013
8488
8850
2050
8806
0101
0101
2121
2121
0000
0000
0000
00fc
2121
2121
2121
21ff
0000
0000
0000
00fe
00ff
1010
1e22
2242
00fe
4040
4040
404c
a214
0c08
0810
20c0
7040
4040
4040
423e
0000
3f20
2020
203f
007c
8080
8080
80fe
2020
2020
2021
2ef0
8040
4020
2092
0a06
8851
2227
5494
1714
007e
0888
beaa
aa2a
3457
9414
1417
24c4
2aaa
aaaa
aaaa
0808
1010
10fc
0409
0911
2020
2020
2020
3e20
3159
9511
1111
1117
2020
2020
2020
20fe
0cf0
1010
10fe
1030
0010
1010
2020
2040
3058
5490
1111
1710
4040
8884
041e
e202
0001
2214
0804
0302
8000
1020
4080
1008
047f
0109
0911
6101
7c82
0220
1008
0400
1021
4189
5121
2149
0cf0
1010
1010
fe10
f921
21a9
a9a9
a320
1010
0808
086a
8602
1050
5c50
505c
e102
808c
f080
827e
0020
1408
057f
0109
1161
4088
38c4
0420
1008
0078
484b
4878
4948
2020
20fe
2020
fc04
4878
4848
4848
889b
8888
9050
2050
8806
007c
4444
447c
4444
8080
8cf0
8082
7e00
447c
4444
4444
848c
00fe
8282
fe82
82fe
00ff
0202
0408
3f00
00fe
0010
0838
c404
0101
3f01
0101
01ff
0000
f800
0000
00fe
1011
11fd
0505
0911
00fc
0404
fc04
04fc
3955
9110
1010
1116
0404
fc50
5090
121e
7803
00fc
0100
7801
00fe
0202
f202
02f2
7901
0179
4948
7848
1212
1212
f202
020e
7000
01f8
0000
fb00
2020
fc20
2020
fe08
00fb
0001
f888
88f8
08fe
0808
8888
0818
7000
00fb
0000
fb00
1412
10fe
1010
f090
00f8
0000
f88b
88f8
9090
9090
c80a
0602
7000
00fb
0000
f801
2020
20fe
2020
20fc
00f8
0000
f989
89fa
0020
1452
4240
427e
7002
01f8
0000
f901
2020
3e42
1410
1028
02f8
0001
f989
89f9
4482
00fc
0404
04fc
4121
0208
31c6
003f
00fc
44a4
100e
00f8
203f
203f
203f
0870
08f8
08f8
08f8
201c
00f9
8989
89f9
8989
00fc
0404
fc04
04fc
f888
898a
f823
5089
40fe
2a4a
9222
4498
0424
2424
a4a4
a7bc
2424
48fe
4848
487e
a4a4
a4a4
a4bd
e700
4848
487e
4848
487e
1029
4492
117c
447d
00fe
0202
fa02
02f2
4545
7d41
4944
5ee2
1212
12f2
0202
020e
0111
1111
ff00
5149
00f0
0000
fe00
1424
415f
4549
5141
407f
04f4
4424
1404
04fc
0101
ff01
3f21
3f01
0000
fe00
f808
f800
7f01
ff01
7f01
0107
fc04
fe04
fc00
0000
0812
1222
2262
62a2
0004
0444
4424
2424
a222
2222
2326
2820
0404
4888
1424
4282
1010
2720
2040
6fa0
4040
fc40
4040
fe08
a0a7
2021
2020
2020
08fe
0808
8808
0838
0027
2424
2427
2424
00f8
0808
08f8
0808
2427
2008
0810
20c0
08f8
8080
8082
827e
0101
ff80
801f
0000
0000
fe02
02f0
2040
0001
ff01
0101
0107
8000
fe00
0000
0000
0101
3f01
0101
ff00
0000
f800
0000
fe20
007f
0010
0804
0000
20fc
2020
2020
20e0
1008
ff08
1022
1408
1020
fe10
2044
2810
1022
7e00
4848
488f
2044
fc00
8044
12f2
2020
21f8
2020
2320
2020
fc20
2020
fe08
38e3
2021
2020
2060
08fe
0808
8888
0838
0000
f988
8888
8bf8
2020
fc20
2020
fe08
888b
8889
f888
0000
08fe
0808
8888
0838
0000
0000
0000
0000
0101
0101
0101
0101
0000
0000
0000
0000
0101
0101
0101
0101
fa18
2b23
1a0c
5f1f
1831
6231
011f
1f1f
1f09
0403
0509
0709
0900
8000
0000
0200
fb20
1a27
1a1c
161c
1d02
0202
021f
1f1f
1f00
0000
0009
0709
0900
8000
0000
0200
fd17
2121
2a1f
1f1f
1f01
3121
2007
0404
0406
0c0a
08aa
e9e9
e900
8000
0000
0200
f82e
1f1e
1c1e
1a1c
1d33
3151
611f
1f1f
1f00
0000
0709
0709
0900
8000
0000
0200
f811
3022
191a
1a1a
1f33
3151
611f
1f1f
1f00
0000
0709
0709
0900
8000
0000
0200
fc10
0c1f
229f
1f9f
1f31
6131
611f
1f1f
0807
0000
0709
0709
0900
8000
0000
0200
fc18
131e
219f
1f9f
1f31
6231
611f
1f1f
0807
0000
0709
0709
0900
8000
0000
0200
fa23
3612
180f
0f9f
1331
0132
110d
1f0e
1f00
0080
0408
08f8
0800
8000
0000
0200
fa14
1c15
1b0f
1210
1520
1031
0203
0300
0901
0202
0520
2f20
2a00
8000
0000
0200
fc1e
1e1e
1f14
1412
1232
6233
0104
0406
0602
0404
0412
1216
1500
8000
0000
0200
fc20
201f
2212
1410
1031
6243
0104
0408
0802
0405
0712
1215
1500
8000
0000
0200
fa1e
241c
1d50
1818
9032
6221
0102
0202
0403
0204
0412
1212
1500
8000
0000
0200
fc1e
201c
1e14
1412
1232
6333
0104
040a
0a02
0408
0812
1217
1600
8000
0000
0200
fa2c
2424
1a4a
1212
9032
6221
0102
0202
0403
0204
0412
1212
1500
8000
0000
0200
fb18
1921
1d18
1818
1267
4033
0104
0004
0004
0207
0412
1212
1400
8000
0000
0200
fa1e
241c
1d50
1818
9032
6221
0102
0202
0403
0204
0412
1212
1500
8000
0000
0200
d330
1100
1a1f
091f
1704
0300
031f
1f07
0d00
0006
030f
0faf
1f00
8000
0000
0200
d320
1100
191f
0b1f
1b03
0300
031f
1f07
0d00
0006
030f
0faf
1f00
8000
0000
0200
f015
1318
1a1f
1f1f
1f00
0000
0006
1f1f
1f00
0000
00ff
0f0f
0f00
8000
0000
0200
c21e
231c
1a13
1f1f
0930
4101
1208
1f1f
0400
0000
00a0
0001
8300
8000
0000
0200
f015
1f19
179f
1f1f
5c01
0000
010f
0d10
1408
0805
086f
070f
1c00
8000
0000
0200
f01a
1838
1b10
1f1f
1013
4102
0106
040b
1f00
0000
0015
050a
0a00
8000
0000
0200
fd17
2121
2a1f
1f1f
1f01
3121
2007
0404
0406
0c0a
08aa
e9e9
e900
8000
0000
0200
fa12
142f
169e
179f
9820
103f
021c
1a13
1301
0a07
0620
5f90
2a00
8000
0000
0200
fa18
2b23
1a0c
5f1f
1831
6231
011f
1f1f
1f09
0403
0509
0709
0900
8000
0000
0200
dc01
0ec1
010d
152a
1c9c
9c9c
9d08
0f05
0605
0a05
0606
5616
5600
8000
0000
0200
fb43
5000
4222
0a0e
1a07
1f1f
1407
0906
0c00
0000
0078
5837
1a00
8000
0000
0200
f940
4140
120e
0000
1a5a
1394
8b18
140a
0e00
0706
0038
4a2d
1b00
8000
0000
0200
c400
0000
0400
081e
1d1f
1a19
1f12
9c12
1301
c157
8df5
33c3
a600
8000
0000
0200
f903
0442
411c
201f
1d10
1f1f
0e06
040b
1f00
0000
0015
050a
0a00
8000
0000
0200
ec36
3032
6112
161a
235f
5f9e
5304
0910
1180
0300
080f
2495
0600
8000
0000
0200
fa43
0105
4122
1f28
1c13
0b15
0e12
1f0e
1f04
0386
0154
096a
0900
8000
0000
0200
0000
0000
0000
0000
0101
0101
0101
0101
0000
0000
0000
0000
0101
0101
0101
0101
0181
4223
0408
0010
0000
00fe
4244
4840
1010
2020
2142
4418
4040
a0a0
1008
0402
4221
0f00
8142
0408
0810
fe00
0408
1020
2825
2244
4848
8f80
a214
0810
a2a2
be82
4020
0001
0182
4f00
4080
8008
043c
c202
2027
2444
4444
8784
00fc
0404
0404
fc04
00ff
0121
41ff
4155
00fe
0008
04fe
0454
4955
4155
4955
4141
2454
0454
2454
040c
007f
0911
7fd5
4955
00fc
1008
fc56
2454
4955
007f
013f
01ff
2454
00fc
00f8
20fe
0000
3fa0
6027
2060
8080
fe00
40fc
4040
af20
202f
4042
8180
fe10
10fc
1010
1070
0101
fc13
1020
2079
0404
88fe
0042
8408
ca49
4849
4a7a
4b00
104a
8408
1052
de42
003f
0000
0000
ff01
00f8
0000
0000
fe00
0111
1121
2141
8107
0010
0804
0402
0200
00ff
0102
047f
4444
00fe
0000
00fc
4444
4444
4444
4444
4440
4444
4444
4444
441c
00ff
0808
0f08
0808
00fe
1010
f010
1010
0f08
0808
097e
0000
f010
101e
f010
1010
0204
1f10
1010
1f10
0000
f010
1010
f010
1010
1f10
1010
1f10
1010
f010
1010
f010
04ff
0400
784b
4848
40fe
4000
40fc
4040
7b48
484b
4879
4000
fe08
08fe
0808
8838
06f8
1310
10fc
1013
2020
fe88
8888
88fe
1010
fc85
8484
fc84
2020
20fc
2020
2020
0020
1008
4021
0304
4040
7e82
8204
0488
1010
1020
2020
434c
4830
1020
4080
0000
017f
4444
7f44
4444
00fe
4040
fc44
4444
7f48
484f
4848
8bbc
fc40
4870
4040
c27e
0000
00ff
0000
007e
8884
80fe
8080
8040
1010
1010
17f8
0000
4040
2020
1012
0a06
f101
07fa
0202
f700
1014
d292
9090
fe10
f704
04f7
9494
f790
9292
9494
8888
9462
0000
fe92
9292
fe92
1020
fc84
fc84
fc80
9292
fe82
8101
0200
fe80
fe02
5252
aa0c
1010
203e
4885
0400
4040
80fe
9008
0800
003f
0000
0000
ff00
00f8
0000
0000
fe00
10fe
1010
fe92
92fe
1010
1010
fe92
9292
9292
fe10
10fe
1010
92fe
9292
9292
fe82
0101
7f40
4001
017f
0000
fc04
0400
00fc
0000
0408
1020
c000
0000
4020
1008
0600
003f
017f
415d
411d
00f8
00fc
0474
0470
00ff
0101
0101
0101
00fe
0040
3008
0000
0808
0808
08ff
0808
0000
0000
00fe
0000
0808
0808
0808
0700
0000
0000
0404
fc00
0000
7848
4848
4849
8080
8080
8698
e080
4e48
7848
0000
0000
8080
8080
8082
827e
1010
7c11
10fe
4428
4040
40f8
4848
4848
fe10
11fe
1010
1116
4848
48c8
48aa
0a06
1111
113f
2141
0101
0000
00fc
0000
0000
ff01
0202
0408
30c0
fe00
8040
2010
0806
2020
2125
fb49
4949
1010
fe00
407c
9010
4b55
b112
2a42
8409
10fe
1028
2844
8402
0101
ff80
80bf
0408
0000
fe02
02fa
0020
107f
0101
7f01
01ff
10f8
0400
fc00
00fe
007f
0111
097f
0519
7880
0010
20fc
4030
6181
0049
4888
8807
0c02
0008
8492
12f0
402f
0808
0f88
480f
00fc
0404
fc04
04fc
2021
2949
4945
819f
0020
2424
2428
20fe
4020
0f01
824c
0000
4040
fe50
4846
40a0
232c
2241
4043
8c81
1846
4850
4058
46c0
003f
2022
a267
2428
80fe
0000
00fc
4040
60af
2020
2021
428c
40fe
4040
a010
0806
0c70
407e
4888
1f10
0c70
407e
4888
f808
1f10
1f10
1f04
18e0
f808
f808
f820
1806
0101
ff80
817f
0101
0000
fe02
02fc
0000
3f01
01ff
0204
18e0
f800
00fe
4020
1806
04ff
0408
7f22
2214
40fe
4000
7c44
4848
ff00
7f41
417f
4100
d048
4442
425c
4040
407c
9108
1011
2268
80fe
1088
fe08
9060
a82b
282b
2828
2823
9806
20fe
2070
a826
1017
2424
4764
64a7
00fc
4444
fc44
44fc
a0a0
2525
2529
2920
0040
2824
020a
08f8
0808
4f48
4848
4ff0
4046
7840
4042
423e
0101
ff03
0509
1161
0000
fe80
4020
100c
0808
ff08
0901
3f00
2020
fe20
2000
f810
0000
0021
2254
8807
2040
8000
0000
00fe
007f
407f
404f
584f
00fc
04fc
80f8
8ef8
404f
485f
4286
811e
80f8
88fe
2040
c030
0404
ff04
0829
2848
4040
fe40
0804
a420
0700
28aa
a1a5
3c00
e000
5452
4248
7800
1020
4788
5121
49f8
4040
fe00
f808
f800
2b22
aaaa
aaa2
2222
fc04
f494
94f4
840c
0102
0409
31cf
0101
0080
4020
18e6
0000
7f00
001f
1010
101f
fc00
00f0
1010
10f0
00ff
8888
8f08
101f
00fe
0202
fa00
00f0
1020
00ff
0000
0003
1010
10fe
1010
20c0
1020
7e42
427e
427e
0808
0808
fe08
0888
424f
f60a
1222
c206
4828
2808
0808
0838
2020
20f9
2221
2020
2050
8824
22fc
2020
3be0
2021
2121
2161
fe00
00fc
0404
04fc
1010
7c10
1011
fe28
4040
40fe
8808
0888
28aa
aaaa
2848
489b
8850
5020
2050
8806
1028
4482
007c
1010
0404
4424
1404
8444
10fe
1054
5292
9030
2406
1ce4
0404
0404
0202
3f02
02ff
0408
0010
e040
80fe
0000
1f28
cf08
0f00
2442
f808
f808
f800
4422
1010
10fc
0408
0910
2020
2020
2020
fc20
3854
9210
1010
1013
2020
2020
2020
20fe
1020
4088
5020
45fd
2020
20a8
a4a4
2222
1410
5454
9490
1013
2024
6408
1020
c000
0101
3f01
0101
ff02
0004
f810
2040
fe00
041f
3050
9f10
101f
00f8
0808
f808
08f8
e207
04f4
0704
f407
0484
8484
be84
84a4
04f4
0f00
f192
9cf1
94d4
9484
8484
848c
01ff
0101
7f41
417f
00fe
0000
fc04
04fc
4141
7f01
01ff
0101
0404
fc00
00fe
0000
8040
2704
0407
04e4
4040
fe00
90fe
9090
2424
2829
2122
508f
90f0
0054
5452
00fe
2020
2023
faaa
aaa8
2020
20fe
0282
8280
a8f8
a028
243c
c400
809c
e080
8082
827e
007f
2424
2424
24ff
007e
4242
4448
5048
040c
0c14
2444
840c
4442
4242
5c40
4040
0810
1720
2060
67a0
9090
fe90
9090
fe00
2023
2222
2322
2223
00fc
0404
fc04
04fc
0810
103f
2040
4084
0000
00fc
0404
0404
0201
0100
0000
0000
0404
0404
0408
0870
003f
2020
2020
3f21
00fc
0404
0404
fc00
2120
2020
2040
4080
0080
8040
2010
0806
1010
1111
fe12
3030
8080
00fc
0404
0404
5954
9490
1010
1010
f404
0404
0404
0438
2020
2129
b2a4
a0a0
8080
00fc
0404
0404
2320
2020
5048
8880
e404
0404
0404
1800
007f
2211
7f44
7f00
7c80
0810
fc44
fc00
7e42
7e42
7e44
5ee1
08fe
0848
2808
0838
00fe
2828
28fe
aaaa
4040
7e42
8202
0222
aace
8282
fe82
82fe
1212
0202
0202
0438
06f8
1092
5254
10fe
00fe
8282
8282
fe90
1030
3854
9111
1112
9090
9088
0808
0402
1029
2541
817d
1010
00fc
04fc
04fc
4080
7d11
5654
111c
e100
fe52
5292
2242
820c
0808
ff08
0901
ff02
2020
fe20
2000
fe00
0408
1f28
c808
0f08
0000
f808
0808
f808
01ff
8090
1110
1e10
00fe
0202
f808
8888
10fe
1054
5292
1031
8850
5020
2050
8804
00fe
0202
027e
4040
00fe
0202
027e
4040
7e02
620a
1222
421c
7e02
620a
1222
421c
0808
ff08
027f
040f
2020
fe20
00fc
00f0
38c8
0f00
0948
488f
1010
f000
0884
24e0
0201
0000
7f01
0101
0000
8080
fc00
0000
013f
0101
0101
ff00
00f8
0000
0000
fe00
00ff
4242
427e
4242
0080
7c04
0484
8888
7e42
4242
5ee2
0203
4850
5020
2050
8806
0101
ff80
8000
00ff
0000
fe02
4240
40fe
0000
1008
0400
0001
4040
4040
4040
40c0
007f
0101
013f
0101
18e0
0000
00f8
0000
01ff
0101
0101
010e
00fe
0000
0000
0000
0111
111f
2141
01ff
0000
00f8
0000
00fe
0103
0505
0911
21c1
0080
4040
2010
0806
00fd
4141
4278
484b
2020
20fc
2020
20fe
a818
0810
1021
4280
2060
70b0
a824
2220
8850
2352
9210
1017
2020
fe02
0a08
08fe
3051
9110
1010
20c0
0808
0888
8808
0838
0002
fa23
2420
2027
4040
40fc
4040
40fc
f820
2029
3224
c800
4040
e050
4844
4240
18e3
2023
20f9
2121
0cf0
20fe
20fc
24fc
6171
a8a0
2120
2023
24fc
2020
fc20
20fe
007b
484b
4879
4949
0cf0
20fe
20fc
24fc
4979
4848
4988
881b
24fc
2020
fc20
20fe
1013
7d11
1111
7d11
00f0
2020
ee22
22e2
115d
5173
5048
4483
2a2a
e424
2a20
00fe
004f
2101
018f
4909
00fe
1010
10fe
1212
2a2c
284f
4848
8f88
121e
02fe
0202
fe02
1008
04ff
0204
1f10
1020
40fe
0000
f808
101f
1010
1f10
101f
08f8
0808
f808
08f8
1017
202f
284b
68a3
00fc
40fe
425a
4258
a02f
2027
2424
2424
00fe
40fe
9292
9296
007f
1209
04ff
8080
7c88
1020
80fe
0202
9f00
0402
0102
0c70
f220
4080
0080
601c
0003
7a4a
4a4a
4a4b
00fc
0404
0404
04fc
4848
7841
0102
0418
a0a0
a020
2022
223e
027f
0202
3f04
04ff
00fc
0000
f800
00fe
0810
7f20
4482
0200
1010
fe10
1010
1070
2023
20fa
2120
2724
0cf0
0044
2408
fe02
34e3
2021
2020
2166
02f8
0810
a040
b00c
2020
27f8
2023
6073
8484
e484
9ec4
04c4
aaa2
2320
2222
2027
5454
c404
4444
e40c
1023
4089
5120
4bfa
1ce0
0024
2408
fe02
2a21
a8a9
a8a0
2126
02f8
0810
a040
b00c
003f
017f
415d
411d
00f8
00fc
0474
0470
00ff
023f
2424
2424
00fe
00f8
8888
8898
007f
4041
4141
4142
00fe
0202
0202
0282
4244
4850
6040
7f40
4242
2212
0a02
fe02
0808
4948
4848
4948
0000
fc04
0404
0888
4878
c808
0808
090a
8850
5020
5088
0402
003f
2020
2f20
202f
00fe
0282
fa82
82fa
2020
2724
2447
4480
0202
f212
12f2
1206
0000
0000
0000
0000
0101
0101
0101
0101
0000
0000
0000
0000
0101
0101
0101
0101
c241
014f
0419
2d29
1a0c
4f18
0d06
0803
0300
00c0
0035
5575
2800
8000
0000
0200
fd20
6121
4119
2528
2d5f
5f5f
1f0b
1e1f
1f00
0301
032a
0d0f
0e00
8000
0000
0200
fd30
3121
5115
252a
2a5f
1e1f
1f0c
1b1f
1f00
0301
0209
0e0d
0e00
8000
0000
0200
fd31
5121
1116
2e23
251f
1f13
1811
1a1f
1f00
0000
0007
070c
0c00
8000
0000
0200
fc02
4402
421d
331e
1e1f
1f0f
0f0f
0f1f
1f00
0009
0923
3405
0500
8000
0000
0200
f420
6010
4114
0d25
2313
1712
1710
111f
1500
0000
0005
040a
0900
8000
0000
0200
fd31
3131
311b
2323
231f
1f1f
1f0b
1f1f
1f00
0000
002a
0d0d
0d00
8000
0000
0200
fc42
0142
0118
1920
291f
1f12
121f
151f
1f00
0000
0006
050b
0b00
8000
0000
0200
e442
0201
4113
101f
220f
0f8f
8f1f
1f1f
1f03
0301
0105
0509
0900
8000
0000
0200
f800
c001
3014
1730
1b9a
5c5d
dd15
0609
1000
0600
0006
1795
0600
8000
0000
0200
c101
0101
017f
7f7f
181f
1f1f
1f1f
1f1f
1f00
0000
00ff
ffff
ff00
8000
0000
0200
c101
0101
017f
7f7f
181f
1f1f
1f1f
1f1f
1f00
0000
00ff
ffff
ff00
8000
0000
0200
c101
0101
017f
7f7f
181f
1f1f
1f1f
1f1f
1f00
0000
00ff
ffff
ff00
8000
0000
0200
c101
0101
017f
7f7f
181f
1f1f
1f1f
1f1f
1f00
0000
00ff
ffff
ff00
8000
0000
0200
c101
0101
017f
7f7f
181f
1f1f
1f1f
1f1f
1f00
0000
00ff
ffff
ff00
8000
0000
0200
c101
0101
017f
7f7f
181f
1f1f
1f1f
1f1f
1f00
0000
00ff
ffff
ff00
8000
0000
0200
c101
0101
017f
7f7f
181f
1f1f
1f1f
1f1f
1f00
0000
00ff
ffff
ff00
8000
0000
0200
c101
0101
017f
7f7f
181f
1f1f
1f1f
1f1f
1f00
0000
00ff
ffff
ff00
8000
0000
0200
c101
0101
017f
7f7f
181f
1f1f
1f1f
1f1f
1f00
0000
00ff
ffff
ff00
8000
0000
0200
c101
0101
017f
7f7f
181f
1f1f
1f1f
1f1f
1f00
0000
00ff
ffff
ff00
8000
0000
0200
c101
0101
017f
7f7f
181f
1f1f
1f1f
1f1f
1f00
0000
00ff
ffff
ff00
8000
0000
0200
c101
0101
017f
7f7f
181f
1f1f
1f1f
1f1f
1f00
0000
00ff
ffff
ff00
8000
0000
0200
c101
0101
017f
7f7f
181f
1f1f
1f1f
1f1f
1f00
0000
00ff
ffff
ff00
8000
0000
0200
c101
0101
017f
7f7f
181f
1f1f
1f1f
1f1f
1f00
0000
00ff
ffff
ff00
8000
0000
0200
c101
0101
017f
7f7f
181f
1f1f
1f1f
1f1f
1f00
0000
00ff
ffff
ff00
8000
0000
0200
c101
0101
017f
7f7f
181f
1f1f
1f1f
1f1f
1f00
0000
00ff
ffff
ff00
8000
0000
0200
c101
0101
017f
7f7f
181f
1f1f
1f1f
1f1f
1f00
0000
00ff
ffff
ff00
8000
0000
0200
c101
0101
017f
7f7f
181f
1f1f
1f1f
1f1f
1f00
0000
00ff
ffff
ff00
8000
0000
0200
c101
0101
017f
7f7f
181f
1f1f
1f1f
1f1f
1f00
0000
00ff
ffff
ff00
8000
0000
0200
c101
0101
017f
7f7f
181f
1f1f
1f1f
1f1f
1f00
0000
00ff
ffff
ff00
8000
0000
0200
c101
0101
017f
7f7f
181f
1f1f
1f1f
1f1f
1f00
0000
00ff
ffff
ff00
8000
0000
0200
c101
0101
017f
7f7f
181f
1f1f
1f1f
1f1f
1f00
0000
00ff
ffff
ff00
8000
0000
0200
0000
0000
0000
0000
0101
0101
0101
0101
0000
0000
0000
0000
0101
0101
0101
0101
0101
ff80
803f
0000
0000
fe02
02f8
0000
ff01
0109
1121
c107
fe00
0020
1008
0600
1010
fe00
7c45
4444
2028
2420
20fe
2030
7c10
5452
5290
1136
3050
5050
9092
121e
0808
0808
4a49
4949
4242
4242
524a
4a4a
4948
0808
0810
20c0
4a42
4242
4242
4242
0810
1021
2a68
a828
8080
fe08
8850
20d8
2f28
282b
2821
2021
0620
c812
6488
30c0
0478
1011
fd10
3058
20a2
a428
3020
2050
9411
1009
4848
4887
8804
0208
8412
12f0
2020
20f9
2224
2120
2050
8804
0200
fc00
38e1
2121
2121
2161
00fc
0404
0404
fc04
0242
2202
0a0a
8a4a
0222
2222
aaaa
aaaa
0222
2242
4242
8488
2222
2222
2222
0202
003f
0101
ff05
0931
18e0
0000
fe40
2018
c11f
0404
0408
1060
06e0
2040
f808
0870
0cf0
1010
11fd
1111
2020
2020
2222
2428
3038
5490
1010
1112
2020
5050
8888
0402
1020
4189
5220
2048
8080
fc04
8850
2020
f828
23a8
a8a8
a020
5088
0640
3000
c038
1023
408f
5023
204a
20fc
24fe
24fc
20aa
fb22
23aa
aba2
a428
ae22
fe22
aeaa
aaaa
00fe
0272
020a
1261
00fe
0272
020a
1260
023f
2020
3f20
203f
00fc
0404
fc04
04fc
0204
7f40
7f40
7f40
0000
fc04
fc04
fc04
7f01
01ff
0204
18e0
fc00
00fe
8040
300c
0204
3f20
2221
2020
0000
f808
0808
8808
ff21
2121
2121
4080
fe08
0808
0808
0838
08ff
0801
023f
213f
20fe
2000
00f8
08f8
213f
2505
0509
11e0
08f8
2028
7c00
02fe
0102
7f44
4444
ff00
0000
fc44
4444
fe80
1123
4d01
0509
31c1
0890
a040
2010
0806
10fe
44fe
007c
4474
80fe
80fc
04fc
80fc
5c44
01ff
0a12
6207
927e
00fe
8850
209c
247e
a93e
283e
01ff
48fe
507c
507e
00fe
001f
001f
003f
203f
00f0
00f0
00f8
08f8
01f1
9790
90f7
24a4
0808
ca0a
08fe
4848
b7a1
a1a5
a5b1
c103
cc0c
1454
5424
2446
1010
fe10
7c54
577c
00fc
8484
fc00
fe88
5454
7c10
fc13
1010
f888
f888
9ee8
0808
8047
2404
0504
e425
00fc
0444
f444
44f4
2425
2529
2920
508f
04f4
1414
f40c
00fe
0108
1020
5f84
043f
e020
1008
f482
80f8
2424
2820
3f20
203f
8888
e808
f808
08f8
00fe
2828
28fe
aaaa
4454
5454
5454
54fc
aace
82fe
8282
fe01
5454
5454
5454
9404
1021
7fa1
3f21
3f21
8000
fc00
f800
f800
3f01
01ff
0509
31c1
fc00
00fe
4020
1806
00fe
2828
28fe
aaaa
40fe
9292
fe92
92fe
aace
8282
fe82
82fe
5054
545e
5250
529e
1010
1020
2030
5750
2020
2020
2020
fe20
9090
1010
1010
1010
2020
2020
2020
2020
0810
1020
2f60
60a0
8040
2000
fe40
4040
2027
2020
2020
202f
40fc
4040
4040
40fe
0101
ff04
0808
107f
0000
fe00
2010
f844
0404
0408
0810
20c0
4440
4040
4042
423e
0101
0101
0101
01ff
0000
0000
0000
00fe
0101
0101
0101
0101
0000
0000
0000
0000
1221
4088
1320
60a0
0204
8800
fe20
2020
2121
2121
2122
2428
203e
2020
20a0
601e
0000
00ff
0008
0808
a090
80fe
8080
8848
0ff8
0808
1020
438c
4850
5020
5092
0a06
001f
0001
007f
0204
00f8
2040
80fc
8488
0871
01ff
0509
31c1
9080
00fe
4020
1806
4020
0000
8040
0f00
4040
4040
4040
fe40
2020
2040
4040
8080
4040
4040
4040
4040
4020
0202
0282
420f
4040
407c
4040
40fe
2026
2140
4041
828c
0004
1800
a010
0806
4949
007f
4949
7f49
1012
1210
7e10
1010
497f
00ff
007f
417f
1010
10a8
2824
4442
1021
4288
5021
2349
a222
143e
8808
2828
f921
21a9
a9a9
a121
2e28
2828
2828
580e
003f
0101
ff01
3f21
38c0
0000
fe00
f808
3f21
3f01
3f01
01ff
f808
f800
f800
00fe
1028
4481
7c10
1011
2020
20fe
4044
9ce2
fc10
5454
5410
1cf1
0248
4848
4888
8a0e
1010
1e10
1010
ff08
007e
0202
2222
2222
082a
2949
4988
0818
1414
1408
0814
24c2
007f
4040
5f42
4447
00f8
0808
e808
08c8
484a
5140
4182
8c00
4848
4888
0404
0402
01ff
8090
1720
2063
00fe
0202
fc40
80f8
62a2
2223
2222
2223
0808
08f8
0808
08f8
0444
2704
0404
9f42
007e
8202
2222
a222
020a
2a2a
4242
8286
1494
9488
0814
24c2
1011
11fd
0505
0911
00fc
0404
0404
04fc
3954
9010
1010
1116
5450
5050
9090
121e
1023
4288
5021
214b
20fe
0280
be08
103e
f921
21a9
a9a9
a121
2222
223e
2222
223e
017f
01ff
017f
0149
00f8
08fe
08f8
0024
4541
5f41
4549
5181
4404
f404
4424
1404
087f
003e
223e
007e
2020
fc24
24a4
6424
04fe
0919
3f01
01ff
5484
0200
f800
00fe
10fe
007d
447c
007d
4040
40f8
4848
4848
0810
fc13
3000
4482
c848
aa06
0000
4422
0121
2121
2121
3f01
0008
0808
0808
f800
0141
4141
4141
7f40
0004
0404
0404
fc04
1222
428f
2222
424a
80bc
00c0
003e
0888
ca4a
4a4a
4a52
4242
8888
4848
4848
0818
0040
202f
0000
01e1
4844
40fe
4040
5048
2222
2428
2020
508f
4844
4444
4040
00fe
0911
122f
2161
62ac
0008
3cc4
2020
223e
2021
2225
2020
212e
80f8
0810
a040
b00e
0010
1055
5454
5455
4048
84fc
1290
921e
5454
547d
4204
0007
4080
fc48
5020
d806
0202
7f02
3f04
08ff
0000
fc00
f840
20fe
102f
4888
0f08
080f
10e8
2422
e020
20e0
00f7
9092
91f7
9492
0ef0
0444
28fe
0208
93f4
9897
91f2
8c10
bea8
a828
7e08
0808
2020
20fb
0088
894a
4088
9ce4
20a0
221e
4850
113a
c400
0106
80f8
8890
5060
9806
007f
0009
047f
4850
38c0
0810
a0fe
1212
1e22
324c
0508
30c0
fc90
9090
fe10
1010
007e
4849
7c48
487d
2048
84fa
5052
9e40
4848
7f02
52aa
a20d
7c84
0848
5030
4886
0101
0287
4a22
0203
0808
10fe
2020
20fc
1212
1223
2222
4243
2020
20fc
2020
20fe
1027
448c
1724
64a5
0cf0
2020
fe20
20fc
2525
2525
2525
2929
0404
fc04
fc04
04fc
0808
1f20
4080
1f10
0000
fe02
0202
c242
101f
1010
1f00
0000
42c2
4242
c202
0418
2027
24fc
2724
6475
0cf0
2020
fe20
20fc
ada5
a525
2525
2929
0404
fc04
fc04
04fc
00fc
2121
223c
4545
8080
00fe
0202
f212
a515
0909
1110
2040
12f2
1212
f202
0418
4020
0f00
8342
0203
4040
fe00
f808
08f8
2023
2040
4f40
8081
00f8
1020
fe40
40c0
4224
0f84
5714
2724
4040
fc40
f840
f840
4741
01ff
0101
0101
fc00
00fe
0000
0000
402f
0808
0f88
480f
00be
a2a2
bea2
a2be
2829
2849
4849
8888
02f2
42f2
42f2
0206
007f
4040
7f40
404f
0ef0
8080
fe80
80f8
4848
4f48
4f48
888f
0808
f808
f808
08f8
1020
4588
5021
45fd
202c
f020
2024
2424
1511
5554
9292
1010
2424
fc24
2022
223e
8041
2101
0202
e429
0024
2424
4848
9020
2422
2121
2020
508f
9048
2424
9292
00fe
014f
2007
0405
04e7
10fe
a0fc
a43c
04fc
2427
202f
2221
508f
04fc
10fe
1030
00fe
00fe
2828
feaa
aaaa
1010
fe00
7c44
7c00
aace
82fe
8282
fe82
fe04
1810
fe10
1030
4455
5454
5454
5454
00fe
2020
fc84
84fc
5454
5454
5454
4485
84fc
8484
fc48
8402
2020
3c24
4444
8404
00f8
8888
8888
8888
4829
1112
2844
8300
880a
0e00
0000
00fe
1011
fc04
0408
1034
00fe
4242
4242
4242
5894
1010
1011
1214
4242
8282
8404
0418
00fe
0000
7e42
4242
06f8
8080
80fe
8888
7e40
4040
4141
8284
8888
8888
0808
0808
003f
203f
203f
023f
00f8
08f8
08f8
10fc
02ff
010f
18ef
080f
40fe
00f8
08f8
08f8
0007
f494
9790
f390
00fe
9292
fe48
fc50
9790
90f1
8305
0901
fe40
90fc
04fc
04fc
4020
0300
0080
4f00
4042
fc48
5060
fe80
1113
1521
2121
4141
00fc
0404
fc04
04fc
0000
7f40
4242
5f42
8080
fe00
1010
fe10
4242
4243
4049
8991
1010
10f0
0024
2422
1020
4188
5020
2348
2020
fc22
2428
fe20
f820
21aa
a8a8
a020
40fc
8484
fc84
84fc
007f
4444
7f01
3f01
00fc
4444
fc00
f810
ff00
030f
38cf
080f
fec0
00f8
08f8
08f8
013f
01ff
013f
013f
00f8
08fe
08f8
00f8
01ff
003f
203f
203f
00fe
00f8
08f8
08f8
08ff
087f
447f
023f
20fe
20fc
44fc
00c8
02ff
010f
18ef
080f
10fe
00f8
08f8
08f8
04ff
0478
01fc
007b
20fe
2040
fa44
48fe
0078
017a
4848
7840
2048
fc84
fc84
fc84
7000
01fc
0000
fb00
2022
fa24
2830
fe40
f801
02f8
8888
f888
807e
4242
7e42
427e
007c
4444
457c
4444
2020
2020
fe22
2222
447c
4444
4658
e003
2222
2222
4242
820c
0814
2241
807e
0808
0000
fe02
0242
4244
087e
082a
2949
8818
2424
2810
1028
4482
0101
0202
04ff
0408
0000
0000
00fe
1010
0818
2601
0102
0c70
1020
2040
8040
2010
0000
7f40
4f40
4140
8080
fe00
f020
4080
405f
4040
4040
8083
40fe
8488
9080
8080
1020
4192
142b
2060
40a0
1008
04fa
4040
a027
2022
2224
2420
40fc
4048
4444
44c0
0810
ff12
2224
5408
0000
7c44
4444
4444
1422
4009
4848
4887
7c00
0008
8414
10f0
2020
538a
827b
2222
1010
9090
90fe
9292
fa23
aaaa
223b
c600
9292
9292
d2a2
224c
0078
4849
5251
6050
2050
8804
02fc
2020
484b
4849
7142
4440
20fe
2024
2222
2260
1213
242b
6263
a223
00fc
00f8
08f8
08f8
202f
2123
2429
2224
00fe
00fc
9424
4498
0910
1724
2561
61a0
24a8
fe02
fa08
f800
2322
2322
2223
2126
fc04
e47c
04fc
0806
0000
0000
0000
0000
0101
0101
0101
0101
0000
0000
0000
0000
0101
0101
0101
0101
c406
0632
6211
1f1e
1d1f
1f1f
1f1f
1f0a
0a00
0080
4005
01f5
f500
8000
0000
0200
fc36
7560
3112
0820
201e
1e1c
1e98
1407
058b
ab08
0853
5447
4700
8000
0000
0200
e43f
6531
611d
3120
201f
1f58
1f13
0e11
1104
0508
0855
6205
0500
8000
0000
0200
c402
0100
0118
101b
1b1f
1f1f
1f14
1010
1801
0158
1af5
33c8
a800
8000
0000
0200
fa31
6325
1324
302c
125f
1f1f
9c04
0404
1e03
0204
0822
1222
1400
8000
0000
0200
fa31
6325
1324
302c
045f
1f1f
9c04
0404
1e03
0204
0822
1222
1400
8000
0000
0200
ed43
4052
411c
2e24
1d1d
5b1d
5e04
0f0f
0281
4043
4322
1313
1300
8000
0000
0200
dc13
0ac2
001f
1421
1d1f
5a1f
5f00
0f0e
0840
0400
0006
55f6
1500
8000
0000
0200
c40a
ca00
c014
1420
201a
5a1f
5f0f
0f08
0804
0400
0052
5515
1500
8000
0000
0200
dc69
3342
4115
101c
191f
5b58
5811
0a1d
1d0a
0806
07e5
2613
5400
8000
0000
0200
fc4a
1242
010e
152a
0e5f
5f5e
5f10
0a1b
1c53
ca08
0884
3515
8400
8000
0000
0200
dc4e
3241
411c
0922
225f
5a5e
8810
1100
1f00
c700
01f0
f106
0400
8000
0000
0200
fa52
03c3
5222
1820
1719
1f1a
1f0a
0707
0a00
0000
0006
533f
f500
8000
0000
0200
e33e
3242
2115
1019
1a5f
5d95
5c10
071f
1a56
c906
00f5
1413
1400
8000
0000
0200
c101
0101
017f
7f7f
181f
1f1f
1f1f
1f1f
1f00
0000
00ff
ffff
ff00
8000
0000
0200
c101
0101
017f
7f7f
181f
1f1f
1f1f
1f1f
1f00
0000
00ff
ffff
ff00
8000
0000
0200
c101
0101
017f
7f7f
181f
1f1f
1f1f
1f1f
1f00
0000
00ff
ffff
ff00
8000
0000
0200
c101
0101
017f
7f7f
181f
1f1f
1f1f
1f1f
1f00
0000
00ff
ffff
ff00
8000
0000
0200
c101
0101
017f
7f7f
181f
1f1f
1f1f
1f1f
1f00
0000
00ff
ffff
ff00
8000
0000
0200
c101
0101
017f
7f7f
181f
1f1f
1f1f
1f1f
1f00
0000
00ff
ffff
ff00
8000
0000
0200
c101
0101
017f
7f7f
181f
1f1f
1f1f
1f1f
1f00
0000
00ff
ffff
ff00
8000
0000
0200
c101
0101
017f
7f7f
181f
1f1f
1f1f
1f1f
1f00
0000
00ff
ffff
ff00
8000
0000
0200
c101
0101
017f
7f7f
181f
1f1f
1f1f
1f1f
1f00
0000
00ff
ffff
ff00
8000
0000
0200
c101
0101
017f
7f7f
181f
1f1f
1f1f
1f1f
1f00
0000
00ff
ffff
ff00
8000
0000
0200
c101
0101
017f
7f7f
181f
1f1f
1f1f
1f1f
1f00
0000
00ff
ffff
ff00
8000
0000
0200
c101
0101
017f
7f7f
181f
1f1f
1f1f
1f1f
1f00
0000
00ff
ffff
ff00
8000
0000
0200
c101
0101
017f
7f7f
181f
1f1f
1f1f
1f1f
1f00
0000
00ff
ffff
ff00
8000
0000
0200
c101
0101
017f
7f7f
181f
1f1f
1f1f
1f1f
1f00
0000
00ff
ffff
ff00
8000
0000
0200
c101
0101
017f
7f7f
181f
1f1f
1f1f
1f1f
1f00
0000
00ff
ffff
ff00
8000
0000
0200
c101
0101
017f
7f7f
181f
1f1f
1f1f
1f1f
1f00
0000
00ff
ffff
ff00
8000
0000
0200
c101
0101
017f
7f7f
181f
1f1f
1f1f
1f1f
1f00
0000
00ff
ffff
ff00
8000
0000
0200
c101
0101
017f
7f7f
181f
1f1f
1f1f
1f1f
1f00
0000
00ff
ffff
ff00
8000
0000
0200
0000
0000
0000
0000
0101
0101
0101
0101
0000
0000
0000
0000
0101
0101
0101
0101
0179
4849
4878
4b48
2424
a8fc
2020
fe50
4879
4a48
4848
889b
a824
fe24
4444
8418
007f
4040
4f48
484f
00fe
0018
e000
00fc
4848
5050
6040
7f40
4040
4040
4000
fe00
033c
0404
0404
04ff
2020
2020
2020
20fe
0404
0408
0810
20c0
2020
2020
2020
2020
00ff
0202
0404
18e0
00fc
0404
0404
0438
003f
2020
2020
3f20
00f8
0808
0808
f808
0000
794a
4849
4949
20a8
2422
20fc
0404
4949
4979
4101
0101
fc04
04fc
0404
040c
0101
ff08
047f
4444
0000
fe20
40fc
8484
4870
404f
4848
4f40
847c
04e4
2424
e40c
0001
01f9
8989
8989
00fc
0404
fc04
04fc
888b
8afa
8b02
0203
00fe
0202
fe02
02fe
11ff
808f
080f
203f
10fe
02f2
10f0
00f8
203f
003f
203f
203f
02fe
00f8
08f8
08f8
1013
9052
1110
3750
0cf0
0044
2408
fe08
9110
01ff
0204
18e0
8818
00fe
8040
300e
0101
7f08
0404
ff02
0000
fc20
2040
fe00
04ff
0808
1700
037c
00fe
2020
40c0
3804
2020
2020
fe44
4444
00fc
8484
fc84
84fc
4889
4931
2151
8901
00fe
0202
fe02
02fe
01ff
8091
0905
3f20
00fe
0212
2040
f808
203f
2020
3f20
2020
08f8
0808
f808
0818
1017
1094
5232
1010
06f8
0084
4448
1028
3057
9012
1110
1010
08fe
0808
0888
0838
0101
0101
0909
1111
0000
0000
2010
1008
2121
4181
0101
010e
0804
0404
0000
0000
0101
0909
1111
2141
0000
2010
0804
0212
8107
0000
0003
0c30
1020
2040
8000
0000
0121
1109
017f
4040
0008
1020
00fe
0202
4f48
4848
484f
4040
e222
2222
22e2
020e
0000
7f40
4040
4040
8080
fe00
8080
8080
5f40
4040
4040
409f
fc80
8080
8080
80fe
0000
7f40
4040
5f40
8080
fe00
8080
fc80
4141
4244
4850
8080
80c0
a090
8884
8080
017f
4044
5564
445f
00fe
0020
20a0
7e44
5151
5d55
559d
9113
a424
2428
1018
2442
0808
ff22
22ff
007f
0404
8810
2084
0408
417f
417f
08ff
0808
1020
0202
0488
1060
001f
0000
01ef
2121
00f0
2040
88ea
0c08
2f21
415f
8101
0106
e808
04f4
0200
0000
2020
20f9
2121
2a32
2020
2024
2422
2220
e420
2020
2020
2063
2424
e408
0810
6080
1013
10fc
1010
141b
00fe
4242
4282
820c
30d1
1111
1111
1131
00fe
0202
0202
fe02
2111
ff80
9f10
1f00
0810
fe02
f210
f000
7f01
3f01
ff01
0107
f800
f800
fe00
0000
2020
27f8
2320
2730
4040
fe40
fc44
fe44
63a0
2022
2225
2468
fc40
407c
4040
c03e
003f
2020
3f20
203f
00fc
0404
fc04
04fc
037c
04ff
0408
0830
0020
20fe
2020
2020
003f
2020
3f20
203f
00f8
0808
f808
08f8
007f
4040
7f40
407f
00fc
0404
fc04
04fc
00fb
8888
8888
f98a
00fc
4444
8484
0418
8889
8989
f981
8101
00fc
0404
0404
fc04
001f
1010
1f10
101f
00f0
1010
f010
10f0
00fc
8484
fc84
84fc
00fe
8282
fe82
82fe
1010
10fc
1011
3238
0070
1088
8804
0220
5454
9010
1011
1710
2040
4088
841e
e200
2022
2120
f821
6171
2022
24a8
20fc
0404
a9a1
a121
2121
2121
fc04
04fc
0404
041c
2020
27f9
2127
6073
4040
fc10
10fe
00f8
aaa3
a223
202f
2020
08f8
08f8
40fe
4040
2121
2223
fa26
2362
1010
20fe
2020
fc20
72ab
a222
2320
2428
20fc
2020
fe00
9292
402f
0000
0181
4204
00fc
8484
0404
0438
2827
2444
4444
8784
00fc
0404
0404
fc04
4422
0200
0784
4407
4444
4840
fc04
04fc
2424
2744
4444
8484
0404
fc04
0404
041c
4022
0202
824f
0002
4040
7c40
40fe
4048
2224
2841
4040
8087
444a
48d0
1020
c000
4222
020f
0282
4207
003e
22a2
2222
3e22
2a32
2242
4242
8282
a222
3e22
2222
223e
2020
21a8
a8a8
ab20
2020
fc20
20a8
fe88
2020
2320
5048
8106
8888
fe90
9092
121e
0810
3f60
a03f
2020
2040
fe80
80fe
8080
3f20
203f
0044
4482
fe80
80fe
0044
4422
007d
4444
457c
4444
00fe
2242
8400
fc84
4444
7c00
2424
4282
8484
fc00
4444
2222
0000
3f20
20a7
6020
8080
fe00
00fc
4040
2064
a424
2424
4f80
407c
4040
4040
fe00
0101
1111
2320
430c
0000
2824
4482
0200
1f28
cf08
0f08
0f08
f808
f808
f808
f808
02fd
2021
2141
4179
2224
20fc
0404
04fc
49c9
4949
4979
4901
0404
04fc
0404
040c
0001
fb25
2121
4179
8810
fe10
10fc
1010
4949
c949
4879
4902
fc10
10fe
0054
5252
2120
20fb
0808
1120
0488
88fe
2020
fc20
60b0
2b20
2020
2020
2020
fe20
2020
2020
19e1
2121
22fa
2020
0000
00fe
2020
2020
6070
a9a1
2220
2020
a8a4
2422
2220
2060
0101
7f08
08ff
001f
0000
fc20
20fe
00f0
101f
101f
01ff
0101
10f0
10f0
00fe
0000
207e
9009
0000
3f01
407e
9008
0038
c000
0101
ff02
0204
1860
0000
fe80
4020
100c
1090
5539
1111
fd11
1010
fe00
1010
1010
3139
5551
9212
1410
7c10
1010
1010
10fe
1023
4088
5020
204b
00fe
4242
4242
820c
f821
21a9
a9a9
a121
00fe
0202
0202
fe02
2111
0909
3f20
203f
0808
1020
f808
08f8
2020
3f20
2020
2020
0808
f808
0808
0838
04ff
0400
1f10
1f10
40fe
4000
f010
f010
1f00
7f40
7f40
7f40
f000
fc04
fc04
fc04
04ff
0448
494a
7849
40fe
4080
fc88
5020
08fb
484f
4849
8808
c010
10fe
1010
9030
04ff
0408
113f
509f
40fe
4080
00fc
80f8
101f
101f
0044
4480
80f8
80fc
0088
4402
1027
418f
1127
65a5
c01e
00e0
00c0
5e44
2725
2527
212f
212f
c444
44c4
04e4
04ec
1109
7f40
5f50
101f
1020
fc04
f414
10f0
01ff
020c
38c9
0e30
00fe
8088
50a0
1806
7000
00f8
0101
fa00
7010
9088
0804
0220
f800
00f8
8888
fb88
2040
4040
889c
e202
7003
00fc
0001
f901
00fe
2020
2020
2020
f901
01f9
8989
89fb
3e20
2020
2020
20fe
7003
00fc
0000
f801
00fc
4444
4484
8418
fa01
01f9
8989
f989
00fc
0404
0404
fc04
7100
00fb
0000
f801
0488
10fe
2020
20fc
f800
00fb
8888
f888
2020
20fe
2020
2020
040f
103f
e121
3f01
00c0
80f8
0808
f800
0e31
0638
0106
7803
1020
c0a0
9088
8600
1109
ff80
9f10
1f00
1020
fe02
f210
f000
3f20
233f
203f
0870
f808
f808
08f8
201c
4849
780b
f84b
8808
7ca4
98e0
08fe
8818
ff04
3f24
243f
203f
fe40
f848
48f8
08f8
1029
2844
807c
1010
00fe
1010
1010
909e
7c10
5454
101c
f003
9090
9090
9090
90fe
1029
2443
807d
1111
0cf0
20fe
20fc
2424
7d11
5555
101d
f003
fc24
24fc
20fc
20fe
2050
8900
f823
20f9
2020
fc88
88fe
00fc
2121
a9a9
a821
38e3
24fc
24fc
20fc
20fe
0078
4b48
5053
6051
2020
fe88
88fe
00fc
4949
4949
7043
4040
04fc
04fc
20fe
2020
4848
fe48
4978
10fe
2020
a8a4
22fc
8484
92fe
1010
fe10
1010
fc84
84fc
8484
848c
0202
0202
0202
0302
0000
0000
0000
f800
0202
0202
0202
ff00
0000
0000
0000
fe00
0000
00ff
0000
1010
8080
80fe
8080
8080
0809
0502
0508
30c0
8000
0000
00c0
300e
003f
0000
01fd
0509
00f8
1020
4084
4850
0911
21c1
0700
007f
2010
0806
0000
00fc
003f
0101
7f11
11ff
38c0
0000
fc10
10fe
1111
7f03
0509
31c1
1010
fc80
4020
1806
00ff
8080
800f
0808
00fe
0202
02e0
2020
0808
0808
1010
20c0
2020
2020
2020
221e
037c
0808
ff49
49ff
0202
2222
a222
22a2
4949
ff08
1c2a
4988
2222
a222
0202
028e
2020
2724
f424
2427
2620
fe20
2020
22a2
2424
3cc4
080b
1020
a4a4
a890
9030
4a86
2023
2223
fa23
2027
00f8
08f8
08f8
00fe
2123
2431
e600
0300
00fc
9414
24c4
0418
0027
2122
20fb
2023
40fe
0804
90fe
90fc
2027
2020
39c2
0001
90fe
40a2
9488
e482
2027
20f9
4a48
4b48
40fe
9008
0490
fc90
4b48
4b28
112a
4081
fc90
fea2
9488
e482
4121
11ff
809f
1010
0408
10fe
02f2
1010
1f01
3f21
2121
2101
f000
f808
0808
1800
2023
20a9
a8ab
a8a9
20fe
20fc
20fe
00fc
a121
2121
2121
2121
04fc
04fc
0404
040c
2027
20fb
2223
222f
00fe
40f8
08f8
08fe
39e5
2921
2224
2067
2204
fa12
a060
900e
080f
0814
2241
0618
00e0
2040
8000
c030
e101
7f03
0509
31c1
0e00
fc80
4020
1806
1010
1010
fb10
3039
2020
2020
fe20
2020
5555
9090
1010
1116
2020
a0a0
40a0
1806
4123
0408
8740
001f
00f8
1020
fc44
44fe
2020
2740
4040
8081
4444
fc44
4040
40c0
1010
1090
5037
1010
4048
4444
40fe
4040
3050
9010
1111
1214
4040
a0a0
1010
0806
003f
213f
213f
00ff
00f8
08f8
08f8
00fe
809f
101f
101f
10ff
02f2
10f0
10f0
10fe
18e7
2122
24f8
2320
40fe
0804
9290
fc90
7368
a7a0
232d
2123
fc90
fea2
1408
c402
08ff
0800
3f00
fc09
20fe
2000
f020
4488
1121
4700
ff00
2442
5020
1c00
fe00
4422
7007
01fa
0400
fb00
40fe
0804
9290
fc90
03f8
0300
f98a
88f9
fc90
fea2
9488
e482
00fd
5050
51fc
9594
20fe
4884
4a48
fe48
b5dc
8584
fc85
84fc
fe48
fe42
d448
64c2
1028
4581
017c
1110
2020
fe02
0200
fc20
10fc
1155
5551
1df2
2020
3820
20a0
601e
0007
04f7
9495
9495
00fe
02fe
00fc
20fc
9595
94f5
0509
0911
24fc
20fe
222a
7a06
2020
2720
20f8
2222
2020
fe20
fc84
84fc
2222
223a
c202
0203
8484
fc84
84fc
00fe
1028
4490
7d44
447c
8080
fe90
1010
fe92
4444
7c40
5048
74c4
9292
9292
9296
1010
0000
0000
0000
0000
0101
0101
0101
0101
0000
0000
0000
0000
0101
0101
0101
0101
c101
0101
017f
7f7f
181f
1f1f
1f1f
1f1f
1f00
0000
00ff
ffff
ff00
8000
0000
0200
c101
0101
017f
7f7f
181f
1f1f
1f1f
1f1f
1f00
0000
00ff
ffff
ff00
8000
0000
0200
c101
0101
017f
7f7f
181f
1f1f
1f1f
1f1f
1f00
0000
00ff
ffff
ff00
8000
0000
0200
c101
0101
017f
7f7f
181f
1f1f
1f1f
1f1f
1f00
0000
00ff
ffff
ff00
8000
0000
0200
c101
0101
017f
7f7f
181f
1f1f
1f1f
1f1f
1f00
0000
00ff
ffff
ff00
8000
0000
0200
c101
0101
017f
7f7f
181f
1f1f
1f1f
1f1f
1f00
0000
00ff
ffff
ff00
8000
0000
0200
c101
0101
017f
7f7f
181f
1f1f
1f1f
1f1f
1f00
0000
00ff
ffff
ff00
8000
0000
0200
c101
0101
017f
7f7f
181f
1f1f
1f1f
1f1f
1f00
0000
00ff
ffff
ff00
8000
0000
0200
c101
0101
017f
7f7f
181f
1f1f
1f1f
1f1f
1f00
0000
00ff
ffff
ff00
8000
0000
0200
c101
0101
017f
7f7f
181f
1f1f
1f1f
1f1f
1f00
0000
00ff
ffff
ff00
8000
0000
0200
c101
0101
017f
7f7f
181f
1f1f
1f1f
1f1f
1f00
0000
00ff
ffff
ff00
8000
0000
0200
c101
0101
017f
7f7f
181f
1f1f
1f1f
1f1f
1f00
0000
00ff
ffff
ff00
8000
0000
0200
c101
0101
017f
7f7f
181f
1f1f
1f1f
1f1f
1f00
0000
00ff
ffff
ff00
8000
0000
0200
c101
0101
017f
7f7f
181f
1f1f
1f1f
1f1f
1f00
0000
00ff
ffff
ff00
8000
0000
0200
c101
0101
017f
7f7f
181f
1f1f
1f1f
1f1f
1f00
0000
00ff
ffff
ff00
8000
0000
0200
c101
0101
017f
7f7f
181f
1f1f
1f1f
1f1f
1f00
0000
00ff
ffff
ff00
8000
0000
0200
c101
0101
017f
7f7f
181f
1f1f
1f1f
1f1f
1f00
0000
00ff
ffff
ff00
8000
0000
0200
c101
0101
017f
7f7f
181f
1f1f
1f1f
1f1f
1f00
0000
00ff
ffff
ff00
8000
0000
0200
c101
0101
017f
7f7f
181f
1f1f
1f1f
1f1f
1f00
0000
00ff
ffff
ff00
8000
0000
0200
c101
0101
017f
7f7f
181f
1f1f
1f1f
1f1f
1f00
0000
00ff
ffff
ff00
8000
0000
0200
c101
0101
017f
7f7f
181f
1f1f
1f1f
1f1f
1f00
0000
00ff
ffff
ff00
8000
0000
0200
c101
0101
017f
7f7f
181f
1f1f
1f1f
1f1f
1f00
0000
00ff
ffff
ff00
8000
0000
0200
c101
0101
017f
7f7f
181f
1f1f
1f1f
1f1f
1f00
0000
00ff
ffff
ff00
8000
0000
0200
c101
0101
017f
7f7f
181f
1f1f
1f1f
1f1f
1f00
0000
00ff
ffff
ff00
8000
0000
0200
c101
0101
017f
7f7f
181f
1f1f
1f1f
1f1f
1f00
0000
00ff
ffff
ff00
8000
0000
0200
c101
0101
017f
7f7f
181f
1f1f
1f1f
1f1f
1f00
0000
00ff
ffff
ff00
8000
0000
0200
c101
0101
017f
7f7f
181f
1f1f
1f1f
1f1f
1f00
0000
00ff
ffff
ff00
8000
0000
0200
c101
0101
017f
7f7f
181f
1f1f
1f1f
1f1f
1f00
0000
00ff
ffff
ff00
8000
0000
0200
c101
0101
017f
7f7f
181f
1f1f
1f1f
1f1f
1f00
0000
00ff
ffff
ff00
8000
0000
0200
c101
0101
017f
7f7f
181f
1f1f
1f1f
1f1f
1f00
0000
00ff
ffff
ff00
8000
0000
0200
c101
0101
017f
7f7f
181f
1f1f
1f1f
1f1f
1f00
0000
00ff
ffff
ff00
8000
0000
0200
c101
0101
017f
7f7f
181f
1f1f
1f1f
1f1f
1f00
0000
00ff
ffff
ff00
8000
0000
0200
0000
0000
0000
0000
0101
0101
0101
0101
0000
0000
0000
0000
0101
0101
0101
0101
2020
2020
fb20
2028
2028
2420
fe20
2020
37e1
2121
2121
2760
d010
1010
10ca
0a04
2020
23f8
2020
6072
2020
fe20
fc84
84fc
aaa2
2222
2222
2223
8484
fc84
84fc
00fe
00fd
2020
207a
4a4a
20fe
2020
fc84
84fc
4aaa
1a0a
1212
2243
8484
fc84
84fc
00fe
2027
242c
b7a1
a3a4
00fc
a4a4
fc00
fe42
2b22
2350
4883
8000
fa4a
fa42
4afa
0418
1121
478a
5222
2748
1014
d292
9090
fe10
fb22
22ab
aaaa
a320
d052
52d4
4848
d422
fc48
4b49
7949
4b48
888a
ea4a
4848
fe08
7b4a
4a4b
7aca
0b0a
c84a
4acc
4848
d462
081f
2040
803f
2121
00f0
2040
80f8
0808
2121
3f20
2020
201f
0808
f800
0002
02fe
103e
2244
887f
4949
1010
107c
5454
5454
7f49
497f
4141
8183
5454
7c10
1412
1e62
0102
0408
1121
df10
0080
4020
1806
f808
1f10
1f10
1211
1c70
f808
f800
0890
601e
1028
2442
7c81
7d45
2020
2020
20fc
2424
7d45
7d40
7c40
7c41
2424
fc20
2824
3ee2
007f
405f
407f
4444
00fe
00fc
00fe
4428
859e
00ff
000c
0200
9806
10fe
1010
1070
003f
2020
3f20
2121
00fc
0404
fc00
0000
2f21
2121
2242
4488
f010
1010
1012
120e
0408
0813
1232
3253
2020
20fe
2222
22fe
9212
1213
1010
1010
2222
22fe
2020
2020
0809
1010
2720
6063
00f8
0000
fe00
00fc
a023
2020
2322
2223
00fc
0000
fc04
04fc
1017
2027
6067
a0af
00fc
04fc
04fc
00fe
282b
2821
2020
212e
02fa
0a10
a040
b00e
007f
405f
407f
4848
00fe
00f8
00fe
8058
4b9c
801f
1010
101f
201e
00f8
0808
08f8
2023
2222
fa4a
4a4b
00fe
0000
fc00
00fe
4a4a
9252
2224
5489
80a2
a498
9088
e482
01ff
8093
1013
9053
00fe
02fa
08f8
08f8
1017
3455
9010
1013
00fe
02fa
0890
609e
0101
ff80
bf09
05ff
0000
fe02
fa20
40fe
0509
113f
d11f
111f
4020
10f8
16f0
10f0
0003
0000
0404
2424
0000
8000
0008
0402
2424
2444
4484
0300
0202
0000
0808
f000
2023
20a9
a9a9
a9a9
20fe
20fc
04fc
04fc
a121
2027
2020
2126
04fc
00fe
0088
0402
2027
24f4
2524
2437
00fe
0000
fc00
00fe
64a4
2424
2424
286b
8090
9294
88a8
c402
1010
fe44
4444
fe10
06f8
8080
80fe
8888
10fe
1030
5895
1110
8888
8888
8808
0808
007f
0424
1404
ff00
00fc
4048
5040
fe00
001f
1010
1f10
101f
00f0
1010
f010
10f0
0101
7f03
0519
6101
0000
fc80
4030
0c00
1110
fe10
3854
9210
1010
fe10
3854
9210
2020
2ff0
2720
6f71
4040
fe40
fc90
fe08
aaa4
2120
2720
2126
0432
c040
fce0
504c
4027
0007
8047
000f
00fc
04fc
04fc
00fe
282b
2041
4040
818e
02fa
0810
a040
b00e
402f
0909
8142
0c00
00fe
1212
1012
1e40
202f
2040
4142
8c80
40fe
40e0
5048
4640
0101
7f41
4141
7f41
0000
fc04
0404
fc04
4141
7f01
0101
0101
0404
fc00
0000
0000
0000
3f20
a061
2638
8080
fe00
8040
308e
61a6
2021
4640
811e
0020
4488
1060
8000
0101
ff01
1f10
1f10
0000
fe00
f010
f010
1f10
1f00
ff08
1060
f010
f000
fe20
100c
1010
10fe
0202
0408
1010
fe92
9292
fe92
1038
5492
1010
1010
9292
fe10
1010
1010
0101
7f02
3f04
ff08
0000
fc00
f840
fe20
102f
c11f
0305
0931
d008
06f0
8040
2018
0810
2044
2810
2044
1010
10fe
9292
92fe
fe12
1054
5492
9210
9292
92fe
1010
1010
007f
4141
417f
4040
00fc
0000
00f8
0808
4040
7f41
4141
7f40
0808
f800
0000
fe00
0808
ff08
0800
0100
4040
fe40
4000
0080
0828
2848
4888
0807
1008
0402
1210
10f0
08ff
0810
fe44
44fe
20fe
200c
f080
80fe
1010
fe10
3854
9111
8888
8888
8888
0808
1010
fe44
4428
fe10
00fc
8484
fc84
84fc
10fe
1038
5490
1013
8484
fc48
488a
8a0e
7000
00f8
0102
f800
2020
5088
0412
20c4
03f8
0000
fb88
88fb
0810
22c4
0810
6080
021f
1010
1f10
101f
00f0
1010
f010
12f2
1010
137c
0001
0638
1418
f050
9010
1070
0101
7f08
0804
04ff
0000
fc20
2040
40fe
0101
017f
0101
0101
0000
00fc
0000
0000
8142
240f
0404
e724
0810
20fe
2020
fe20
2427
2424
2720
508f
20fe
2020
fe00
00fe
1018
2442
807d
1010
1010
1010
10fe
1010
fe10
9252
5410
1ef0
1010
1010
1010
1010
003f
01ff
81b9
9d00
00f8
00fe
0272
3a00
7f40
5f40
7f48
489f
fe00
f800
fe88
503c
0000
0000
0101
0102
8080
8080
0000
0080
0204
0408
1020
4080
8040
4020
1008
0402
0408
0813
1030
3050
0000
00fc
0000
0000
9010
1010
1017
1010
0000
0000
00fe
0000
00ff
0101
0131
0906
00fc
0404
0404
0404
0203
0404
0810
20c0
0404
8444
4404
0870
017f
447f
447f
484e
00fe
40fc
44fc
8098
484a
5c41
9f81
bf00
e082
fe00
f800
fc00
0000
07f9
0101
0101
0078
8000
0000
0000
ff01
0101
0101
7f00
fe00
0000
0000
fc00
003f
003f
003f
00fe
00f8
08f8
08f8
00fe
1010
fe00
ff00
0e00
8282
fe10
fe10
1070
0808
7f08
0f08
0f08
2020
fc20
e020
e020
08ff
2424
3820
3f20
20fe
8084
fc00
fc00
003f
2020
203f
2020
00f8
0808
08f8
4840
2422
2120
4046
8100
4020
2010
0804
8260
007f
487e
427e
487f
007e
0444
2810
2846
001f
101f
101f
1010
00f0
10f0
10f0
1030
007b
00fc
0000
7803
00f8
0888
8888
88e8
7800
0078
4949
7a48
8888
8888
080a
0a04
004f
2000
0000
07e0
00f8
0888
8888
e888
2020
2020
2050
8807
888a
8a8a
8400
00fe
007b
4848
5151
6151
20fe
2020
fc24
24fc
4949
4948
7043
4040
2424
fc20
20fe
2020
48fe
4848
7810
fe93
00fc
2424
a4a4
a424
93fe
1010
fe10
1116
2424
4444
8484
0830
207e
8900
7f00
007f
40fe
1000
fc04
04e4
001f
1010
1f10
0000
04c4
4444
c404
041c
00ef
0404
fc07
f404
00e0
80be
82a2
a2a2
f704
04f4
979c
f090
a494
9494
8888
94e2
0813
2040
8109
1121
00fe
2020
fc04
04fc
4181
0911
2140
8102
04fc
0404
fc88
0402
00fe
2828
29fe
aaaa
2020
40fe
2020
203e
aace
8282
fe82
82fe
2020
203e
2020
2020
007f
4049
4444
404c
00fe
0212
9292
2222
4241
4146
5840
7f40
4282
4222
1202
fe02
007f
4040
7f40
405f
00fe
0008
8808
087e
5151
515f
828a
8b3c
0848
2828
0808
8818
0027
1000
4322
0202
00fc
0000
f808
0808
e320
2121
2720
508f
f810
1010
fc00
00fe
0000
00f9
898a
8888
8080
fe02
2222
2428
8888
88f8
8800
010e
2020
5050
8888
0402
0000
3f01
017f
1111
0870
8000
00fc
1010
ff11
117f
0101
017f
fe10
10fc
0000
00fc
0810
7c44
4444
7c40
1010
1010
fe92
9292
4040
7c44
4444
7c40
9292
9292
9296
1010
2121
22fb
2226
2223
1010
20fe
2020
20fc
3ae2
2223
2222
2263
2020
20fc
2020
20fe
0101
0101
01fd
0505
0000
0408
1060
8040
0909
1121
4181
0107
4020
2010
0806
0000
1010
1094
9499
9110
4040
40fe
a222
2420
1010
1028
2444
4182
2050
5048
8884
0402
00f9
8888
8bf9
8989
0cf0
2020
fe24
2424
8bf9
8989
8bf8
8803
fe24
2424
fe20
20fe
2020
aba8
7021
f926
8080
f888
880a
0a26
6070
aba0
2020
2020
2020
fe20
2020
2020
007e
0262
0a12
6201
00fc
04c4
1424
c400
7f08
1460
01ff
0101
fc20
5088
00fe
0000
0101
ff00
1f10
ff10
0000
fe00
f010
fe10
1f02
040c
34c4
071c
f000
8244
2890
0806
8241
2700
0003
ec20
1020
fe40
8044
68b0
232c
2021
2620
508f
3068
a824
22c0
00fe
00fe
2928
28fe
aaab
4040
f848
488a
8a06
aace
8282
fe82
82fe
1010
10fe
1010
1010
1028
4480
017a
1010
4848
9090
fe90
90fe
fe10
5454
101e
e000
9090
fe90
9090
fe80
1028
4482
007c
1010
0cf0
1010
fe54
5454
fe10
1252
5450
1ef0
fe54
5454
fe10
10fe
007a
4949
4850
504b
1010
7e10
207c
a43c
4949
4949
7141
4244
243c
2424
242c
807e
0004
f427
2420
27f0
4044
44fc
0400
fe40
2027
2424
34c4
0404
80fe
9292
9292
9296
7c44
5d54
fe82
827c
1010
7e90
103c
2464
477c
447c
4444
454d
bca4
bca4
a4ac
c03e
2121
3f00
017f
4040
0808
f800
00fc
0404
1f00
007f
0109
31c3
f000
00fc
0020
1806
4141
7f01
ff00
0f08
0404
fc00
fe00
e020
0f00
7f40
4f48
4f40
e000
fc04
e424
e40c
1092
5410
fd10
5492
4040
40fe
0808
8888
0020
ff24
6418
24c3
9050
5020
2050
8806
2023
2222
fa22
2272
00fe
0000
8448
2810
6aaa
a2a2
2222
2322
1028
4484
0000
fe00
1011
1279
1110
fc11
80fc
0454
f444
8800
1350
5d51
7051
8887
fc04
54f4
4488
00fe
207f
8155
7d11
6300
2424
4848
7ec8
487e
207f
8155
7d11
2146
4848
7e48
4848
7e40
2023
22fa
2322
2222
00fe
0202
fe10
10fe
32e2
2222
2224
2468
1010
fe82
8282
fe82
1010
10fc
1110
3038
0810
2040
8408
1020
5455
9010
1010
1011
4082
0204
0810
6080
2021
2121
f921
6171
00fc
0404
fc04
04fc
a8ab
a222
2322
2223
00fe
0202
fe02
02fe
08ff
0801
ff80
9f10
20fe
2000
fe02
f210
101f
1010
1f10
101f
10f0
0000
f808
08f8
0808
7f49
4a48
487e
00fe
1020
fc84
84fc
4242
5454
8894
a203
84fc
8484
fc48
8402
0911
6181
0702
1f30
1008
2444
8040
fe80
d01f
1010
1f10
101f
80fc
8080
fc80
80fe
2021
21f9
0909
1125
00fe
0202
fe10
10fe
69b1
2922
2224
2820
1010
fe82
8282
fe82
0000
0000
0000
0000
0101
0101
0101
0101
0000
0000
0000
0000
0101
0101
0101
0101
e401
4042
4113
131f
1f19
141c
1c12
0f04
0f00
0000
000f
0f0f
0f00
8000
0000
0200
df43
0243
4125
2525
251f
1f1f
1f0d
1f1f
1f01
0101
01fb
0a0a
0a00
8000
0000
0200
df43
0146
4125
2525
251f
1f1f
1f0d
1f12
1f01
010e
01fb
0a0a
0a00
8000
0000
0200
df43
0142
4123
2424
241f
1f1f
1f0d
1f1f
1f01
0101
01fb
0a0a
0a00
8000
0000
0200
efc6
0341
c023
2322
221c
149a
1912
0f0f
0f00
0000
00ff
0f0f
0f00
8000
0000
0200
fb52
0111
5317
2021
1c18
1f1f
1f1a
1f1f
1f49
0000
006f
0f0f
0f00
8000
0000
0200
fe34
3234
3123
2020
201f
1f1f
1f00
0000
0000
0000
000a
0a0a
0a00
8000
0000
0200
f502
c104
c12b
2724
241f
1f1f
1f1f
1f1f
1f01
0101
010a
0a0a
0a00
8000
0000
0200
c447
3161
0221
1021
211f
1f1f
1f1f
1f1f
1f00
0000
000f
0f0f
0f00
8000
0000
0200
c4c3
01c3
021e
0b20
201f
1f1f
1f1f
1f1f
1f00
0000
000f
0f0f
0f00
8000
0000
0200
f444
0062
001e
0f22
221f
1f53
5111
1f1f
1f00
0000
002b
090b
0900
8000
0000
0200
f400
4200
4214
0a1f
271f
1f50
5211
1f1f
1f00
0000
0018
0907
0a00
8000
0000
0200
f400
4301
4212
151f
241f
1f8e
5211
101f
1f00
0000
0014
2904
0a00
8000
0000
0200
fc4a
6062
302b
0822
2216
988f
8c00
0000
0000
0000
000a
0508
0500
8000
0000
0200
c433
3531
3109
141d
1d1f
1f1f
1f11
111a
0608
0807
06af
af4f
2f00
8000
0000
0200
d950
5149
520b
1f16
1c12
1905
1707
0205
0305
0005
002c
2c2c
2900
8000
0000
0200
d632
3131
4126
2626
2611
1f1f
9f1f
0a1f
0a00
0a00
000f
640f
0f00
8000
0000
0200
c101
0101
017f
7f7f
181f
1f1f
1f1f
1f1f
1f00
0000
00ff
ffff
ff00
8000
0000
0200
c101
0101
017f
7f7f
181f
1f1f
1f1f
1f1f
1f00
0000
00ff
ffff
ff00
8000
0000
0200
c101
0101
017f
7f7f
181f
1f1f
1f1f
1f1f
1f00
0000
00ff
ffff
ff00
8000
0000
0200
c101
0101
017f
7f7f
181f
1f1f
1f1f
1f1f
1f00
0000
00ff
ffff
ff00
8000
0000
0200
c101
0101
017f
7f7f
181f
1f1f
1f1f
1f1f
1f00
0000
00ff
ffff
ff00
8000
0000
0200
c101
0101
017f
7f7f
181f
1f1f
1f1f
1f1f
1f00
0000
00ff
ffff
ff00
8000
0000
0200
c101
0101
017f
7f7f
181f
1f1f
1f1f
1f1f
1f00
0000
00ff
ffff
ff00
8000
0000
0200
c101
0101
017f
7f7f
181f
1f1f
1f1f
1f1f
1f00
0000
00ff
ffff
ff00
8000
0000
0200
c101
0101
017f
7f7f
181f
1f1f
1f1f
1f1f
1f00
0000
00ff
ffff
ff00
8000
0000
0200
c101
0101
017f
7f7f
181f
1f1f
1f1f
1f1f
1f00
0000
00ff
ffff
ff00
8000
0000
0200
c101
0101
017f
7f7f
181f
1f1f
1f1f
1f1f
1f00
0000
00ff
ffff
ff00
8000
0000
0200
c101
0101
017f
7f7f
181f
1f1f
1f1f
1f1f
1f00
0000
00ff
ffff
ff00
8000
0000
0200
c101
0101
017f
7f7f
181f
1f1f
1f1f
1f1f
1f00
0000
00ff
ffff
ff00
8000
0000
0200
c101
0101
017f
7f7f
181f
1f1f
1f1f
1f1f
1f00
0000
00ff
ffff
ff00
8000
0000
0200
c101
0101
017f
7f7f
181f
1f1f
1f1f
1f1f
1f00
0000
00ff
ffff
ff00
8000
0000
0200
0000
0000
0000
0000
0101
0101
0101
0101
0000
0000
0000
0000
0101
0101
0101
0101
4023
0805
0284
4b00
00c4
a810
0a04
fa00
2027
2444
4742
818f
00fc
0404
fc08
10fe
202f
2224
f922
2420
00be
8a92
a68a
9240
38e3
2222
2322
2263
80fc
0404
fc04
04fc
0000
00ff
0000
0010
2020
20fe
2020
2020
0804
0400
0000
0001
2020
2020
2020
20c0
2121
2121
ff21
2121
0808
0808
fe08
0808
2121
2120
2020
3f20
0808
f800
0000
fe00
4222
0f02
028f
4a0a
003e
8808
3ea2
a2be
2f22
2247
4a52
8282
a222
3e22
a23e
1422
1010
10fe
0000
fe92
2020
203c
4444
8408
9292
fe92
9292
fe81
0810
1028
2844
8402
003f
203f
203f
0000
00f8
08f8
08f8
0000
ff01
1111
1129
4583
fe00
00f8
0000
00fe
0000
9f40
4700
1f00
8080
fe80
f888
fe88
2721
215f
4247
808f
f800
00fe
1010
e018
4848
7f88
08ff
0808
0202
0222
22a2
2222
7f49
4949
4949
4b08
2222
2222
2202
0206
107c
11fe
284e
907c
4040
f848
4848
ea4a
117c
013f
0102
0c70
8e00
00fc
0404
0870
2021
21f9
494a
4848
2020
20fc
2020
2020
8889
4830
1028
4083
20fc
2020
2020
20fe
1027
4088
1010
2262
00fc
4040
4040
4040
a222
2222
2222
222f
7c40
4040
4040
40fe
2021
2129
a9aa
a2a4
2020
2020
fe20
2020
a0a1
2020
2020
2027
20fc
2020
2020
20fe
0000
007f
4040
407e
4844
40fe
4044
4448
4242
4242
4c40
8380
4850
2020
5090
0a06
00ff
0808
0809
084e
4040
40fe
8808
4848
4848
4848
484e
f003
4850
5020
2050
8806
10fe
10fe
92fe
1038
2020
7e84
2428
1028
d600
7f01
1111
11ff
c600
fe00
f800
00fe
003f
203f
2020
3f11
00f8
08f8
0808
f800
111f
2141
1f01
01ff
00fc
0000
f800
00fe
0000
fb88
8988
8bf8
2020
fe20
fc20
fe00
8989
8989
f989
0101
fc04
fc04
fc04
040c
2020
2720
fb20
2770
4040
fe40
fc44
fe44
6ba0
a0a7
2122
2027
fc40
80fe
08d0
38c6
2023
20fc
2023
6272
00fe
5050
50fe
5252
aaa2
2223
2222
2322
5252
8e02
0202
fe02
00ff
0101
0121
2121
00fe
0000
0000
00f8
2121
2121
2121
ff00
0000
0000
0000
fe00
4020
0f00
0780
4f00
4040
fe40
fc40
fe00
2724
2744
4744
8484
fc04
fc04
fc04
040c
1091
91fd
9192
1410
2020
2020
fe20
2020
101d
f010
1010
1013
20fc
2020
2020
20fe
0121
2121
3f41
4181
0000
0000
fc00
0000
013f
0101
0101
01ff
00f8
0000
0000
00fe
0000
7f40
407e
4242
9880
fe80
4044
2810
8c81
003f
2424
24ff
6a86
00f8
4848
48fe
2023
20a9
7023
f821
20fe
20fc
20fe
00fc
6171
a9a1
2121
2121
04fc
04fc
0404
040c
00ff
427e
427e
42fe
0000
7e42
4242
7e42
02ff
0101
7f01
01ff
00fe
0000
fc00
00fe
01ff
0101
7f00
003f
00fe
0000
fc00
00fc
2121
3f20
2040
4080
0404
fc00
0000
0000
487f
08ff
087f
4949
0424
24a4
2424
2404
4a01
ff02
041c
650e
0c00
fe80
4428
900e
00ff
0404
047f
4444
00fe
4040
40fc
4444
4448
5040
407f
4000
443c
0404
04fc
0400
7000
00fb
0202
f203
1412
10fe
1010
12d2
02f2
0202
f292
94f4
5254
54c8
081a
26c2
10fc
101c
f010
310f
0cf0
80fe
8888
08e0
00ff
001f
001f
101f
00fe
00f0
00f0
10f0
007b
0001
fc03
0079
20fe
20fc
20fe
00fc
0179
0101
7949
4979
04fc
04fc
0404
040c
0282
422f
0202
03ee
0c30
20a0
203e
a424
2222
2222
2256
8807
2424
4444
8404
00fe
00fe
2828
feaa
aaaa
00fe
82fe
82fe
1050
ce82
83fe
8282
fe82
7e90
107c
1010
10fe
0101
7f01
3f01
ff00
0000
fc00
f800
fe00
1f10
1f10
1f10
1010
f010
f010
f010
1070
10fe
107c
10fe
007c
407c
8408
10fc
2424
457c
447c
4444
444c
fe24
24fc
2020
2060
01ff
0804
0201
0ef0
00fe
2040
8000
e01e
101f
1010
1f10
2040
10f0
1010
f010
1010
0cf0
1010
11fd
1111
8484
4848
fe02
0202
3139
5490
1010
1116
fe52
5050
9092
121e
0078
494a
4979
4949
80f8
0810
fe00
007c
4979
4949
494a
8a98
4444
444c
4040
423e
103f
60bf
203f
203f
40fe
80fc
80fc
80fe
003f
0004
0201
0678
00f8
1020
4080
601e
007f
4444
7f44
4447
80fe
1010
fe10
10f0
4040
4f48
4848
8880
8080
fc84
8484
9c80
2020
23a8
a8a8
aba8
8888
fe88
8888
fe00
a021
2121
2121
2121
00fc
0404
fc04
04fc
0000
7f44
4447
4444
4c40
fe40
4044
4424
7f44
5555
5544
8c81
a428
2810
304a
8a04
003f
2020
203f
2020
0cf0
0000
00fe
4040
2221
2020
2040
4080
4040
c060
5048
4040
0808
7f08
0808
ff00
2020
fc20
2020
fe00
003f
2020
3f20
203f
00f8
0808
f808
08f8
2021
21f9
2121
6171
0cf0
0000
00fe
0808
a9a9
2121
2122
2224
0808
0808
0808
0808
00ff
0202
0404
0808
00fe
0000
0000
0000
1f28
4888
0808
0f08
fc04
0404
0404
fc04
0cf3
1011
fc13
1031
20fe
20fc
20fe
00fc
3955
5191
1111
1013
04fc
04fc
04fc
8806
407e
8804
10fe
107c
407e
8804
48fe
4848
11fe
1030
3854
9210
fe00
00fc
84fc
84fc
1023
4089
5023
2049
20fe
20fc
20fe
00fc
f921
21a9
a9a9
a023
04fc
04fc
04fc
8806
017d
017d
020c
30df
007c
007c
8060
18f6
101f
101f
1010
1010
10f0
10f0
1010
1070
017f
013f
01ff
003f
00fc
00f8
00fe
00f8
203f
203f
203f
0830
08f8
08f8
08f8
2018
0101
7f01
0101
ff04
0000
fc00
0000
fe40
0424
2424
4484
0811
4050
4848
4444
40c0
00f8
8b88
88f8
2121
2020
fe50
5050
5454
a1b9
a1a2
a2b8
e001
5454
5452
5290
9030
00fb
8889
88fb
2021
20fe
20fc
20fe
00fc
a1bd
a1a1
a1bd
e003
04fc
04fc
04fc
8806
00fb
2020
2121
417d
00fe
2040
fc04
04fc
65a5
a525
3d21
2003
0404
fc04
04fc
8806
2023
2020
2ef0
2020
00fe
2222
2222
2222
2020
2024
3c01
020c
4242
4282
8404
0418
2020
20fa
2222
2223
2020
2022
2222
22fe
38e0
2222
2222
2263
2020
2222
2222
22fe
2020
23f8
2020
2338
2020
fe88
8888
fe20
e027
2021
2020
2067
40fe
8888
5020
d804
202f
22fb
2223
2222
00fe
08f8
08f8
083e
2738
e221
2020
236c
c808
0408
0098
0402
1010
11fd
1111
1111
001c
e000
0000
fe08
1df1
1111
1112
1234
0808
0808
0808
0808
7001
01f9
0102
f803
00f0
1010
121e
00f8
00f9
0100
f888
88fb
0808
1090
a060
9806
01ff
8484
0870
0020
00fe
4242
407c
0000
20fe
2020
2024
3c01
fe22
2222
4242
820c
207e
4884
007e
4242
207e
4884
007e
4242
7e42
427e
4044
4ef1
4242
4242
424c
4040
7901
00fb
0202
fa02
0808
90fc
0404
0404
03f8
0000
f889
89fa
fc90
9090
9010
121e
007f
01ff
81bd
813d
00fc
00fe
027a
0278
003f
0000
3f00
003f
00f8
0808
f808
08f8
1020
4089
5227
224a
4040
f810
20fc
4444
fa22
23aa
aaaa
a221
4444
fc00
0002
02fe
007f
0101
01ff
0101
1ce0
0000
00fe
0000
013f
2020
2020
3f20
00f8
0808
0808
f808
2023
22fe
a7a4
a5a5
00de
5252
de00
fc24
fda1
2128
2b38
c800
fc24
fc20
fe20
2020
0810
1020
2062
62a2
2020
2020
2022
2222
2222
2222
2222
2322
2222
2222
2222
fe02
1111
113f
2141
0101
0000
00fc
0000
0000
ff04
0408
0810
20c0
fe40
4040
4042
423e
0000
3f01
0101
0101
00f0
0000
0000
0000
ff01
0101
0101
0101
fe00
0000
0000
0000
0202
0202
0302
0202
0000
0000
fe00
0000
027f
4040
4040
407f
00fc
0404
0404
04fc
01ff
8080
3f00
1f10
00fe
0202
f800
f010
101f
1010
1f00
00ff
10f0
1010
f000
00fe
0101
ff01
3f21
3f21
0000
fe00
f808
f808
3f20
00ff
0018
0600
f828
20fe
2020
20e0
0101
1121
c107
0001
0000
1008
0400
0000
01ff
0102
0408
30c0
00fe
0080
4020
1806
1010
1010
1010
1010
0484
8484
8484
8484
1010
1010
2020
4080
8484
8484
8404
0404
9292
04fe
9293
fe92
2028
2420
2ef0
2022
92fe
1010
ff10
1011
2212
1414
0818
2ac6
00ff
007f
407f
405f
00fe
00fc
04fc
007c
4151
4941
4559
8183
0444
2404
1464
040c
2027
2427
f424
2720
00bc
a4bc
20a4
bc00
31e7
2121
2f21
226c
10fc
1010
fe10
0806
2020
2020
f922
6570
0040
a090
0804
fa40
a8a0
a320
2020
2027
4040
f840
4040
40fc
2121
2122
fa25
6171
0000
fe00
00fc
2424
a9a1
a721
2121
2121
2424
fe04
0404
040c
043f
2020
3f20
203f
00f8
0808
f808
08f8
0101
f909
0911
21c3
0004
8850
2010
0806
4020
000f
0080
4700
4c40
7ec0
407c
c040
202f
2040
4040
8087
7ec0
4024
2810
6a86
4022
0207
0488
4000
4040
40fc
4040
4040
2f21
2141
4242
8498
fe20
2020
2222
223e
4121
0f81
4112
1224
0000
f010
1012
1212
4901
ff03
0509
31c1
0e00
fe80
4020
1806
422f
0202
0f82
4508
08be
0808
be08
14a2
2027
2444
4744
8487
00fc
0404
fc04
04fc
0804
ff00
007e
425a
2040
fe00
0848
4848
425a
4246
0024
2242
4848
4818
0048
2422
2020
2322
abb2
a2a3
000e
f000
fe02
02fe
2222
2254
4c44
8990
00ee
66aa
66aa
2266
2121
21fa
4041
7848
0000
fe00
00fe
2224
4848
4949
494a
8a98
2020
3c20
20a0
603e
01ff
8484
1800
3f00
00fe
828a
f800
f840
1010
3f41
0618
e001
4040
fe40
4040
40c0
207e
8910
08ff
003e
40fe
1048
40fe
0004
2232
2a22
322a
2226
4444
4444
4444
040c
1021
4189
5121
2149
40fc
0404
fc04
04fc
f820
23a8
a9aa
a420
2024
a8b0
2824
2260
0000
0000
0000
0000
0101
0101
0101
0101
0000
0000
0000
0000
0101
0101
0101
0101
c101
0101
017f
7f7f
181f
1f1f
1f1f
1f1f
1f00
0000
00ff
ffff
ff00
8000
0000
0200
c101
0101
017f
7f7f
181f
1f1f
1f1f
1f1f
1f00
0000
00ff
ffff
ff00
8000
0000
0200
c101
0101
017f
7f7f
181f
1f1f
1f1f
1f1f
1f00
0000
00ff
ffff
ff00
8000
0000
0200
c101
0101
017f
7f7f
181f
1f1f
1f1f
1f1f
1f00
0000
00ff
ffff
ff00
8000
0000
0200
c101
0101
017f
7f7f
181f
1f1f
1f1f
1f1f
1f00
0000
00ff
ffff
ff00
8000
0000
0200
c101
0101
017f
7f7f
181f
1f1f
1f1f
1f1f
1f00
0000
00ff
ffff
ff00
8000
0000
0200
c101
0101
017f
7f7f
181f
1f1f
1f1f
1f1f
1f00
0000
00ff
ffff
ff00
8000
0000
0200
c101
0101
017f
7f7f
181f
1f1f
1f1f
1f1f
1f00
0000
00ff
ffff
ff00
8000
0000
0200
c101
0101
017f
7f7f
181f
1f1f
1f1f
1f1f
1f00
0000
00ff
ffff
ff00
8000
0000
0200
c101
0101
017f
7f7f
181f
1f1f
1f1f
1f1f
1f00
0000
00ff
ffff
ff00
8000
0000
0200
c101
0101
017f
7f7f
181f
1f1f
1f1f
1f1f
1f00
0000
00ff
ffff
ff00
8000
0000
0200
c101
0101
017f
7f7f
181f
1f1f
1f1f
1f1f
1f00
0000
00ff
ffff
ff00
8000
0000
0200
c101
0101
017f
7f7f
181f
1f1f
1f1f
1f1f
1f00
0000
00ff
ffff
ff00
8000
0000
0200
c101
0101
017f
7f7f
181f
1f1f
1f1f
1f1f
1f00
0000
00ff
ffff
ff00
8000
0000
0200
c101
0101
017f
7f7f
181f
1f1f
1f1f
1f1f
1f00
0000
00ff
ffff
ff00
8000
0000
0200
c101
0101
017f
7f7f
181f
1f1f
1f1f
1f1f
1f00
0000
00ff
ffff
ff00
8000
0000
0200
c101
0101
017f
7f7f
181f
1f1f
1f1f
1f1f
1f00
0000
00ff
ffff
ff00
8000
0000
0200
c101
0101
017f
7f7f
181f
1f1f
1f1f
1f1f
1f00
0000
00ff
ffff
ff00
8000
0000
0200
c101
0101
017f
7f7f
181f
1f1f
1f1f
1f1f
1f00
0000
00ff
ffff
ff00
8000
0000
0200
c101
0101
017f
7f7f
181f
1f1f
1f1f
1f1f
1f00
0000
00ff
ffff
ff00
8000
0000
0200
c101
0101
017f
7f7f
181f
1f1f
1f1f
1f1f
1f00
0000
00ff
ffff
ff00
8000
0000
0200
c101
0101
017f
7f7f
181f
1f1f
1f1f
1f1f
1f00
0000
00ff
ffff
ff00
8000
0000
0200
c101
0101
017f
7f7f
181f
1f1f
1f1f
1f1f
1f00
0000
00ff
ffff
ff00
8000
0000
0200
c101
0101
017f
7f7f
181f
1f1f
1f1f
1f1f
1f00
0000
00ff
ffff
ff00
8000
0000
0200
c101
0101
017f
7f7f
181f
1f1f
1f1f
1f1f
1f00
0000
00ff
ffff
ff00
8000
0000
0200
c101
0101
017f
7f7f
181f
1f1f
1f1f
1f1f
1f00
0000
00ff
ffff
ff00
8000
0000
0200
c101
0101
017f
7f7f
181f
1f1f
1f1f
1f1f
1f00
0000
00ff
ffff
ff00
8000
0000
0200
c101
0101
017f
7f7f
181f
1f1f
1f1f
1f1f
1f00
0000
00ff
ffff
ff00
8000
0000
0200
c101
0101
017f
7f7f
181f
1f1f
1f1f
1f1f
1f00
0000
00ff
ffff
ff00
8000
0000
0200
c101
0101
017f
7f7f
181f
1f1f
1f1f
1f1f
1f00
0000
00ff
ffff
ff00
8000
0000
0200
c101
0101
017f
7f7f
181f
1f1f
1f1f
1f1f
1f00
0000
00ff
ffff
ff00
8000
0000
0200
c101
0101
017f
7f7f
181f
1f1f
1f1f
1f1f
1f00
0000
00ff
ffff
ff00
8000
0000
0200
0000
0000
0000
0000
0101
0101
0101
0101
0000
0000
0000
0000
0101
0101
0101
0101
1020
4388
5027
2149
888a
ea88
88fe
4848
f925
23a9
a9a9
a720
485a
6a4a
44e4
0a10
0804
7f01
3f01
ff00
2040
fc00
f800
fe80
2113
4420
0011
224c
00fc
4448
a010
0806
0078
4949
4979
4948
2040
fc04
fc04
fc20
487b
4848
494a
8898
20b2
b4a8
2824
2260
1010
103e
2222
4264
1010
1010
fc90
9090
9408
0b10
2040
8000
9090
fe10
1010
1010
0810
7c44
5454
5544
3808
4844
8482
0200
4ef4
5454
5454
848c
fc84
8484
8484
fc84
08ff
0801
7f44
7f44
20fe
2000
fe40
fc44
7f48
4f48
4f40
5292
fc00
fc00
fe02
5256
0079
0000
fc01
7a05
00e0
2050
8804
02fc
7800
0079
4848
784b
2020
20fc
2020
20fe
0078
484b
7848
4948
2c20
3ee0
203c
e020
784b
4848
7810
4883
3ee0
2428
1030
ca06
00fc
8485
84fc
1110
2c20
3ee0
203c
e020
109d
9090
909c
e003
3ee0
2224
1810
6a86
804f
200f
0808
e720
00be
82be
20a2
9e00
2127
2121
2f22
548f
10fc
1010
fe08
04fe
004f
212f
090f
00ef
00fc
20fc
24fc
80fe
2123
242b
2223
508f
10e8
26e0
08f8
00fe
1028
4480
037c
1013
4844
407c
c040
7cc0
fc10
1354
5450
1ce1
407c
c024
2810
6a86
1028
4480
01fc
1011
1090
90fe
1010
10fe
fc10
1054
5450
1ce1
4848
4848
4888
8a0e
007c
447c
447c
4041
007e
427e
427e
0202
4142
4244
5840
4040
0282
8242
3202
020e
203c
4488
7c54
5454
4444
28fe
1010
10fe
7c54
5454
7c00
aaaa
1010
10fe
1010
1010
0804
ff00
007e
4242
2040
fe00
0444
4444
7e42
427e
4242
4246
4444
4444
4404
040c
0804
ff01
7f01
ff11
2040
fe00
fc00
fe10
09ff
003f
2020
3f20
20fe
00f8
0808
f808
0484
5f04
1f95
551f
0678
4040
4040
7e48
1555
5f44
5f84
8485
4848
4848
4888
8808
101e
2222
578c
4428
4048
4440
fe40
a0a0
1121
c20c
0048
4484
1010
0806
0088
4442
0102
0408
1020
409f
0080
4020
1008
04f2
0101
011f
0101
017f
0000
00f0
0000
00fc
2121
20f9
0909
1121
2424
08fc
2424
fc24
71a9
2020
2320
2020
24fc
2020
fe20
2020
1120
4388
5120
2348
0890
fe20
fc20
fe20
f920
23a8
a9a9
a121
24a8
fe00
fc04
04fc
0178
4b48
4978
4b48
0890
fe20
fc20
fe20
4978
4b48
4949
8999
24a8
fe00
fc04
04fc
2023
aa72
22fa
2262
00fe
00fe
9292
fe92
72aa
aaa2
2424
2821
92fe
1010
fe10
10fe
0001
f192
949f
9695
6020
1008
04fe
4c54
94f7
9083
0203
0203
44fc
00f8
08f8
08f8
2222
14ff
0849
497f
007c
4444
7c44
447c
4808
1061
1f01
01ff
4444
8c00
f000
00fe
2021
21a9
a9a9
a9a9
00f8
0808
0808
f808
a9a9
a9a9
f989
0107
0808
f808
0808
08fe
2020
23f8
2023
2020
8888
fe88
88fe
0000
39e1
2121
2121
2161
fc04
04fc
0404
fc04
0008
1020
7fa1
2925
e020
1008
fc0a
2848
3f00
1f10
1f10
101f
f800
f010
f010
10f0
087f
4141
7f41
417f
20fc
0404
fc04
04fc
001f
1010
1f10
101f
00f0
1010
f010
10f0
1010
fe10
3854
9100
1010
fe10
3854
9200
7f01
0111
1111
2947
fc04
00f8
0000
00fe
8851
2151
9111
1111
00f8
0808
08f8
0808
3151
9111
1111
21c7
0808
f808
0808
08fe
00fc
0508
1050
515c
2020
fe20
4088
fc02
5151
5151
5d72
c204
4848
4848
484a
4a4e
00fc
0508
1011
5151
2020
fc20
20fc
2424
5d51
5050
5079
c200
24fc
2070
a824
2220
00f8
2321
2244
407b
8888
de88
acaa
00fe
c848
4949
497a
0408
2224
203c
20a0
603e
1010
fc04
0408
1030
00fc
8484
8484
fc84
5894
1010
1010
1011
8484
fc84
8484
84fe
0cf1
1111
11fd
1111
00f8
0808
08f8
0808
3139
5551
9111
1117
0808
f808
0808
08fe
1011
9559
5111
fd11
00f8
0808
08f8
0808
1139
5591
1111
1117
0808
f808
0808
08fe
0101
7f01
3f01
ff02
0000
fc00
f800
fe00
1408
05ff
0109
1161
4088
3cc4
0060
1008
1020
4488
5020
244e
00fc
8484
8484
fc84
f210
5454
5494
9013
8484
fc84
8484
84fe
08ff
0820
7c84
08fe
20fe
200c
7010
10fe
92fe
92fe
000a
aaa0
1030
3854
5290
1010
7001
01f9
0101
f901
0cf0
0000
00fe
1010
01f9
0101
f989
8afa
5030
1814
1410
1010
0079
4949
5151
6151
00f8
0808
08f8
0808
4949
4949
7141
4147
0808
f808
0808
08fe
4422
000f
4125
0505
405e
92d2
125e
5252
e725
2121
2254
8807
de12
1222
2246
00fe
0c70
407c
407f
0029
00f8
08f8
08f8
0048
2521
2925
2139
c700
2808
4828
087a
8a04
0908
1312
2263
62a2
0488
fe22
22fe
2222
2320
2121
2121
2121
fe00
fc04
fc04
04fc
040a
1120
5f80
3f20
0202
02a2
2222
a2a2
3f20
3f40
bf20
203f
a2a2
a222
8282
828e
00fc
0404
0404
0408
00fe
0202
0202
8284
4828
1018
2422
4083
8444
4828
1028
4482
2212
ff04
3f01
1f01
8890
fe40
f800
f000
ff22
3e22
3e22
3e62
fe00
fc04
2810
28c6
0102
0408
1720
df10
0080
4020
d008
f610
1f10
1f10
1f28
488f
f010
f000
f808
08f8
0101
ff01
3d25
253d
0000
fe00
7848
4878
01ff
0808
0809
0e78
00fe
8044
2890
0806
1010
1090
5033
1010
2020
2020
20fe
2020
1030
5090
1010
1011
2020
2020
2020
20fc
027f
023f
04ff
0810
00fc
00f8
40fe
2010
2fc1
017f
0204
0870
e806
00fc
8040
201c
0101
ff01
2911
2941
0000
fe00
2810
2840
2912
2a44
0408
30c0
2890
a840
4020
1806
0101
7f40
4101
017f
0000
fc04
0400
00fc
0103
0509
1121
c101
0080
4020
1008
0600
007f
407f
425f
505f
00fe
02fe
20fc
84fc
505f
404f
484f
888f
84fc
00f8
08f8
08f8
007f
4040
404f
4848
00fc
0080
80f8
8888
4848
4848
4040
7f40
8888
8898
8000
fe00
4848
7e48
890e
7908
4040
7eaa
2a4a
9222
0808
0004
2424
4483
c20c
0080
4442
12f0
1010
fe10
1030
3854
00fc
8484
fc84
84fc
9010
1000
4948
4887
8484
fc00
0482
12f0
2023
22fa
2322
2223
20fe
2222
fe22
22fe
38e3
2020
2020
2067
20fc
0488
5020
d806
2023
20fb
2023
203f
00fc
04fc
04fc
00fe
e828
2b22
2222
2260
4242
fa48
4848
5840
2023
2027
f820
2322
18e0
40fe
4040
fc44
3ae3
2222
2320
2060
44fc
4444
fc40
4040
2027
2021
f620
2126
00fc
4408
9060
9846
233a
e223
2220
206f
f848
48f8
4048
7cc2
2021
21f9
2120
2322
00fc
0404
fc00
de52
3ae3
2023
2020
2063
52de
20fe
2070
a826
007f
4040
7f40
407f
00fc
0404
fc04
04fc
4101
01ff
0101
0101
0400
00fe
0000
0000
0404
ff04
7f44
7f44
4040
fe40
fc44
fc44
7f00
3f20
3f20
3f20
fc00
f808
f808
f808
1209
3f21
213f
2121
1020
f808
08f8
0808
3f01
01ff
0509
31c1
f800
00fe
4020
1806
2020
21fa
2528
6171
40a0
1008
f402
f808
a9a1
2122
2325
2921
f808
f800
fc04
04fc
2020
2720
f724
2764
9090
fe90
fe92
fe92
77a8
a322
2322
2223
fe00
fc04
fc04
04fc
4020
0700
8744
0704
9090
fe90
fe92
fe92
1710
1322
2322
4243
fe00
fc04
fc04
04fc
2021
21a5
a9b0
a3a2
00fc
0404
fc00
de52
2223
2023
3028
4083
52de
20fe
2070
a826
040f
1020
007f
0101
00f0
2040
80f8
0808
ff01
017f
0101
0107
fe08
08f8
0800
0000
0000
3fa0
6126
2467
8080
fe00
405c
445c
a427
202f
4041
809f
44fc
40fc
0830
c03e
1011
11fd
1111
3139
00fc
0404
04fc
0404
5551
9111
1111
1110
04fc
0404
04fc
0400
017f
4444
0812
6404
00fc
8484
8878
0020
087f
0009
2828
4887
7088
0008
8492
12f0
2020
27a8
7724
ff24
9090
fe90
fe92
fe92
6770
aba2
2322
2223
fe00
fc04
fc04
04fc
1020
4089
5220
2048
3888
8824
2442
489c
fd24
20a9
a9a9
a222
e400
5452
4240
447c
1020
438a
5222
2048
2020
fe02
02fa
0000
fb20
20a8
a9a2
a020
fe20
20a8
2422
2060
00fc
4849
4a78
4848
3888
8424
2248
449c
7b48
484d
79c9
0a0a
e200
5452
4240
423e
08ff
0800
3f20
203f
20fe
2000
f808
08f8
2020
3f01
01ff
0101
0808
f800
00fe
0000
08ff
0808
0010
1090
20fe
2020
0020
2020
5310
1030
5090
1011
fe20
2020
2020
20fc
08ff
08ff
081f
2152
20fe
20fe
404c
7040
0c18
e004
ff04
0870
423e
0020
fe20
2020
04ff
0401
020c
31cf
40fe
4000
8060
18f6
080f
080f
1017
2447
10f0
10f0
00f8
08f8
04ff
0423
1203
402f
40fe
40f8
08f8
00be
080f
202f
4041
8698
a2be
40fe
e050
4846
4828
1b08
0818
6989
2020
fe20
2020
fc00
01ff
020c
34c4
051e
00fe
8044
2810
8806
0101
7f01
0101
ff01
0000
fc00
0000
fe00
0111
1111
1129
4583
0000
f800
0000
00fe
0281
4120
0700
00e0
0808
1000
fc40
4040
2720
2121
2224
508f
fca0
1008
0404
00fe
019f
412f
090f
e92f
20fe
20fc
24fc
24fc
2027
2427
2427
508f
00f8
08f8
08f8
00fe
1010
2844
817a
1111
2020
5088
7402
fc04
fd11
5555
111a
e204
fc04
fc00
fc84
84fc
003f
01ff
819d
811d
00f8
00fe
0272
0270
0010
fe10
3854
9210
00fc
84fc
84fc
84fc
007e
4848
7e48
487d
00fc
0488
5030
48a6
4848
7e02
52aa
a20c
20fc
a4a4
fc22
3ee2
0911
1224
2b62
62a3
00f8
1020
fe22
22fe
2027
2021
2620
212e
c022
5498
3058
9422
0120
2322
fa23
2222
0488
fe22
22fe
2222
2320
2931
c101
0101
fe00
fc04
fc04
04fc
2120
23aa
aaab
a2a2
0488
fe22
22fe
2222
2320
2121
2121
2121
fe00
fc04
fc04
04fc
0000
0000
0000
0000
0101
0101
0101
0101
0000
0000
0000
0000
0101
0101
0101
0101
fa20
103f
021c
2a30
1914
1f1f
191f
1f1f
1f00
0000
000a
0f0f
0a00
8000
0000
0200
f901
6020
0025
1829
1a5f
1f1f
9f05
0304
0403
0204
0325
1525
0600
8000
0000
0200
fb20
1130
0129
1824
191c
1c1f
191f
1f1f
1f0a
0f03
0f0a
0f0f
0a00
8000
0000
0200
f100
0100
6014
2009
185f
1f1f
1f09
0b09
0e00
0000
00f8
0707
f700
8000
0000
0200
e305
0001
001c
0c07
181f
1f1f
1a00
0000
0e0c
0309
0236
0876
2700
8000
0000
0200
e307
0a01
0415
2c18
1457
0716
9f1a
0b09
1605
0309
0436
0876
2700
8000
0000
0200
fc60
3161
3000
041d
1d1f
1f0c
0c07
071f
1f00
c000
0015
1506
0700
8000
0000
0200
fa37
0100
0128
1830
1b1f
1f11
1b0f
1f1f
1f0b
0b0b
0a33
0305
0b00
8000
0000
0200
f803
0100
013a
0c22
1a5f
1f1f
1f0a
0c12
0ac0
0000
00f8
0707
f700
8000
0000
0200
fa20
1031
0214
1c15
1a0f
1210
1503
0300
0901
0202
0520
2f20
2a00
8000
0000
0200
fa32
6120
0014
2022
1a54
1f1f
9402
0202
0803
0204
0412
1212
1500
8000
0000
0200
fa32
6120
0014
2022
1a50
1818
9002
0202
0403
0204
0412
1212
1500
8000
0000
0200
fb36
6033
312c
1020
1a14
1014
1202
0808
0e02
0204
0cfb
1414
1600
8000
0000
0200
f933
3133
311d
252c
189f
1f1f
5b05
0c08
1404
0811
0413
0506
1900
8000
0000
0200
e307
0a01
0415
2c18
1357
0716
9f1a
0b09
1605
0309
0436
0876
2700
8000
0000
0200
f83e
3343
3124
1917
191f
1c1f
1f0c
060a
0a00
0000
00ff
ffff
ff00
8000
0000
0200
fa31
313a
311c
3b0c
16df
dfdf
9f05
0508
0601
0000
0424
4f3f
8500
8000
0000
0200
fb35
3135
3114
1610
1b1f
1f1f
5f09
0d17
1f12
1005
02b4
8325
0400
8000
0000
0200
f8c9
c013
001f
0811
1b9b
1117
1110
0000
0002
0000
00f0
0400
0900
8000
0000
0200
e838
3343
311b
231e
1b5f
1c5f
5f09
060a
1200
0000
08f6
f8f9
0800
8000
0000
0200
c939
43c3
0114
1d36
1b1f
9c8e
1908
0b00
0301
0000
0015
f1f6
3600
8000
0000
0200
f933
313a
311a
271d
1b5f
1f1f
9f0c
1113
1f05
020e
0835
2525
0600
8000
0000
0200
ea51
4149
0311
0b22
189e
9fdf
9f17
021b
0d00
0308
0b34
0031
7600
8000
0000
0200
fb03
0202
0130
2c2f
1a1f
181f
1f08
0808
0c04
0c08
1012
1212
1600
8000
0000
0200
f933
3135
311a
331d
191f
1f98
5f0f
0e0e
110e
0805
055a
6644
0500
8000
0000
0200
fb03
0202
011d
282b
1a1f
1f98
9f0d
0e0e
9106
0805
0554
6644
0400
8000
0000
0200
e1c2
c2c1
c11b
2a24
185f
1f5f
9f0c
060d
0c00
0506
07f4
1515
1400
8000
0000
0200
f843
4144
4117
1e1e
18da
dcdd
df08
0405
0a05
0204
0322
3212
1100
8000
0000
0200
f045
0142
0114
1529
1a9f
1f98
9f0c
0d0e
110e
0805
085a
6144
0500
8000
0000
0200
fb42
c327
5216
140d
1ad6
584a
980a
0207
0506
0306
0812
8272
6100
8000
0000
0200
fb01
3231
621c
1805
1ad7
9f9f
df0e
0606
0509
0304
0810
a081
8000
8000
0000
0200
c247
5149
4115
1d45
199f
9f9f
9f06
0c06
0c06
0606
0601
0101
0500
8000
0000
0200
0000
0000
0000
0000
0101
0101
0101
0101
0000
0000
0000
0000
0101
0101
0101
0101
01f7
9190
97f4
9595
08fe
0812
fe08
e848
9595
f595
9595
98b0
ea2a
2ae4
44ec
1262
08ff
0808
007f
405f
20fe
200c
20fe
20a0
525f
505f
525f
9081
24a4
a8a8
10b0
4a86
01f8
8b8a
fa8b
8a8a
0488
fe22
22fe
2222
fb88
8989
f951
4989
fe00
fc04
fc04
04fc
8042
2207
0800
ef20
4040
40fc
4040
fe00
2027
2424
2724
508f
00fc
0404
fc04
00fe
0813
1222
2263
60a0
00fc
0404
04fc
4040
2022
2222
2222
2528
4040
7c40
4040
40fe
102f
2828
484f
c8c8
0292
9292
9292
9292
4f48
4848
4f45
4850
9292
9292
9202
8246
003f
2121
3f21
2121
0202
2222
2222
2222
3f21
2121
3f12
2140
2222
2222
2202
028e
007e
4242
427e
4242
007e
4242
4242
4242
427e
4044
424e
71c0
4242
4242
4c40
4040
0102
3f20
3f20
3f20
0000
f808
f808
f808
3f20
0108
4848
4887
f808
0080
8412
12f0
2023
2222
fa23
2020
00fc
0404
04fc
4040
38e2
2222
2225
2468
4040
7c40
4040
c07e
0101
ff01
013f
2121
0000
fe00
00f8
0808
213f
0305
0911
21c1
08f8
8040
2010
0806
402f
0808
088f
4808
0292
9292
9292
9292
2f28
2848
4f45
8890
9292
9292
9202
8246
003f
2020
2020
3f01
00f8
0808
0808
f800
0111
1111
1925
4381
0000
f800
0000
00fe
0080
4f40
0007
04e4
4040
fe40
40fc
4444
2720
2021
2224
508f
fc40
e050
4846
00fe
0811
1224
2860
61a2
0010
0804
42a0
1008
2428
2322
2222
2223
0402
f808
0808
08f8
007f
407f
405f
404f
00fc
04fc
00f8
80f8
484f
405f
5050
9390
88f8
80fc
84a4
e42c
00f8
888b
88f8
888b
1412
10fe
1090
92f2
88f8
8888
88f8
508b
9494
9890
102a
ca06
2121
21fa
4041
417a
0000
fe00
0000
fc20
4848
4b48
4848
889b
2020
fe20
5048
8402
1023
4088
5120
204b
20fe
2020
fc00
00fe
fa22
20a8
a9a9
a224
0292
9090
1010
121e
0101
ff00
0810
2844
0000
fe00
0810
2844
8101
01ff
0101
0101
0200
00fe
0000
0000
1010
10fc
0408
0812
1010
10fe
9292
9292
3458
9412
1010
1010
92fe
9292
9292
92fe
0808
7f08
080f
0808
2020
fc20
20e0
2020
0f08
08ff
000c
30c0
e020
20fe
0060
1806
2221
20f7
2020
2734
0810
20fe
0004
a4a4
e625
2426
2524
2465
a4a4
a4a4
a4a4
848c
0202
ff04
080b
1030
0000
fe00
00fc
0810
3050
9f10
1010
1010
2020
fe20
2020
20c0
00f9
0810
2140
2028
0cf0
2044
8850
2442
3360
a020
2122
2460
fe22
20a8
2422
2220
1008
ff04
3f24
3820
1020
fe40
f848
7808
3f20
3f00
ff00
1804
f808
f820
fe20
2060
2023
22fb
2023
2222
00fc
04fc
00fc
0404
3be2
2322
2223
216e
fc04
fc04
04fc
0806
1010
10fe
1010
3038
0808
08fe
0808
0888
5452
9090
1010
1010
4848
4808
0808
0838
004f
2102
8242
030e
06b8
1022
1408
927e
e222
2222
2256
8807
1210
5454
9210
00fe
0811
1121
2161
6fa1
2020
2020
2ef2
2222
2121
2121
2121
2120
2222
2620
0002
02fe
080f
1030
4906
0408
00c0
4080
0040
7c84
31c2
0400
0000
010e
0488
4830
2040
8000
0101
0101
ff01
0102
0000
0000
fe00
0080
0202
0404
0910
20c0
8040
2020
1088
4402
4020
0000
008f
4000
8080
8080
80fe
8080
2121
2142
4244
88b0
4040
2020
1090
4806
0078
00fb
027a
0078
2020
20fe
0282
8080
0000
7848
4848
7848
8498
e080
8082
827e
0007
f090
9792
9292
1ce0
4040
fc48
4848
9792
92f2
8700
000f
fe48
4848
fc40
40fe
00f0
9390
a1a3
9591
4040
fe80
fc04
fc04
91a1
8001
3f01
01ff
fc04
0c00
f800
00fe
007f
0022
1108
0204
1ce0
0004
0890
0000
ff08
1038
0601
0678
fe20
2040
8000
c030
2020
2320
a9aa
ada8
4040
fe80
fc20
fe00
a121
2121
2121
2121
fc04
fc04
fc04
040c
1010
10fe
1010
1010
00fe
0808
0808
0808
1ef0
1010
1010
1030
0808
0808
0808
0838
2020
20fb
2222
7268
2020
20fe
0282
8280
a8a0
a020
2020
2020
98e0
8080
8084
847c
0810
7d45
5555
44fe
2020
fe02
0242
4048
5454
5454
5444
848c
5060
4040
4040
423e
2020
2720
f922
6570
2040
fe80
fc20
fe00
a9a1
a121
2121
2121
fc04
fc04
fc04
040c
0078
484b
4a52
6250
2020
20fe
0202
8280
4848
4848
7040
4040
8cf0
8080
8080
827e
007e
4849
7e48
487e
1010
10fe
1010
1010
4848
7e02
52aa
a20d
2828
2844
44a4
9202
007e
4848
7e48
487e
9292
00fe
9292
fe92
4848
7e02
52aa
a20c
92fe
1010
fe10
1010
0810
1020
2f60
60a0
4040
4040
fe40
c0e0
2122
2428
2320
2020
5048
4442
f840
4040
2121
2223
22f6
2b22
1010
20fe
2020
fc20
2222
2322
3ac2
0302
2020
fc20
2020
fe00
1010
10fe
0404
0404
0808
0808
fe08
0888
4828
1010
2844
8000
4848
4808
0808
0838
00ff
1010
21fe
aaaa
0808
0808
fe08
0808
aaaa
aaaa
aaaa
aa82
8848
4848
0808
0838
0911
212f
60a0
2020
2010
0ef0
8080
4232
2101
2121
2121
3f20
0e00
0808
0808
f808
1111
ff11
111f
00ff
1010
fe10
10f0
00fe
8181
3f21
2121
2101
0202
f808
0808
1800
1020
4388
1020
67a0
4040
fc40
4040
fe10
202f
2026
2120
2020
10fe
1010
1010
1070
0204
0408
7f00
3f20
0010
087c
8400
f808
203f
0009
4848
4887
08f8
0000
8492
12f0
2020
42fe
017e
427e
4040
7c40
423e
0040
427e
4246
0849
488f
7c40
423e
0084
12f2
087f
08ff
007f
497f
2824
20fe
2020
2424
497f
247f
24ff
2241
2428
2810
10aa
4a04
10fe
1010
fe10
2844
10fe
1010
fe10
2844
803f
2020
3f20
203f
02f8
0808
f808
08f8
017f
0101
3f02
04ff
00fc
0000
f840
20fe
0811
2945
8105
0913
1008
2442
0040
2010
4222
0f02
0283
400f
4848
fe48
48f8
00fe
2828
2b4a
4242
8280
4242
fa4a
4848
5840
0078
4848
4848
7b48
2020
4048
849a
e200
4849
7949
4949
8999
00fc
0404
0404
fc04
007a
4948
4a79
4848
007c
4444
7c44
447c
487b
4949
4949
8a9c
5052
4c48
74c2
807e
0808
ff08
0a02
0408
2020
fe20
2008
04fc
7f00
001f
1010
1f10
0200
00f8
0808
f808
1121
2f60
a020
2101
0c00
fe80
4032
0e00
ff04
0818
28c8
0b3c
fe00
8458
2090
0806
1121
6fa0
2020
003f
0c00
fe80
621e
00f8
203f
203f
203f
1060
08f8
08f8
08f8
100c
8043
2202
0302
e223
00f8
0808
f808
08f8
2222
2222
2227
508f
0044
2810
c804
00fe
8047
2000
0f00
e027
40fc
4444
fe44
44fc
2024
2221
2224
508f
4062
5448
44c2
00fe
0178
4b48
5051
6050
0488
fe20
4082
44a8
494a
4848
7146
4040
1030
5894
1210
1060
1020
6fa0
201f
1115
a090
fe40
20f2
1e50
151f
013f
01ff
2442
50f0
00f8
00fe
4422
2020
7c48
907c
5454
00fe
8292
ba92
92ba
7c54
547c
00aa
a901
82ba
aaaa
baa2
0206
0810
1020
206f
60a0
8098
8480
80fe
8080
2020
2020
2020
2020
4040
4020
2012
0a06
0204
0408
0810
ff00
0000
2010
08fc
0202
003f
2020
2020
3f20
00f8
0808
0808
f808
0101
0101
ff01
0102
0000
0000
fe00
0080
0202
0404
0810
20c0
8040
4020
2010
0806
207e
4884
7f01
017f
207e
9008
fc04
04fc
4141
7f03
0509
31c1
0000
fe02
0202
0c00
00fe
2828
28fe
aaaa
00fe
82fe
82fe
00fe
aace
82fe
8282
fe83
1010
5e50
5050
b01e
007e
427e
427e
00ff
00fe
20fc
8484
fc84
0848
484e
4868
5987
fc84
84fc
5088
04fe
007f
4449
5b69
4949
80fe
90fe
10fc
10fe
445f
505f
505f
4092
00fc
84fc
00fe
024a
4027
0101
0f80
4704
40fc
1010
fe00
fc44
2427
2444
4740
8080
44fc
4444
fc40
423e
4424
1f09
895f
000f
2020
be20
3e82
3e20
292f
294f
4949
898b
3e20
3e20
3e20
223e
0101
0101
3f20
203f
00fc
0000
f808
08f8
2020
3f01
01ff
0101
0808
f800
00fe
0000
0007
f090
9196
9092
00fe
4080
8444
48b0
9196
f080
0106
1800
20b0
68a8
2422
20c0
0101
ff80
803f
0202
0000
fe02
32c0
0000
02ff
0202
0202
0201
00fe
0000
0004
04fc
1010
1310
f810
1018
001c
e040
4040
4678
33d0
1010
1010
1030
c040
4040
4042
423e
1011
11fd
1111
111d
00fe
0202
0202
fe12
31d1
1111
1112
1234
1010
0808
0804
0402
2027
20f8
2020
2021
00fe
4040
4080
80fc
39e3
2529
2121
2161
0404
0404
0404
fc04
4023
0202
0282
4302
00fe
0202
0202
fe20
1212
1224
2424
4850
2020
1010
0808
0402
402f
000f
804f
0202
00be
82be
82be
1020
272c
2744
4744
8487
fe40
fc40
fc40
40fe
00fb
2020
2122
f820
00fe
4080
4024
68b0
2122
2028
31c6
0000
2824
5492
1210
10e0
7003
00f8
0000
f800
1ce0
4040
4040
405e
03f8
0000
f888
88f8
e040
4040
4042
423e
102b
2642
837c
1110
00fe
5252
fe20
fc20
fd10
1495
5811
1ce0
fe88
50fe
20fc
2020
402f
0909
8f42
042f
00fc
2424
fc00
00fe
312f
494f
4181
9f00
02f2
12f2
0272
9204
7000
03f8
0000
fb00
8888
fe88
a820
fe40
00f9
0204
f888
88f8
80fc
8484
8484
fc84
04ff
0400
7f10
101f
40fe
4000
fc10
10f0
1010
1f10
101f
7000
1010
f010
3cd0
1010
003f
2021
212f
2929
00f8
0808
08e8
2828
2929
4949
4981
8101
2828
2828
6a0a
0400
2020
2021
faa9
a9a9
2020
a824
22fc
0404
a9f9
a129
253d
c501
fc04
04fc
0404
040c
003f
2020
2020
2020
00f8
0808
0808
0808
3f00
0008
1020
c000
f800
0020
1008
0600
0000
0000
0000
0000
0101
0101
0101
0101
0000
0000
0000
0000
0101
0101
0101
0101
c101
0101
017f
7f7f
181f
1f1f
1f1f
1f1f
1f00
0000
00ff
ffff
ff00
8000
0000
0200
c101
0101
017f
7f7f
181f
1f1f
1f1f
1f1f
1f00
0000
00ff
ffff
ff00
8000
0000
0200
c101
0101
017f
7f7f
181f
1f1f
1f1f
1f1f
1f00
0000
00ff
ffff
ff00
8000
0000
0200
c101
0101
017f
7f7f
181f
1f1f
1f1f
1f1f
1f00
0000
00ff
ffff
ff00
8000
0000
0200
c101
0101
017f
7f7f
181f
1f1f
1f1f
1f1f
1f00
0000
00ff
ffff
ff00
8000
0000
0200
c101
0101
017f
7f7f
181f
1f1f
1f1f
1f1f
1f00
0000
00ff
ffff
ff00
8000
0000
0200
c101
0101
017f
7f7f
181f
1f1f
1f1f
1f1f
1f00
0000
00ff
ffff
ff00
8000
0000
0200
c101
0101
017f
7f7f
181f
1f1f
1f1f
1f1f
1f00
0000
00ff
ffff
ff00
8000
0000
0200
c101
0101
017f
7f7f
181f
1f1f
1f1f
1f1f
1f00
0000
00ff
ffff
ff00
8000
0000
0200
c101
0101
017f
7f7f
181f
1f1f
1f1f
1f1f
1f00
0000
00ff
ffff
ff00
8000
0000
0200
c101
0101
017f
7f7f
181f
1f1f
1f1f
1f1f
1f00
0000
00ff
ffff
ff00
8000
0000
0200
c101
0101
017f
7f7f
181f
1f1f
1f1f
1f1f
1f00
0000
00ff
ffff
ff00
8000
0000
0200
c101
0101
017f
7f7f
181f
1f1f
1f1f
1f1f
1f00
0000
00ff
ffff
ff00
8000
0000
0200
c101
0101
017f
7f7f
181f
1f1f
1f1f
1f1f
1f00
0000
00ff
ffff
ff00
8000
0000
0200
c101
0101
017f
7f7f
181f
1f1f
1f1f
1f1f
1f00
0000
00ff
ffff
ff00
8000
0000
0200
c101
0101
017f
7f7f
181f
1f1f
1f1f
1f1f
1f00
0000
00ff
ffff
ff00
8000
0000
0200
c101
0101
017f
7f7f
181f
1f1f
1f1f
1f1f
1f00
0000
00ff
ffff
ff00
8000
0000
0200
c101
0101
017f
7f7f
181f
1f1f
1f1f
1f1f
1f00
0000
00ff
ffff
ff00
8000
0000
0200
c101
0101
017f
7f7f
181f
1f1f
1f1f
1f1f
1f00
0000
00ff
ffff
ff00
8000
0000
0200
c101
0101
017f
7f7f
181f
1f1f
1f1f
1f1f
1f00
0000
00ff
ffff
ff00
8000
0000
0200
c101
0101
017f
7f7f
181f
1f1f
1f1f
1f1f
1f00
0000
00ff
ffff
ff00
8000
0000
0200
c101
0101
017f
7f7f
181f
1f1f
1f1f
1f1f
1f00
0000
00ff
ffff
ff00
8000
0000
0200
c101
0101
017f
7f7f
181f
1f1f
1f1f
1f1f
1f00
0000
00ff
ffff
ff00
8000
0000
0200
c101
0101
017f
7f7f
181f
1f1f
1f1f
1f1f
1f00
0000
00ff
ffff
ff00
8000
0000
0200
c101
0101
017f
7f7f
181f
1f1f
1f1f
1f1f
1f00
0000
00ff
ffff
ff00
8000
0000
0200
c101
0101
017f
7f7f
181f
1f1f
1f1f
1f1f
1f00
0000
00ff
ffff
ff00
8000
0000
0200
c101
0101
017f
7f7f
181f
1f1f
1f1f
1f1f
1f00
0000
00ff
ffff
ff00
8000
0000
0200
c101
0101
017f
7f7f
181f
1f1f
1f1f
1f1f
1f00
0000
00ff
ffff
ff00
8000
0000
0200
c101
0101
017f
7f7f
181f
1f1f
1f1f
1f1f
1f00
0000
00ff
ffff
ff00
8000
0000
0200
c101
0101
017f
7f7f
181f
1f1f
1f1f
1f1f
1f00
0000
00ff
ffff
ff00
8000
0000
0200
c101
0101
017f
7f7f
181f
1f1f
1f1f
1f1f
1f00
0000
00ff
ffff
ff00
8000
0000
0200
c101
0101
017f
7f7f
181f
1f1f
1f1f
1f1f
1f00
0000
00ff
ffff
ff00
8000
0000
0200
0000
0000
0000
0000
0101
0101
0101
0101
0000
0000
0000
0000
0101
0101
0101
0101
0000
7c44
4444
4444
00fe
8282
8282
8282
4444
7c40
4000
0000
8282
828c
8080
8080
0813
1222
2262
63a2
00f8
0808
0808
f808
2222
2223
2020
2f20
0808
08f8
0000
fe00
8040
2700
0f01
e127
4040
fc40
fe10
10fc
2023
2027
2020
508f
40f8
40fc
4040
00fe
007f
4040
5f40
407f
00fc
0000
f800
00fc
4444
4444
4444
879c
0084
8850
2090
0806
08ff
2044
8f18
2f48
00fe
0884
f280
f080
0f08
0f00
ff00
1c00
f080
f820
fe20
20e0
007c
4445
457d
4545
8448
10fe
0202
0202
457c
4444
4444
848d
fe48
4848
488a
8a0e
007e
427e
4042
3e00
00fc
84fc
8082
7e00
047f
0404
ff00
1860
40fc
4040
fe00
300c
00fe
88fe
82fe
88fe
00fc
0448
2810
28c6
0001
3f00
0804
04ff
0000
f820
2040
40fe
2010
0000
4424
0404
4040
4040
4444
4444
e424
2427
2450
8807
4444
44fc
0400
00fe
0023
2222
fa23
2262
00de
5252
52de
5252
72ab
a222
2224
2428
52de
5252
5252
52a6
0810
2041
0204
0830
2010
0804
8040
2018
c01f
1010
1010
1f10
06f0
1010
1010
f010
8853
2252
9213
1232
00fc
4444
44fc
4444
5293
1010
1710
20cf
44fc
4040
fc40
40fe
2023
7893
22fa
aaa8
00fe
20fe
22aa
22a8
f8a9
a8f8
0354
a8a9
00fc
0404
fe04
04fc
2127
20fb
2223
6273
08fe
90fc
949c
04fc
aaa3
202f
2021
2020
04fc
10fe
1010
9030
7000
01fd
0305
f901
8888
10fe
1010
10fe
01f9
0101
f989
89f9
1010
fe10
1010
fe00
001f
1012
1110
1010
00f0
1010
1090
9010
ff10
1010
2020
4080
fe10
1010
1010
1070
1209
003f
2121
3f21
1020
40f8
0808
f808
213f
0101
ff01
0101
08f8
0000
fe00
0000
010f
01f0
9794
9497
10fe
1000
fc44
44fc
9093
9097
f091
020c
40f8
40fe
a010
0806
0020
2121
21f9
2121
0000
fc04
0404
04fc
2121
2121
39c1
0007
0404
0404
fc04
00fe
2020
23fa
2222
2223
0000
f808
0808
08f8
3ae2
2222
2320
206f
0808
0808
f800
00fe
2027
24f4
2121
2630
00fc
a4a4
2024
3c40
e027
2020
2122
2c60
40fc
40e0
5048
4640
001f
1010
101f
1010
00f0
1010
10f0
1010
1010
1f10
0000
ff00
1010
f010
0000
fe00
2424
ff24
00fe
92fe
2020
4040
7ea2
a428
107c
10ff
1028
4481
2020
5050
4888
8404
4022
0202
0081
4600
4044
4448
a010
0c40
2022
2242
4041
828c
4448
5040
a010
0806
024f
2202
0382
4203
10fc
1010
f010
10f0
0222
2f44
4485
8407
1010
fea0
a43c
00fc
0121
213f
2000
7f40
0008
08f8
0800
fc00
5048
4440
4142
8498
8488
9080
4020
100e
4041
7c50
9010
10fe
00fe
0000
fc84
8484
1010
1028
2444
8007
84fc
0084
8848
48fe
0022
2223
fe00
8b88
2022
22fe
0200
fe20
884b
5252
521e
e202
40fe
5252
5252
5256
407c
913e
223e
003f
80fe
10f8
88f8
00f8
213f
213f
01ff
0101
08f8
08f8
00fe
0000
1020
438a
5220
4bf8
2020
fe02
0200
fe20
2421
a9a9
aaa2
2420
2020
3c20
a0a0
603e
00ff
4445
457d
4444
2020
20fe
2222
2020
7c44
444c
74c5
0506
5050
5090
9012
121e
007c
4444
447c
4444
0000
fc84
8484
84fc
447c
4444
4444
848d
8484
8484
fc00
00fe
007f
0111
1129
4781
00fc
04f0
0000
fe00
3f21
213f
2101
017f
f808
08f8
0008
3cc2
7007
00f1
0204
f704
008e
b808
0828
aea8
00f0
0405
f592
95f8
a8a8
a828
287e
00fe
2053
8a02
fa23
22fa
803c
2424
24a4
4600
22ab
aaaa
a23a
e702
3e82
2222
1488
1462
007f
4040
405f
4048
00fe
0242
42fa
4242
4442
4040
4140
7f40
4242
4242
c202
fe02
002f
2027
25f5
2427
40fe
00fc
14f4
04fc
2023
223b
c203
000f
00f8
08f8
08f8
00fe
02f9
080b
0a7a
4342
4424
08fe
2222
fe22
82fb
8808
0b08
0870
22fe
2020
fe20
2020
8888
aa9c
88be
889c
06f8
8080
80fe
8888
aac8
8888
8881
fd82
8888
8888
8808
0808
0007
f291
9097
90f0
0ef0
4224
08fc
8080
9f91
9191
f292
0409
fe00
f808
5020
508e
202f
2027
f525
6477
40fe
00fc
14f4
04fc
a8a3
a223
2223
202f
00f8
08f8
08f8
00fe
0c70
4040
407c
4140
00f8
8888
888a
0e00
417c
4040
405c
e043
fc04
8488
5020
508e
003f
2121
3f21
213f
00fc
0404
fc04
04fc
0101
ff02
0204
18e0
0000
fc04
0404
0438
7001
01f9
0000
f900
2022
2224
5088
0620
00f9
0101
f888
89fa
2224
2820
5088
0402
1013
2020
6161
a5a5
20fe
2020
fc04
04fc
2525
2525
2525
2427
0404
fc04
04fc
00fe
2020
3f48
8808
08ff
0000
7e42
4242
4242
0808
1414
2222
4080
4242
4242
427e
4200
0021
2121
21f9
2127
2020
2020
202e
f222
2121
2121
39c1
0100
2226
2000
0002
02fe
00f8
0909
0979
4143
2020
2020
2c74
a424
f989
0909
0909
1160
2424
2c20
2002
02fe
00fe
4444
447c
4444
2010
0820
2020
a4a4
7c44
4444
5de5
0404
a2a2
a2a2
2024
241c
407e
8808
7e08
1422
007e
4242
4242
427e
c03f
2020
3f20
203f
00f8
0808
f808
08f8
4020
0202
8242
030e
2020
2020
203e
e222
2222
2242
4242
8281
2224
2020
2002
02fe
003f
2024
a467
2921
80fe
0000
00de
1212
61af
2121
2242
4498
12d2
1212
925e
5200
0cf0
1111
13fd
1111
8888
10fe
1010
10fe
3139
5551
9111
1111
1010
10fe
1010
10fe
007f
4444
7f01
ff01
00fc
4444
fc00
fe00
1f50
5f53
505f
407f
f808
c8f8
08f8
00fe
00fe
1010
2025
fc12
4040
4080
fe08
8888
1010
fe10
1010
1cf1
9050
5020
2050
8806
2121
22fb
aaac
a8ab
0000
1ef2
9292
92f2
a8f8
a029
39ca
0408
9292
9252
523e
1210
0047
2424
0704
04e5
00fc
0404
fc88
50fc
2424
2429
2820
508f
20f8
20fc
2020
20fe
007e
4848
7e48
497e
1010
9090
96ba
d292
4848
7e02
52aa
a20c
9292
9690
9080
827e
207e
8800
fc10
101c
407e
8800
f888
a8aa
e102
01ff
0509
31c1
0e00
00fe
4020
1806
0101
ff04
2811
0a7f
0000
fe00
8010
7884
003f
2121
3f21
213f
00f8
0808
f808
08f8
1010
1020
3e49
890a
4040
4080
fe10
1010
0808
0808
0808
0808
1010
1010
1010
1070
207e
5089
007d
1111
407e
9008
00f8
0808
1111
1111
1de2
020c
0848
2828
0808
0a0e
08ff
0801
ff02
1408
20fe
2000
fe00
4088
057f
003f
213f
213f
3cc2
00f8
08f8
08f8
8047
2000
0106
e020
00fc
4080
4428
5090
2126
2021
2620
508f
3058
9412
20c0
00fe
0cf1
1111
11fe
1210
2020
20fc
2020
2020
3338
5450
9010
1112
fe20
5050
8888
0402
01ff
8488
3000
7f04
00fe
8282
f800
fc10
083f
0101
3f01
01ff
7884
0000
f800
00fe
08ff
0809
0204
0831
20fe
2020
8040
2018
c13f
0105
0911
6101
06f8
0040
2010
0c00
2020
2721
f84b
4a4a
2020
fe04
88fe
2222
4a4a
aa12
2a42
8202
fa22
22fa
8afa
8206
1008
ff01
7f01
ff04
1020
fe00
fc00
fe00
1f30
5f90
1f10
1f10
f808
f808
f808
f808
0101
017f
4141
4141
0000
00fc
0404
0404
4141
7f41
0101
0101
0404
fc04
0000
0000
0810
1020
2764
64a4
4040
4040
fe42
4242
2424
2724
2020
2020
4242
fe40
4040
4040
0101
ff80
8181
013f
0000
fe02
0202
00f8
2121
213f
2121
213f
0808
08f8
0808
08f8
0101
7f41
4141
7f41
0000
fc04
0404
fc04
0100
0444
4444
4483
0000
8844
4202
08f8
2020
20f8
2322
2222
2020
2020
fe22
2222
3ae3
2222
2222
2362
22fe
2222
2222
fe02
003f
2020
3f20
202f
00f8
0808
f820
20d0
4848
4f88
080f
00ff
5048
c640
40c0
00fe
1010
10fd
1010
3038
8040
20fe
2020
2020
5451
9010
1010
1013
20fc
2020
2020
20fe
4120
000f
0080
4000
0080
40fe
4040
4040
2027
2040
4040
808f
40fc
4040
4040
40fe
0101
017f
4141
4141
0000
00fc
0404
0404
7f41
0101
0101
ff00
fc00
0010
08fc
0202
01ff
0101
3f21
2121
00fe
0000
f808
0808
3f02
040c
34c4
0718
f882
4428
10c8
0402
f800
00fd
0000
f800
2020
20fe
2020
2020
01f8
0000
f888
8bf8
fc20
2020
2020
fe00
00ff
2828
28fe
aaaa
0808
0808
fe08
0808
ce82
82fe
8282
fe82
8848
4808
0808
0838
1010
2b44
817c
1310
2020
fe20
fc20
fe40
fc13
5454
111d
f204
44fe
84a4
1414
041c
007e
4848
7e48
487e
4020
1000
fe10
1010
4848
7e02
52aa
a20c
10fe
1010
1010
10fe
2027
20ff
282b
6073
00fc
40fe
425a
00f8
a8a7
2021
2120
2020
00fe
80fc
0404
0830
402f
0204
0895
4206
1090
7c12
947e
0816
2b32
264a
5242
828c
20be
62a2
3e22
223e
8444
2910
1028
4b08
2022
fa24
2428
fe20
1818
294e
8808
1060
40fc
8484
fc84
84fc
04ff
0405
01ff
8080
40fe
4040
00fe
0202
00ff
0101
0101
0107
00fe
0000
0000
0000
08ff
0809
013f
0101
20fe
2020
08f0
2040
ff02
0f18
2fc8
0f08
fe00
f808
f808
f808
f888
8b8a
fa88
888b
2020
fe02
0200
00fe
f888
8888
f850
5088
2020
2020
2020
20e0
00ff
0000
0000
0000
00fe
8080
8080
8080
0000
0000
0000
0007
8080
8080
8080
8000
0404
4424
1404
040c
8088
8890
a080
80e0
1424
c408
0810
20c0
9088
8480
8080
827e
004f
2828
0b08
082b
00fc
0484
f484
84f4
2828
4b4a
4a93
9020
8404
f414
14f4
040c
02f2
9792
9292
9293
4848
fe48
4878
00fe
90f0
8f00
0106
1800
4040
fee0
5048
4640
01ff
8090
7c28
28fe
00fe
0282
f880
fc04
007c
447c
447c
444c
fc80
f880
f880
827e
0000
0000
0000
0000
0101
0101
0101
0101
0000
0000
0000
0000
0101
0101
0101
0101
f863
0100
012a
1230
1a5f
1f1f
1f0a
0c12
09c0
0000
00f8
0707
f700
8000
0000
0200
fa33
3039
311c
1230
1a5f
5f5f
5806
1f09
1000
0004
0934
0524
0b00
8000
0000
0200
fa50
6066
3214
1825
149e
175d
981c
1a01
1b05
01c1
0530
20f0
3700
8000
0000
0200
dc01
6261
401a
1321
1f9a
8b97
1107
0f15
0605
0301
0404
3605
4500
8000
0000
0200
e2c0
c2c1
c10b
0617
1b14
1414
1402
0202
0201
0101
013a
3a3a
3a00
8000
0000
0200
fa20
103f
021c
2a30
1914
1f1f
191f
1f1f
1f00
0000
000a
0f0f
0a00
8000
0000
0200
fa20
103f
0208
182b
189e
179d
5815
0901
0d0a
0f0b
0ff0
f1f0
fa00
8000
0000
0200
f803
0100
013a
0c22
1a5f
1f1f
1f0a
0c12
0ac0
0000
00f8
0707
f700
8000
0000
0200
fb4c
4049
4124
0925
18df
1f1f
df04
0405
0f04
0404
02f7
1707
4c00
8000
0000
0200
db5e
106a
330f
071e
119e
1e9d
9e1c
1b01
1c05
0101
0539
29fc
3900
8000
0000
0200
fb37
3134
3214
0a10
191f
1f94
9f15
1f1f
0c0b
0005
0516
0f16
1700
8000
0000
0200
dc4e
2342
310e
0723
185f
5f5a
5f11
091c
1e52
0a09
08e3
3404
1400
8000
0000
0200
c227
0150
6006
1a10
1a9c
5959
1c1f
061f
1f07
0706
0934
4604
0700
8000
0000
0200
fac1
0138
3415
0912
11df
1f9f
dd1d
191f
1a00
0305
032a
242a
2500
8000
0000
0200
ea13
5041
6412
1212
189a
cf97
9713
1008
0800
0006
0620
2035
3500
8000
0000
0200
e449
c521
c12f
2f1f
235f
9e9b
9e0f
0404
0540
011f
0ab5
f683
f400
8000
0000
0200
c23c
0542
012f
2826
1b1f
1f98
9f0f
0e11
110e
0805
055a
6604
0400
8000
0000
0200
c741
4e44
0122
2622
221f
5f1f
1f14
1014
1407
150b
0727
f627
2700
8000
0000
0200
f83a
0a00
0006
0814
189c
591f
5f1f
191f
0801
8500
0812
8304
a500
8000
0000
0200
fc36
3731
3415
0f1d
1d5f
9f9f
5f16
161f
1f09
160f
1166
ac06
0800
8000
0000
0200
ec32
3531
3112
0e1d
1d1f
9f1f
1f16
131f
1f00
1012
0fa9
a507
0700
8000
0000
0200
e44f
0541
0115
2820
201f
1f58
1f13
0e11
1104
0508
0855
6206
0600
8000
0000
0200
e44e
0641
012b
2a21
211f
1f98
9f0f
0e11
110e
0805
055a
6604
0400
8000
0000
0200
c401
4741
0116
2720
2059
5f5f
1f1c
100a
0dc0
0000
00e6
e6e6
e400
8000
0000
0200
c435
3238
3109
3b24
1c1d
1c9f
1016
1f0d
1fcc
0010
00f6
0ff4
0b00
8000
0000
0200
e431
4141
011a
0f20
201a
959c
9804
0e06
1841
4004
0341
2082
1100
8000
0000
0200
ec33
4241
0115
0f20
205f
1f5f
5f10
0a1f
1f47
c409
0985
1305
0400
8000
0000
0200
cb30
3133
3110
1b12
1206
9f43
5f0b
0602
15c4
c047
0604
2232
2400
8000
0000
0200
fc35
3a31
311b
241e
1e56
5c5c
5c0e
1111
1109
060a
0a46
3635
3500
8000
0000
0200
ec35
3531
311a
201d
1d59
5c5c
5c17
0e16
1117
0b11
0a47
1535
3600
8000
0000
0200
c233
3737
3129
1f26
1b1f
1f1f
1f1b
120d
0c00
0000
00f0
f0f0
f000
8000
0000
0200
fec1
c1c1
c11b
2126
1f1f
1414
140a
0b06
0b0f
0000
0059
19f9
1900
8000
0000
0200
0000
0000
0000
0000
0101
0101
0101
0101
0000
0000
0000
0000
0101
0101
0101
0101
1010
107c
5454
5454
2020
203e
2020
2020
5555
5511
1111
1111
fc04
0404
0404
fc04
2021
2121
f9a9
a9a9
00fe
00fc
00fc
0000
afa9
a9a9
2121
2127
fe00
2428
1028
c402
0000
7f40
4040
5f40
8080
fe00
0000
fc40
4040
4040
4040
8081
4040
4040
4040
40c0
00ff
0202
027f
4242
00fc
0404
04fc
0000
82ff
8202
0202
0202
00fe
0202
0204
1800
00f9
0909
0979
4141
00fc
00f8
00f8
0000
87f9
8909
0909
0973
fe00
2022
1448
8402
007f
4444
5f44
445f
02c4
4850
4042
4448
4040
5f51
515f
8080
5040
4042
4448
70c0
224a
8a0a
2a2f
4040
20a0
a0be
a4a4
4424
cf42
424f
4242
4f40
a424
1494
0808
9422
224a
8a2f
40cf
424f
1090
9e94
2484
1488
424f
0008
4848
4887
14a2
0080
8454
12f0
2020
20f8
2221
2020
9090
9092
9498
9090
38e1
2224
2121
226c
9894
9290
1010
121e
1010
7c54
5454
7c55
00fc
84fc
84fc
00fe
5454
7d12
1011
1011
40fe
2a4a
9222
428c
10fe
1010
fe82
82fe
00fc
8484
84fc
8484
8282
fe10
10fe
1111
84fc
8484
8484
040c
422f
0202
8f48
080f
00be
2222
a2be
a2a2
2828
2f42
424f
8282
a2be
a222
22a2
2246
4949
494b
497d
4141
2424
24fe
243c
00fe
7848
4b48
4889
8a00
2020
fe70
a824
2220
00fe
9392
9292
fe92
0000
fe10
1010
1010
9292
9292
fe82
0000
1010
1010
1010
1070
0078
4848
4a79
4848
9090
9092
9498
9090
4879
4a48
4979
4204
9894
9290
1010
121e
00fc
4b48
487b
4a4a
2020
fe20
20fe
5252
7b48
4849
79c9
0a0a
fe00
5054
4242
4a78
0079
4949
4979
4949
00fc
00f8
00f8
0000
4b79
4949
4949
899b
fe20
2428
1010
c806
0079
4949
4979
484b
00fc
04fc
04fc
00fe
4879
4a48
4b48
8998
80fe
5292
2242
8418
2121
23f9
a9a9
a9a9
2424
fe24
243c
00fe
a8f8
2320
2839
e600
2020
fe70
a824
2220
7003
02fa
0202
f202
00fe
2222
fa22
22fa
02f2
0202
f292
94f4
0202
fa8a
8afa
0206
7901
03fd
0101
7901
2424
fe24
243c
00fe
7800
0378
4849
7a48
2020
fe70
a824
2220
1010
7c10
1010
fe10
00fe
2222
2242
8c00
1050
5e50
7050
8c83
fe82
8282
fe82
00fe
00fc
8484
86fd
1010
9090
9092
9498
9090
505d
5254
5051
59e6
9894
9290
9012
121e
2020
5088
02f9
2020
9090
9092
9498
9090
f821
aaa8
a821
39e6
9894
9290
9010
121e
000f
0808
0f08
080f
00f8
0000
f000
00f0
0808
ff08
0808
0b7c
0000
fe88
5020
9806
00fb
2020
2121
2121
00fe
2040
fc04
04fc
2121
2121
2121
2063
0404
fc04
04fc
8806
0204
3f20
3f20
3f20
0000
f010
f010
f000
3f20
3f00
2944
8400
fc00
fe02
2292
820c
0808
ff08
087f
4949
1010
9010
7e12
1212
7f08
1c2a
4988
0809
1222
2222
4242
820c
2020
21f9
2121
2720
2020
203c
2020
fe20
39e2
2420
2020
2067
2222
2464
0810
6080
0000
ff00
0f48
484f
8080
fe80
f808
08f8
4848
4f48
484f
407f
0808
f808
08f8
00fe
0178
4848
4978
4848
0888
9010
fc20
2020
4b78
4848
4848
899a
fe20
5050
8888
0402
4020
000f
0888
4800
4040
40fe
4242
4240
2020
2041
4142
8498
a0a0
a020
2022
223e
00f8
2122
2428
20fb
40a0
1008
2442
8008
2020
2023
38c0
0003
1020
c204
0810
6080
1027
60af
2027
003f
0cf0
40fe
40fc
00f8
203f
203f
203f
0870
08f8
08f8
08f8
201c
2020
5388
01f9
2121
2020
fe20
fc04
fc04
f921
a9a8
a338
e003
fc04
fc00
fe48
8402
007b
4848
5352
6253
20fe
2020
fe22
22fe
4a4a
4b48
7040
4142
2222
fe20
70a8
2422
4027
0000
0f80
4007
40fc
4444
fe44
44fc
2020
2740
404f
8080
4040
fc40
40fe
4040
007b
4848
5350
4b48
90fe
20c0
2254
9834
4853
4001
3f01
01ff
d210
6000
f800
00fe
1010
1011
fd13
1531
4444
88fe
1010
10fe
3955
5191
1111
1111
1010
10fe
1010
10fe
2022
2120
f422
6076
1020
7c44
447c
4040
aaa2
a222
2225
2820
7c44
447c
4400
807e
8040
2107
0404
e724
4080
00f8
0808
f800
2427
2424
2720
508f
00fc
0404
fc00
00fe
1029
2444
817c
1010
0808
903e
22a2
3e20
fd10
9054
5410
1de2
a0be
a2a2
bea0
403e
003f
202f
a060
2f28
80fe
00f8
20c0
fc84
68af
2828
2f48
4888
84fc
8484
fc84
848c
008f
4140
0704
04e7
00f8
10a0
fc44
44fc
2424
2724
2424
508f
4444
fc44
444c
00fe
2023
2222
f920
2023
00fe
0202
f840
a012
2020
203b
c000
0300
3458
9038
5492
1060
2021
2121
f921
2177
00fc
0444
2414
04fe
69a9
a2a2
2223
2220
0444
2428
08fe
0830
2027
2424
fc27
2427
00fe
524a
42fe
4242
253d
e724
2724
2764
4a2a
2a12
926a
fe02
2022
22ff
2222
627f
3c24
24bc
2424
3ce4
aaa2
2225
2424
2830
243c
0828
a8a8
4a8e
1017
1424
2444
64a7
00fc
4444
4444
44fc
a4a4
2424
2427
2424
4444
4444
44fc
0404
402f
0007
009f
4007
80fc
80f8
80fe
00f8
2427
2447
4447
828c
08f8
08f8
08f8
100c
2027
20f8
2020
6071
00fe
4040
8080
8000
a9a3
a529
2121
2121
fc04
0404
0404
fc04
8040
2000
0000
ef20
4040
4040
4040
fe40
2020
2020
2020
508f
4040
4040
4040
00fe
04ff
0401
3f20
3f20
40fe
4000
f010
f010
3f20
3f20
3f00
4984
f000
fc00
fe02
2294
1027
408a
5126
2048
00de
4294
0894
2200
fb20
a8aa
a9a2
2420
de42
9494
0894
2240
1029
2541
bd10
11fc
00dc
5454
dc00
fc00
1390
5454
113d
c000
fe80
80fc
0404
0438
2020
2720
fb20
6771
4040
fc40
f890
fe10
aaa3
a529
2121
2121
08fc
0a08
f808
08f8
4027
0407
804f
0007
40fc
44fc
40fe
00fc
2427
2447
4447
829c
04fc
04fc
04fc
100e
0013
1010
12fd
1110
00fe
2020
2424
2828
1013
101c
e000
0000
20fe
2020
2020
2020
0101
7f01
3f00
ff84
0000
fc00
f800
fe42
043f
2424
3f04
04ff
40f8
4848
f840
40fe
2320
2724
ff48
4b48
fe40
fe42
5a40
5800
4b90
5322
324a
4282
fe20
fe52
5252
5206
1020
4088
5121
45fd
2020
2020
fe22
2222
2521
a9a9
a9a9
a121
22fe
2222
2222
fe02
0000
3f20
2121
2121
0078
9010
1010
1010
2121
2121
4141
8100
1010
0808
0404
0200
003f
2020
203f
0101
00f8
0808
08f8
0000
7f41
4141
4141
4101
fc04
0404
0404
1c00
1028
4482
00fd
1010
4040
40fe
8202
0242
fe10
1094
5450
1ee0
2222
2202
0202
0418
10fe
a220
48fe
4848
40fc
8484
fc84
84fc
7e48
487e
4848
7e40
80fe
80fe
0252
aa04
01ff
003f
2020
3f00
00fe
00f8
0808
f800
ff80
bf81
0101
0107
fe02
fa02
0000
0000
0813
1222
2263
62a2
0cf0
2020
20fe
2020
a222
2222
232c
2027
1010
10c8
0a06
00fc
1010
2f20
6362
a320
4040
fe00
f808
f800
2f28
2b28
2020
2021
fe02
fa42
4040
40c0
0810
1020
2362
62a3
407e
4040
fc04
04fc
2222
2322
2223
2027
0404
fc04
04fc
900c
2112
047f
0909
7f48
0202
2222
2222
2222
487f
0818
28cb
0808
22a2
a2a2
8202
0206
0101
0101
1f10
101f
00fc
0000
f808
08f8
101f
1010
1f04
0870
08f8
0808
f820
100c
003f
2020
2020
3f00
00f8
0808
0808
f800
007f
0101
3f01
01ff
00fc
0000
f800
00fe
2023
2223
fa23
2020
00fc
04fc
04fc
0000
2720
203a
e202
0518
fe40
407c
4040
40fe
0101
7f40
4040
1f01
0000
fc04
0404
f000
0111
1111
1129
4583
0000
f000
0000
00fe
0101
ff10
0804
ff81
0000
fe10
2040
fe02
813f
2121
2121
2101
02f8
0808
0808
1800
017f
4040
4f48
484f
00fe
0038
c040
40fc
4848
4849
4e58
808f
4040
20a0
120e
00f8
007f
405e
4244
4850
80fe
0006
f810
1010
5e42
4252
4a44
8a91
fe10
1010
fe00
00fe
00f9
0810
1020
7b48
0cf0
2020
2020
fe20
0808
5050
2130
4c83
2020
2020
fc00
00fe
2010
08ff
0101
3f21
0810
20fc
0404
fc00
217f
4305
0911
21c1
00fe
0202
0202
1c00
2221
2730
a8ab
a2a2
1020
fc44
44fc
4040
2724
2021
2224
2820
fe42
c242
424c
4040
2023
22fa
2223
223a
0cf0
2020
20fe
2020
22e2
2222
232e
2063
1010
1048
8a06
00f8
202f
2121
f224
2721
0006
7810
1010
7e10
31e5
2525
2225
2860
1010
1010
7e00
807e
2023
2223
fa23
2020
00fc
04fc
04fc
0000
2738
e022
2222
2568
fe40
407c
4040
40fe
2121
2027
f820
6372
1010
a0fc
4444
fc40
aaa3
a420
2122
2c20
40fe
42c2
424c
4040
4020
0700
0080
4000
0000
fe20
2020
2020
2020
2040
4040
8080
2020
2020
2020
20e0
00f8
2322
2240
4378
2020
fe02
0200
fe20
c8c8
4949
4979
4204
2020
3c20
2020
a07e
1010
107c
0509
0911
407c
4040
fc04
04fc
3955
9111
1111
1013
0404
fc04
04fc
8806
0cf1
1111
11fd
1010
00fc
0404
04fc
0000
3338
5451
9010
1013
fe20
20fc
2020
20fe
1020
4388
5023
224a
2020
fe88
88fe
2222
f921
21a9
a9a9
a020
fc24
2424
242c
2020
207d
4454
5454
5544
02dc
4848
4888
3e88
4ef4
5555
5454
858e
4848
4848
9e80
601e
7007
00fc
0000
f800
00fe
1010
1010
1010
00f8
0000
f888
88f8
1010
1010
1010
1070
7800
03fc
0000
7b02
2020
fe88
8888
fe22
7a01
0179
4949
7948
22fc
2424
2424
2c20
00f8
8b88
88fb
2222
2020
fe88
88fe
2222
21b9
a1a1
a1b9
c000
fc24
2424
242c
2020
0047
2427
0407
e424
06f8
20fe
20fe
2020
2525
2529
2920
508f
fc24
2424
2c20
00fe
0000
0000
0000
0000
0101
0101
0101
0101
0000
0000
0000
0000
0101
0101
0101
0101
fa41
4249
441b
281f
1ad9
56dc
540b
000c
0600
000c
0013
1b5b
0b00
8000
0000
0200
ea30
3033
3211
1d17
1c53
1f1f
5012
1411
1f00
0000
0029
1536
0b00
8000
0000
0200
fa32
3135
3112
2a14
1a53
1f1f
5012
1411
1f00
0000
0029
1536
0b00
8000
0000
0200
f830
3031
322b
1c1c
1c10
1910
0f17
1f1f
1f00
0000
0006
0700
0900
8000
0000
0200
fb01
41c2
c104
2042
1b52
8b51
4f0e
0410
04c3
0002
0065
2555
0800
8000
0000
0200
fb33
3234
3221
2832
185f
1f1f
5014
1f11
1f53
0000
0059
0526
0b00
8000
0000
0200
fb31
3131
3124
1f2d
1810
1910
0f17
1f1f
1fc0
0000
00f6
0700
0900
8000
0000
0200
fa04
0244
4122
320e
1b5b
1f19
5012
1414
1f00
0040
0029
1586
0800
8000
0000
0200
fb02
41c2
c116
282e
1adf
d054
8809
0b07
0443
0000
00e5
25f5
0800
8000
0000
0200
dc03
4243
0216
161f
2208
140f
0f0a
0a08
0801
0101
013a
5a3a
3a00
8000
0000
0200
fb30
c330
0116
0e20
15d7
1adf
4e08
1614
1f00
180f
4822
f2f8
0a00
8000
0000
0200
fc4f
4042
4103
7d24
185f
0f8c
0e0c
0217
0fc0
0108
01f8
5638
1800
8000
0000
0200
ea30
3033
3311
1818
1b53
1f1f
5012
1411
1f00
0000
0029
1536
0b00
8000
0000
0200
fb01
0104
011c
1929
1a0e
0e10
121f
1f1f
1f00
0000
0009
0709
0900
8000
0000
0200
c009
313a
3248
2c22
1a1f
1f1f
0d1f
1f1f
1f80
0000
0009
0309
0800
8000
0000
0200
fb35
3106
3118
1a31
1a1f
1f1f
0d1f
1f1f
1f00
0000
0006
0505
0900
8000
0000
0200
e946
0104
4119
202b
1b13
0b15
0e12
1f0e
1fc4
03c6
0154
0a6a
0800
8000
0000
0200
c101
0101
017f
7f7f
181f
1f1f
1f1f
1f1f
1f00
0000
00ff
ffff
ff00
8000
0000
0200
c101
0101
017f
7f7f
181f
1f1f
1f1f
1f1f
1f00
0000
00ff
ffff
ff00
8000
0000
0200
c101
0101
017f
7f7f
181f
1f1f
1f1f
1f1f
1f00
0000
00ff
ffff
ff00
8000
0000
0200
c101
0101
017f
7f7f
181f
1f1f
1f1f
1f1f
1f00
0000
00ff
ffff
ff00
8000
0000
0200
c101
0101
017f
7f7f
181f
1f1f
1f1f
1f1f
1f00
0000
00ff
ffff
ff00
8000
0000
0200
c101
0101
017f
7f7f
181f
1f1f
1f1f
1f1f
1f00
0000
00ff
ffff
ff00
8000
0000
0200
c101
0101
017f
7f7f
181f
1f1f
1f1f
1f1f
1f00
0000
00ff
ffff
ff00
8000
0000
0200
c101
0101
017f
7f7f
181f
1f1f
1f1f
1f1f
1f00
0000
00ff
ffff
ff00
8000
0000
0200
c101
0101
017f
7f7f
181f
1f1f
1f1f
1f1f
1f00
0000
00ff
ffff
ff00
8000
0000
0200
c101
0101
017f
7f7f
181f
1f1f
1f1f
1f1f
1f00
0000
00ff
ffff
ff00
8000
0000
0200
c101
0101
017f
7f7f
181f
1f1f
1f1f
1f1f
1f00
0000
00ff
ffff
ff00
8000
0000
0200
c101
0101
017f
7f7f
181f
1f1f
1f1f
1f1f
1f00
0000
00ff
ffff
ff00
8000
0000
0200
c101
0101
017f
7f7f
181f
1f1f
1f1f
1f1f
1f00
0000
00ff
ffff
ff00
8000
0000
0200
c101
0101
017f
7f7f
181f
1f1f
1f1f
1f1f
1f00
0000
00ff
ffff
ff00
8000
0000
0200
c101
0101
017f
7f7f
181f
1f1f
1f1f
1f1f
1f00
0000
00ff
ffff
ff00
8000
0000
0200
0000
0000
0000
0000
0101
0101
0101
0101
0000
0000
0000
0000
0101
0101
0101
0101
037c
4848
4848
7f48
007e
4244
4448
5048
4848
4474
c201
7e00
4442
4242
5c40
4040
0622
41be
147f
5567
003e
22a4
2428
2824
417f
08ff
0816
2140
2222
22a2
2c20
2020
0814
2241
803e
0808
0000
fe08
0808
0808
7f08
0949
2a28
0f70
0808
0808
0808
0838
0f48
4f48
4f48
4f40
e024
e424
e424
e404
7c04
04fc
2424
4484
7c40
407e
4848
4848
402f
0808
884f
0809
00fe
0202
02fe
0200
2929
2949
4949
9190
000c
f000
0002
02fe
2020
23f8
2023
2222
2020
fe88
88fe
2222
3ae2
2222
2222
2262
fa22
22fa
8a8a
fa06
2027
22f4
2126
2031
00be
8a92
86ba
9220
e326
2b22
2322
2362
fe20
fc20
fc20
fe00
0808
ff22
2222
ff88
2020
a07e
4404
a4a4
88be
88be
a2a2
be81
a4a4
9494
8888
94a2
004f
2101
8f48
080b
40fe
1010
fe02
42fa
2828
2b4a
4a4b
8888
4242
fa0a
0afa
0206
2020
40f9
898a
8888
8080
80fe
0202
0282
f888
8888
88f8
8800
4222
2202
0202
0438
2020
3e50
9011
017f
2020
7e90
1010
00fc
4141
417f
4141
417f
0404
04fc
0404
04fc
8040
2f01
0107
e425
4040
fe10
10fc
44f4
2425
2525
2524
508f
44f4
14f4
040c
00fe
2020
5348
8803
fa22
2020
fe88
88fe
22fa
22fa
22aa
aa22
3ae2
2222
fa8a
8afa
0206
402f
0101
8f48
080f
003e
0202
3e20
203e
2325
2943
4549
9186
1222
460a
1262
020c
1011
fd11
111d
f112
18e0
0000
fe10
1010
1234
003f
2020
203f
1010
00f8
0808
08f8
2242
8f02
0424
4fc0
1010
901e
2484
a424
4f48
4f48
4f48
4849
a4a4
9494
8888
94a2
2222
2ff2
2424
2f30
1010
901e
2484
a424
6fa8
2f28
2f28
2869
a4a4
9494
8888
94a2
2121
ff21
faaa
aff8
1010
d010
3ee4
a414
abaa
fb22
fb22
2222
d454
c848
c854
54e2
0042
2223
0204
e02f
4040
40f8
4040
40fc
2020
2020
2126
508f
4040
a090
0804
00fe
2021
5189
02f8
2020
2020
20fc
2020
2020
23f8
20a8
a8a0
39e2
fe20
2050
4888
0402
0404
047f
4444
447f
4040
40fc
4444
44fc
4444
44ff
0010
20c0
4444
44fe
0010
0806
0223
2223
20f9
2125
00f8
02fe
00fc
04fc
2525
2535
24c7
0007
04fc
04fc
00fe
900e
00ff
0101
0101
017f
00fe
0000
0000
00fc
0202
0404
0810
20c0
8080
4040
2010
0806
007f
4040
7f44
447f
00fc
0404
fc20
20fc
4444
7f48
4848
8b9c
2020
fe40
4428
100e
0101
7f40
4040
4040
0000
fe00
8080
fc80
4040
4f48
4848
8f88
8080
fc04
0404
fc04
4027
0000
8f41
0102
1ce0
8080
fe20
1008
2428
2242
4448
8081
8680
a494
9292
8280
1023
428a
5222
224a
20fe
00fc
a4fc
a4fc
fa23
22ab
aaa4
a429
20fe
509e
20f8
20fe
0cf0
1010
13fc
1010
8888
8888
fe88
8888
107c
4444
4444
7c44
88f8
8888
8888
f888
007c
4444
447c
4444
2020
2020
3e20
2020
7c45
4545
7d21
4985
20fc
0404
0404
fc04
10fe
1010
fe92
92ff
0000
fc00
0000
00fe
9292
fe10
10fe
1110
2020
2040
444c
f202
407e
407f
003e
a2be
00fe
107c
4444
7c44
a2be
a2be
80ff
24c2
447c
4444
7c00
28c6
0202
0302
023f
2020
0000
fc00
00f8
0808
2020
3f00
1212
21c1
0808
f800
4844
2222
0813
1020
2060
67a0
00fc
0000
0000
fe40
a020
2021
2122
2f20
4080
8000
083c
c202
007f
4141
7f40
4a4a
0078
4848
4a8e
007c
5f4a
4a5f
404a
8a92
0444
4428
1028
4482
402f
0808
8f48
0a0a
00bc
a4a4
a446
80be
2f2a
2a4f
4952
92a4
c294
94c8
0894
a240
007f
4141
4141
417f
00fc
0404
0404
04fc
4141
4141
4141
7f40
0404
0404
0404
fc04
7f01
ff81
bd81
3d00
fc00
fe02
7a02
7800
3f21
3f21
3f01
0100
f808
f808
f800
02fe
007f
0101
3f21
2121
7880
0000
f808
0808
3f02
0204
0408
30c0
f880
a090
9082
827e
0000
00f8
888b
8888
2020
2020
20fe
2020
8888
8888
f800
0007
2020
2020
2020
20fe
2020
2320
f827
2020
4042
f448
50fe
2050
2029
33c5
1901
0101
88fc
0404
fc04
04fc
4020
0182
4d00
1710
40a0
1008
f640
fc40
2126
4001
7f01
01ff
504c
4000
fc00
00fe
2020
2320
f848
4848
0000
fe40
4040
8080
4989
5234
1028
4480
fc84
8484
8484
fc84
003f
203f
2023
202f
00fc
04fc
80e8
90fe
2021
475a
4382
8302
8010
fc04
fc04
fc04
1020
4780
1020
6fa0
4040
fc40
4040
fe40
2022
2222
2225
2820
4040
7c40
4040
c07e
0008
0402
0008
0402
2020
2020
2020
2020
0200
0ff0
0000
0000
203e
e020
2020
2020
1010
1010
fc11
3038
2020
2020
20fc
2020
5454
9010
1010
1310
2020
2020
2020
fe00
4027
0404
8744
0404
20fe
8888
fe88
88f8
2425
2444
4444
888b
00fc
0488
5020
d806
1f02
4428
102f
4080
0088
5022
14e8
0402
1f10
1010
1f04
04ff
f010
1010
f040
40fe
04ff
0400
7f04
18e0
40fe
4000
f810
6000
1f11
111f
0204
18e0
f808
08f8
80b0
827e
00f8
8988
88fb
8888
4042
f448
50fe
4090
f98a
8c88
f820
5088
08fc
8484
fc84
84fc
8040
2102
040b
e020
40a0
1008
04fa
4040
2720
2122
2420
508f
fc40
5048
44c0
00fe
0808
7e09
0aff
0810
00be
a222
24a8
2824
3f61
a13f
2121
3f21
2422
2222
222c
2020
2020
538a
02fb
2222
2020
fe00
48fe
4878
fa22
aaaa
223a
e405
00fc
0848
5020
508e
00fd
2121
2141
4179
0cf0
2020
2020
fe20
c9c9
4949
497b
4400
1010
1050
880a
f602
00fb
2222
2342
427a
00fe
0000
fe40
4040
caca
4a4a
4a7a
4409
7c44
4444
4484
8830
2020
fe44
c428
1824
00fc
0444
2810
28c6
c13f
0102
0204
0830
00f8
0808
0808
0870
007f
4242
5f42
4243
80fe
1010
fe10
10f0
404f
4042
4140
839c
00f8
1020
4080
601c
0001
0101
0101
3f01
0000
0000
0000
f800
0101
0101
0101
ff00
0000
0000
0000
fe00
1010
1010
ff22
2222
00fe
0202
4242
4444
42c4
2418
0814
2240
4428
2810
1028
4482
2020
fe42
42c4
3408
00fe
0202
6414
0818
34c2
000b
4848
4887
24c2
0008
8412
12f0
102f
2244
44c9
de42
02c2
1212
92d2
5212
4242
4f42
4243
5e40
1212
9212
02c2
0206
2111
09ff
8080
9f10
0810
20fe
0202
f210
1010
1f04
0408
30c0
1010
f040
4040
423e
0404
0f10
20c8
0403
0000
f010
2040
8000
0204
0b10
20ce
0100
8040
2098
0600
c020
000f
8040
2704
0407
40fe
4040
fc44
44fc
2424
2740
4142
8488
4444
fce0
5048
4442
007f
0202
0202
0202
00fc
0404
0404
0404
0202
0404
0808
30c0
0404
0404
0404
0870
007f
405f
4040
7f40
80fe
80f8
8888
fe88
405f
4040
4f48
888f
88f8
0000
f808
08f8
0121
2f21
20f8
2122
1010
fe10
40a0
1008
2528
203b
c202
0203
f402
00f8
0808
08f8
0020
2724
24fd
2427
2020
fc00
20fc
24fe
2425
2c34
c909
0911
24fc
2020
fc04
04fc
0102
ff04
081f
688f
0000
fe40
20f0
0ce2
080f
08ff
0408
117e
00e0
00fe
0020
f008
0101
ff80
8000
7f04
0000
fe02
0200
fc00
0810
3f50
9010
1f10
0000
f808
0808
f808
0404
3f20
3f20
3f20
0000
f808
f808
f800
3f20
3f04
8484
ff00
fe00
fe02
2222
e20c
2023
2223
aaab
aaab
80f8
08f8
08f8
00fe
aaab
a8a8
fa82
0400
00fe
022a
aaaa
820c
2020
20a8
abaa
aaab
407c
4040
fc04
04fc
a222
2320
2027
2020
0404
fc40
40fe
4040
2021
21f9
2122
2224
00f0
1010
1212
1e00
3be0
2120
2020
2067
fc04
0488
5020
d806
2121
2f21
f920
2021
1010
fe10
5040
a010
32ed
2020
2322
2263
08f6
0000
f808
08f8
0101
ff01
3f21
213f
0000
fe00
f808
08f8
2121
3f05
0911
21c1
0808
f840
2010
0806
2020
20f8
2221
6070
9090
9092
9498
9090
a8a1
2620
2121
222c
9894
9290
1010
121e
2020
2023
f821
6077
2020
20fe
40fc
40fe
a8a0
2321
2224
2020
8888
fe08
4828
0838
2020
27f8
2322
6273
4040
fe40
fc44
44fc
aaa2
2320
2021
2224
4444
fc40
e050
4844
8444
2708
1000
2146
0000
fc84
8880
4030
9800
3f24
2424
24ff
0e00
f848
4848
48fe
4424
080f
9042
0708
0000
00fe
0202
f282
202f
2044
4447
8480
82fa
8292
92f2
0418
4023
0203
8243
000f
00fc
04fc
04fc
00fe
2223
2449
4142
8c81
00fe
9212
2222
428c
4027
0000
8740
000f
80fc
8080
f880
80fe
2121
2f42
4448
9080
1010
fe10
9050
1030
1010
1310
9294
9890
0000
fe10
1010
1010
5010
1010
1028
4480
1010
1010
1010
1070
2023
2022
a9b2
a5a8
00c8
50a2
1408
f402
2023
2252
4b81
810f
00f8
0808
f810
20fe
0141
2111
1101
ff00
0004
0810
2000
fc04
0000
7f00
0000
ff00
0404
fc04
0404
fc04
003f
20a0
6f20
2067
80fe
0000
fc00
00f8
a424
2720
2241
418f
0808
f800
1010
20fc
0073
0001
f823
20a8
20fe
20fc
00fe
02f8
a8af
a8ab
aaa2
2320
20fe
08be
88a8
8818
203e
4888
013f
0101
203e
4888
00f8
0000
ff00
007f
0008
0400
fe10
10fc
1010
1070
407e
9008
0902
0408
407e
9008
8840
2010
37c0
000f
0808
080f
e806
00f0
1010
10f0
207e
9008
7f40
405f
207e
9008
fc04
04f4
4040
4f48
4848
4f40
0404
e424
2424
e40c
2020
23aa
7222
fa23
2020
fe20
20fc
24fe
6272
aaa2
2222
2424
24fc
00fc
8484
fc84
1020
408b
5020
2049
2020
20fe
4048
841e
fb20
20a8
a9a9
a224
f290
9090
1010
121e
00ff
1020
2247
f808
02a2
2222
2222
a2a2
0808
7f08
0808
0ff8
2222
2222
0202
8206
0000
0000
0000
0000
0101
0101
0101
0101
0000
0000
0000
0000
0101
0101
0101
0101
fd60
0b30
1513
191c
215f
1f1f
1f0c
1f0d
0c00
8008
08a4
0674
7400
8000
0000
0200
fc62
4011
0500
181d
205f
1f18
1f00
0000
0040
409c
12a4
06f4
f400
8000
0000
0200
f04f
3708
6910
0808
101f
121f
1f1c
1a1a
1a04
0584
0b2a
3a3a
3a00
8000
0000
0200
f000
0000
0015
1318
1b1f
1f1f
1f06
1f1f
1f00
0000
00ff
0f0f
0f00
8000
0000
0200
f868
4013
0527
1a1e
190c
0c0b
1000
0002
0700
0042
0aa4
06f4
7400
8000
0000
0200
d430
3138
320e
0f22
1b8a
1c9e
5308
0804
0f10
0910
00f4
ebd4
f600
8000
0000
0200
f938
3132
3200
1c00
179f
1c9f
530d
0804
0910
0908
0022
e2d2
f200
8000
0000
0200
f341
0640
001b
1100
1a08
0a14
0f08
0907
06c1
4041
00a3
61a4
3100
8000
0000
0200
fa30
3130
3114
2600
1a1f
1f1f
151f
1f1f
1f00
0040
0002
0103
0300
8000
0000
0200
f4c0
c0cf
cf04
001e
1e12
0814
1403
0208
0805
01c1
c101
02b3
9300
8000
0000
0200
fc02
4402
421d
331e
1e1f
1f0f
0f0f
0f1f
1f00
0009
0923
3405
0500
8000
0000
0200
f83f
383c
3000
0000
161f
1f1f
0b1f
1f1f
16c0
c080
0000
0003
0700
8000
0000
0200
c532
3132
310c
2424
2405
0603
081f
1f1f
1f81
8344
0201
0101
0900
8000
0000
0200
fc30
3034
3f00
1e1f
1f1f
1f1f
0b1f
1f1f
1600
0040
c000
0003
0700
8000
0000
0200
e20f
4302
4a32
1f2b
1a1f
1f1f
1f1f
1f1f
1fc0
c080
4003
0406
0600
8000
0000
0200
fc30
3030
3003
0321
210d
1f0e
0e1f
1f1f
1f00
0040
8000
0004
0400
8000
0000
0200
c731
3332
3424
2424
241f
1f1f
1f1f
1f1f
1f00
0000
000f
0f0f
0f00
8000
0000
0200
fa05
0140
4014
0f0e
169f
5f06
1b08
0b14
1406
0402
0357
0301
2800
8000
0000
0200
f030
3030
300e
1216
1d1f
1f1f
1f06
1f1f
1f00
0000
00ff
0f0f
0f00
8000
0000
0200
f844
0141
001e
0b01
1a1f
1f1f
1f00
0000
1080
008e
000b
6696
0000
8000
0000
0200
fa30
3130
300c
2600
191f
1f1f
1f02
1f1f
0700
0040
0048
0103
0f00
8000
0000
0200
f841
3641
3211
0926
1a1f
1f0f
0b0f
0d1f
0840
00c0
0860
1006
1800
8000
0000
0200
f13f
3030
0007
1508
1a12
1f16
0f1f
1f1f
1fc0
c002
00f4
04a4
1900
8000
0000
0200
f930
0140
3137
0700
1b5f
0803
5303
080d
1f10
0102
0000
19a4
0f00
8000
0000
0200
fc04
620f
3200
091c
221f
5f5f
5f1f
1f1f
1f51
0a0a
0a54
0404
04f0
9898
c160
0200
f046
3101
6018
0d00
111f
121f
1f1c
1a1a
1a0a
090a
092a
3a3a
3a00
8000
0000
0200
f864
0231
0400
2121
191f
1f1f
1f0c
0c0d
0800
0000
08ab
ab7b
7b00
8000
0000
0200
f86f
4f12
0100
1530
1910
1f1f
1f00
0000
0c40
409c
12af
0fff
ff00
8000
0000
0200
fc0f
0101
0110
1022
1d1f
0f1f
0f00
000b
0d0a
0c0a
102a
3a3a
3a00
8000
0000
0200
f80f
0101
0120
1010
1a1f
1a1f
1f00
0000
0d00
0000
0a2a
3a3a
3a00
8000
0000
0200
f002
0004
0110
0a18
1a1f
0e0f
1f1f
0f0d
1000
00c0
0b60
0142
0300
8000
0000
0200
f800
0000
007f
7f7f
7f1f
1f1f
1f1f
1f1f
1f1f
1f1f
1f0f
0f0f
0f00
8000
0000
0200
0000
0000
0000
0000
0101
0101
0101
0101
0000
0000
0000
0000
0101
0101
0101
0101
04ff
043f
01ff
013f
40fe
58e0
00fe
00f8
213f
213f
017f
01ff
08f8
08f8
00fc
00fe
04ff
0443
2203
8243
40fe
40f8
08f8
08f8
202f
2247
5843
8087
00fe
00fc
a424
4498
08ff
0802
794f
487f
20fe
2048
50fc
40fe
4849
4e78
4a49
8a94
a010
4e40
4c50
48c4
7000
00fc
0300
f801
0808
0808
fe08
0808
00f8
0000
f888
88f8
8888
8808
0808
0838
7948
4b48
7f48
494a
24a8
fe50
fe88
24fc
7c48
4848
4849
4999
02f8
00f8
00fc
04fc
00ff
0000
003f
2020
00fe
0000
00f8
0808
2020
3f08
0804
04ff
0808
f820
2020
40fe
00f8
8b88
88f9
2224
2022
b4b8
a824
2260
a0b9
a1a1
a1bd
e101
00fc
0404
fc04
04fc
0141
2925
0101
e325
2020
2428
2020
3028
2922
2224
2820
508f
2420
2022
1e00
00fe
8047
2000
0f01
e224
18e0
4040
fe50
4844
2b20
2021
2126
508f
f290
bc04
0418
00fe
2130
4984
f821
22fc
e428
528c
8804
fa00
2021
a5a9
213c
e003
00fc
0404
fc88
88fe
0179
494a
5451
6152
0000
fe02
0202
f242
484b
484a
7243
4040
42fa
424a
4afa
020c
00fe
0000
7c44
4444
00fe
1020
fe82
82fe
447c
0044
442e
f001
82fe
8282
fe28
4482
02f1
9790
9ff1
9396
4850
fea0
fe10
f844
9b92
f392
9390
95b5
fa40
f840
fe02
5256
7e42
7e42
7e40
7f40
7e42
7e42
7e02
9212
5f51
515f
404a
4b5c
7e12
1252
5212
1236
2f22
5f42
dfd2
525f
8808
c808
de4a
4aca
5252
5f42
5f42
435e
4a4a
ca0a
ca12
d226
06f8
10fe
10fe
9292
2020
2020
fe22
2222
fe92
92fe
10fe
10fe
2222
2222
2242
428c
007f
4040
5f40
404f
00fe
0202
fa02
02f2
4848
484f
4040
4040
1212
12f2
0202
020e
2111
09ff
8080
1f10
0810
20fe
0202
f010
101f
0101
3f01
01ff
10f0
0000
f800
00fe
824f
2007
04e7
2424
10fe
80f8
08c8
f808
2750
8f00
ff00
0804
f800
fe20
fe20
20e0
2020
23a9
a8a7
a023
4040
fc10
a0fe
00f8
2223
2223
2027
202f
48f8
48f8
40fc
40fe
2020
23f9
2027
203b
4040
fc10
a0fe
00f8
e223
2223
2027
206f
48f8
48f8
40fc
40fe
402f
0808
0b88
480b
00fc
0404
f404
04f4
2a2a
2a4b
4a48
8888
1414
14f4
0404
041c
00f8
8b88
88fb
8889
2020
fe88
50fe
00fc
89f9
8989
88f9
8803
24fc
24fc
20fc
20fe
0101
7f08
08ff
003f
0000
fc20
20fe
00f8
213f
213f
017f
01ff
08f8
08f8
00fc
00fe
007b
4a4a
4a7a
4a4a
00fe
0202
fa02
02fa
4a7a
4a4a
4a4a
8a9a
8a8a
8afa
0202
0206
04ff
0410
3f40
881f
40fe
4000
fc04
04c4
2202
ff02
2222
3f20
0404
f404
2424
e418
8241
2f00
0704
e427
1020
fc80
f808
08f8
2424
2724
2427
508f
0808
f808
08f8
00fe
1029
4581
7d11
11fd
00fe
0202
7a02
027a
1155
5555
111d
e101
4a4a
4a7a
0202
0206
2020
a8a8
a8ab
a8a8
4040
7840
40fe
0000
aba8
a8a8
f888
0000
fe40
4070
4840
4040
4040
4c70
4042
3e00
1020
fc84
fc84
fc80
1010
fe10
1111
1210
fe80
fe02
5652
020c
007f
4242
7f42
407f
00fe
2020
fe20
80fe
4142
4f74
4447
407f
0000
fc04
04fc
00fe
1023
4283
0a13
2060
00fc
04fc
04fc
0000
a320
202f
2026
2120
fc10
10fe
1010
1030
1020
4780
1027
64a4
4040
fe40
40fe
9292
2427
2021
2525
2529
92fe
0040
2402
0af8
402f
0007
804f
090f
40fe
40fc
00fe
12fe
2027
2447
4447
828c
00fc
04fc
04fc
100e
1050
517c
9090
1310
2020
fc20
2020
fe08
1c13
f011
1010
1010
08fe
0808
8888
0838
101e
10ff
082a
4998
007e
0222
1408
1462
003f
203f
203f
203f
00f8
08f8
08f8
08f8
007f
0101
ff05
0911
7880
0000
fe40
2010
e104
0404
0404
0870
0e40
4040
4042
423e
407e
8800
3f21
3f21
407e
8800
fc00
f800
3f21
3f00
0049
4989
f800
fe02
0222
222c
017f
013f
01ff
001f
00fc
00f0
00fe
00f0
1111
ff22
223f
0000
1010
fe20
20fc
20c0
8850
2053
920a
0a1a
2020
20fe
2222
2222
1b2a
4888
0808
1360
fe20
2020
243c
e202
7000
03fc
0001
f800
2020
fe20
20fc
0000
03fa
0200
f888
89fa
fe02
5250
5090
121e
2023
22fa
2322
6272
18e0
0000
fe40
4040
aaa2
2222
2224
2428
7c44
4444
4444
8498
2020
2122
f722
6370
80f8
1020
fe22
fe80
a9a2
a023
2021
2620
4468
9038
5494
1260
0007
0404
0404
7c44
00c0
4040
4040
7c44
4040
4040
4040
7f40
0404
0404
0404
fc04
0101
ff88
8810
6001
0000
fe42
4244
3c00
01ff
0102
0408
30c0
00fe
0080
4020
1806
2126
2424
f427
6474
8078
4848
484a
8e00
aca7
a424
252e
2424
7c24
2428
9028
4482
007f
4040
7f40
4040
00fc
0404
fc00
8080
5f50
505f
5050
9f90
fc84
84fc
8484
fc04
017f
0002
1f10
1f10
10fc
8040
f22e
e020
1f10
1f10
1f00
4949
e000
fc00
fe02
222c
08ff
080a
0202
0302
20fe
2020
0000
fc00
0202
3f20
2020
3f20
0000
f808
0808
f808
0101
ff80
80bf
011f
0000
fe02
02fa
00f0
1111
1f11
111f
0870
1010
f010
10f0
201c
00ff
0404
7f44
4448
00fe
8080
fc84
8494
5040
407f
4040
7f40
f404
04fc
0404
fc04
0404
9f44
0e04
9f40
0c30
4452
5200
7c14
1f15
555f
5151
9193
147e
1414
7c10
1030
0202
e3ae
a2aa
aaaa
003e
883e
22a2
bea2
aaaf
ea82
0203
0000
a2be
2222
be94
22c2
0101
017f
0101
2121
0000
fc00
0008
0808
2121
3f21
2101
0100
0808
f800
0002
02fe
2020
23a0
a9a5
a1a0
2020
fe00
fc04
fc00
2320
2020
2720
2020
fc04
1820
fe20
20e0
1010
fe00
7d44
447c
4040
80fe
0888
8888
007c
0810
1ef0
1033
8850
5020
2050
8806
4020
000f
8040
0808
8080
fc80
8088
8888
2828
2f48
4040
8080
8888
f880
8082
827e
007b
4848
497a
4848
00fe
4080
4224
5890
4b78
4848
4b48
8898
1030
5894
1210
1060
2017
0404
4724
0405
0cf0
2020
fe20
20fc
e525
2929
2151
8c03
04fc
04fc
04fc
00fe
1011
16f8
1092
9292
00fe
20fc
8484
fc84
92fe
9010
121e
0001
84fc
8484
fc48
8402
003f
0101
ff02
0408
7880
0000
fe80
4020
1020
df10
1010
1f10
1008
f610
1010
f010
3f23
3f00
7f01
ff81
f888
f800
fc00
fe02
b900
3f00
ff08
103f
7200
f800
fe00
10f8
1028
4580
7c11
11fd
2026
f820
2024
2424
1111
5555
5410
1ee0
2424
fc24
2020
221e
0202
ff04
0810
608f
0000
fe40
2010
0ce2
0000
7f01
0911
6103
0000
fc00
6010
0800
00fe
1212
12fe
1212
007e
4244
4448
5048
12fe
1212
2222
428c
4442
4242
425c
4040
0000
007f
4141
4142
8080
80fe
0202
0282
4244
4850
6040
4040
4222
120a
0202
020e
0808
101f
2141
8101
0000
00fe
0000
00f8
0101
0101
0101
0101
0000
00fc
0000
0000
007f
4041
4149
4949
00f0
1010
1010
1010
4949
4949
4949
9f80
d010
0808
080a
ea04
04ff
0420
207d
5290
40fe
4088
90fe
9090
10fe
1028
2444
4280
fc90
90fc
9090
fe80
6002
f100
04f2
0000
0010
5454
5410
7c10
f701
01f1
9191
92f4
3038
5494
1010
807e
09bf
4900
1f15
955f
14d4
143e
2464
243e
041f
447f
448a
91a0
24a4
24be
2424
243e
2020
27f0
2122
2439
4040
fea0
1008
04f2
60a0
2720
2224
2860
0000
fc40
4844
42c0
2151
8901
f921
2123
fc04
043c
2424
24fe
fa22
aaaa
aa22
3ae2
02fa
8a8a
8afa
0206
2021
2123
fa24
2362
3808
04fc
a2a0
fca4
72aa
a3a2
2322
2322
a4bc
0404
fc04
fc04
007e
4848
7e48
487e
0282
9292
9292
9292
4848
7e02
52aa
a20d
9292
9292
9282
8202
1023
428b
5223
204b
00f8
48f8
48f8
40fc
fa23
22aa
aba8
a020
44fc
4444
fc40
423e
00fb
a8a9
a8a9
aaf8
00de
4242
9448
3400
aba8
a9a8
a9f9
820c
de42
5494
4808
1462
0101
ff01
017f
4844
0000
fe00
00fc
2444
5f41
415f
4141
4141
f404
04f4
0404
041c
2023
20f8
2322
6272
20fe
2020
fe02
8a52
aaa2
2222
2222
2222
fa22
22fa
2222
2206
10fc
1010
7d54
547c
8080
fe82
2224
2820
5454
7c10
10fc
1112
2020
2050
5088
0402
2424
ff24
00fe
92fe
2424
487e
c848
487e
10fe
10ff
1028
4482
4848
487e
4848
487e
4020
0001
9f41
0102
8080
8000
fe08
0808
2225
2440
4041
8698
1010
d020
5088
0404
0000
003f
0000
0000
0000
00f8
0000
0000
0000
0000
ff00
0000
0000
0000
fe00
0000
007f
4040
7f40
4848
00fc
0404
fc04
0000
484f
4848
4848
8887
1ce0
0000
0002
02fe
0000
3e00
00ff
0000
4048
4440
40fe
2020
003e
0000
07f8
0000
2020
2020
9012
0a04
2111
0203
4428
0101
0000
00fe
4040
5048
e224
2820
2050
8807
4442
4240
40c0
00fe
1010
1f20
2050
9013
0000
fc04
0404
c404
1c10
1010
0f00
0000
0404
0424
e404
0830
007b
4a4a
7a4a
4a7b
00fe
0000
fc00
00fe
4a4a
4a7a
0254
4889
9092
9488
8894
e482
0000
7f41
4142
4448
8080
fe02
0282
4222
5141
4242
4458
4040
1a02
8242
2212
020e
1010
10fe
9292
9292
0000
fe10
1010
1010
fe90
1014
121e
e200
1010
1010
1010
10fe
0808
0808
08ff
0808
2020
2020
20fe
2020
0808
0808
080f
0800
2020
2020
20e0
2000
0000
1f10
1010
101f
0000
f808
0808
08f8
1010
1010
101f
1000
0808
0808
08f8
0800
037c
0049
292a
007f
4040
4040
4040
4040
0204
08ff
0808
0818
4040
4040
4242
423e
0602
0202
0101
0102
0000
0000
0000
0080
0204
0408
1020
4080
8040
4020
2010
0806
0000
0000
0000
0000
0101
0101
0101
0101
0000
0000
0000
0000
0101
0101
0101
0101
f033
3130
3031
250d
181f
1f1e
1e11
0c0d
0909
0909
0966
76b9
9900
8000
0000
0200
f201
3121
111c
1231
1b0d
0d0f
0809
0a0c
0300
0000
0010
4020
0000
8000
0000
0200
f071
4450
0223
1a00
1b10
1c15
1408
0708
081f
1f1f
1f97
b5b5
7700
8000
0000
0200
f023
3130
002b
260d
1a1a
1a19
1e11
0c0d
0809
0909
0877
873a
5a00
8000
0000
0200
f201
3121
111c
1231
1a0d
0d0f
0809
0a0c
0300
0000
0010
4020
0000
8000
0000
0200
ed61
3165
3110
3e36
161f
1f1e
1f08
0a00
0649
800a
12f5
f5f4
0400
8000
0000
0200
fd6e
6101
311c
2424
2407
0809
0707
0808
0805
4788
06a6
96a4
8400
8000
0000
0200
ea61
3061
3108
2804
1b1d
1d1e
1c08
0808
08c7
874a
0946
3684
84cf
ff00
c001
0200
fb61
6508
017f
1800
160b
0b0b
0795
0c0c
8a15
8c08
0815
5608
84da
c050
c202
0200
f861
3161
3010
1015
191f
1f1f
1e00
0000
0800
0000
0906
0604
8400
8000
0000
0200
f030
0155
310c
120c
181f
1f0f
1f0a
0d08
0c89
8d0a
070f
0f0f
8fa0
ff00
c371
0200
fd30
0357
3008
2424
1c10
1c1c
1506
0707
0809
8a4a
0ebf
ffff
ff00
8000
0000
0200
fc08
080a
1708
211a
205f
1f1f
1f0c
1f0d
0c80
00c8
88a4
0674
7400
8000
0000
0200
fc08
080a
1700
211c
245f
1f1f
1f0a
1f05
0580
00c3
83a4
0674
7400
8000
0000
0200
fd33
0252
300c
2020
1c10
1c1c
1f06
0909
0ec9
8a4a
0ebf
ffff
ff00
8000
0000
0200
c40a
0e02
032d
3b19
191f
1f1d
1f1f
0e0a
1f0f
0000
0002
f354
04f8
c000
c370
0200
ca68
0408
6105
1510
1910
0709
0987
8c86
9fd2
080d
8510
4140
02a0
6262
c102
0200
fa00
0206
010a
1624
1c0d
0b0d
0c10
0808
081f
1009
10ef
f4e5
f400
8000
0000
0200
c101
0101
017f
7f7f
181f
1f1f
1f1f
1f1f
1f00
0000
00ff
ffff
ff00
8000
0000
0200
c101
0101
017f
7f7f
181f
1f1f
1f1f
1f1f
1f00
0000
00ff
ffff
ff00
8000
0000
0200
c101
0101
017f
7f7f
181f
1f1f
1f1f
1f1f
1f00
0000
00ff
ffff
ff00
8000
0000
0200
c101
0101
017f
7f7f
181f
1f1f
1f1f
1f1f
1f00
0000
00ff
ffff
ff00
8000
0000
0200
c101
0101
017f
7f7f
181f
1f1f
1f1f
1f1f
1f00
0000
00ff
ffff
ff00
8000
0000
0200
c101
0101
017f
7f7f
181f
1f1f
1f1f
1f1f
1f00
0000
00ff
ffff
ff00
8000
0000
0200
c101
0101
017f
7f7f
181f
1f1f
1f1f
1f1f
1f00
0000
00ff
ffff
ff00
8000
0000
0200
c101
0101
017f
7f7f
181f
1f1f
1f1f
1f1f
1f00
0000
00ff
ffff
ff00
8000
0000
0200
c101
0101
017f
7f7f
181f
1f1f
1f1f
1f1f
1f00
0000
00ff
ffff
ff00
8000
0000
0200
c101
0101
017f
7f7f
181f
1f1f
1f1f
1f1f
1f00
0000
00ff
ffff
ff00
8000
0000
0200
c101
0101
017f
7f7f
181f
1f1f
1f1f
1f1f
1f00
0000
00ff
ffff
ff00
8000
0000
0200
c101
0101
017f
7f7f
181f
1f1f
1f1f
1f1f
1f00
0000
00ff
ffff
ff00
8000
0000
0200
c101
0101
017f
7f7f
181f
1f1f
1f1f
1f1f
1f00
0000
00ff
ffff
ff00
8000
0000
0200
c101
0101
017f
7f7f
181f
1f1f
1f1f
1f1f
1f00
0000
00ff
ffff
ff00
8000
0000
0200
0000
0000
0000
0000
0101
0101
0101
0101
0000
0000
0000
0000
0101
0101
0101
0101
2020
20fe
2424
2444
0000
fe82
8282
8282
4448
c828
1018
24c0
8282
8282
82fe
8200
003f
2020
3f20
2020
00fc
0404
fc40
4044
2f21
2122
2244
4880
4850
6050
4844
42c0
0808
ff08
0004
7c04
2020
fe20
0040
7c40
047c
0404
7c04
04ff
407c
4040
7c40
40fe
0810
1720
2060
60a0
000c
f040
4040
4040
2f20
2020
2020
2027
fe40
4040
4040
40fc
2020
2320
fe24
2444
000c
f020
2020
2020
47c8
2810
2824
4483
fe20
2020
2020
20fc
00ff
0119
0703
0418
00fc
0404
0404
8488
e000
0a49
4848
4887
3000
0008
8492
12f0
7003
00f9
0000
f803
00fe
2222
c242
a20c
00f8
0202
fa8a
8af8
00a0
9094
8282
8af8
4027
000f
884b
0003
00fc
40fe
425a
4058
202f
204f
4949
8989
00fe
80fc
2424
242c
0073
0001
02fb
2223
00fe
a824
22fe
2276
22ab
aaab
aaa3
2222
aa76
2276
aa76
2226
2020
21f9
0a12
1420
8080
00fe
2020
2020
7069
a122
2428
2020
2028
2422
2222
20e0
017f
4045
1427
003f
00fc
0424
10c8
00f8
2424
3f00
ff01
0107
4848
f800
fe00
0000
04ff
0410
3f42
8e05
40fe
4000
fc24
44c4
3801
3e00
4948
888f
a404
1800
0482
12f0
0189
5127
5191
1130
1010
10fe
1010
1000
5392
1213
1212
1362
fc44
44fc
4444
fc04
107c
10fe
282a
ce10
2020
f828
2828
28a8
7c10
fc01
0048
4484
486a
aa06
0088
4422
0810
3f40
0000
3f10
0000
fc80
8080
f880
1010
10ff
0000
0000
8080
80fe
8080
8080
0102
0408
102f
4080
0080
4020
10e8
0402
3f00
0008
4848
4887
f810
2080
4422
0af8
2020
2122
f528
2023
40a0
1008
f402
00f8
38e0
2025
2525
2968
0808
1044
2202
08f8
2121
22fb
2222
2538
0aca
487e
c848
4888
e021
2224
2025
2468
9414
2242
0024
9292
2121
2aab
aaa2
a5a0
0aca
487e
c848
4888
a021
2224
504a
8204
9414
2242
00a4
9292
1010
9252
5410
fe10
2020
2020
3e20
2020
3139
5551
9111
1111
fe02
0202
0202
fe02
007f
0404
0404
0404
00f0
2020
4040
7c84
0808
0810
1020
4080
0404
0404
0808
10e0
00f7
1020
2043
7a8a
00fe
a0a0
a0fc
a4a4
0a0b
4a52
5322
5887
a43c
0404
fc04
00fe
0101
017f
0000
0000
0000
00f8
1010
2040
0001
0214
1824
4380
8000
0000
0000
00fe
1010
10fe
1038
5491
2020
20fe
2070
a826
1001
013f
0101
01ff
2000
00f8
0000
00fe
01ff
013f
21ff
929e
00fe
00f8
08fe
92f2
047f
04ff
021c
e40f
40fc
40fe
8048
300e
2221
21a9
a8a8
aaaa
4222
2424
0800
028a
a222
2222
2222
2322
4a52
2252
8a02
fe02
412f
090f
098f
400f
20fc
24fc
24fc
00fe
282b
284f
4949
9193
00f8
00fe
2028
108e
1020
408b
5222
224a
2020
20fe
2222
2222
fa22
23aa
aaaa
a222
528a
0602
0202
020e
1010
2247
f900
7e42
404c
7040
4042
3e00
427e
4242
7e42
4246
404c
7040
4040
423e
007a
4949
4878
4a4a
0242
2424
0800
028a
4a7a
4a4a
4a4a
8b9a
4a52
2252
8a02
fe02
007b
4a4b
4a7b
484b
90fc
94fc
94fc
00fe
4a7a
4a4b
4a4a
8c99
00f8
00fc
908a
e482
047f
447f
447f
007f
40fc
44fc
44fc
00fe
405f
407f
4848
8fb8
00f8
00fe
8048
300e
00fe
0202
7a02
027a
00fc
8484
fc84
84fc
4a4a
7a42
0202
0c01
8484
fc50
5090
921e
007f
0009
2443
0c71
00fc
0830
4080
700e
011f
1111
1f01
017f
00f0
1010
f004
3cc2
003f
2121
2121
213f
00f8
0808
0808
08f8
2020
2020
2020
1f00
0000
0000
0202
fe00
2023
22fa
2222
2222
00fc
4444
4444
4444
3be2
2222
2222
2261
fc00
0000
0002
02fe
2027
20fa
212f
2234
0cf0
4448
50fe
4844
e827
2424
2724
2467
42fc
4444
fc44
44fc
ff04
7f44
7f22
ff22
fe40
fc44
fc00
7c44
3e08
7f49
7f08
ff08
447c
4444
7c44
448c
1011
11fd
1111
3139
00fc
2424
2424
2424
5551
9111
1111
1110
fc00
0000
0002
02fe
4020
0704
8444
0407
4040
fe42
4448
40fc
2425
2444
4448
8893
0404
8850
2050
8806
4020
0704
8445
0404
0678
8006
38c0
82ac
2424
2444
4848
8890
b0a0
9090
8884
8280
00fe
107c
101e
f000
00fe
10fc
1010
fe00
3f21
213f
2020
201f
f808
08f8
0002
02fe
0000
fb22
2222
427b
2020
fe22
2420
20fc
ca4a
4a4a
4a7a
4405
0484
4828
1030
4886
0047
2484
4705
2428
40fc
4440
f810
a040
4893
04ff
0814
033c
b00c
00fe
2040
8070
007f
447f
003f
213f
00fc
44fc
00fc
00f8
213f
213f
0049
8400
00f8
00fc
0424
8418
0404
ff04
0400
3f21
4040
fe40
4000
f808
2121
3f20
2020
201f
0808
f800
0002
02fe
003f
2020
3f20
203f
00fe
8080
fc80
80fc
2020
3f00
0148
4484
8080
fe02
2292
920c
0810
1720
2060
63a0
9090
9e90
9090
9c90
a020
232c
2121
222c
90d0
9e90
1010
1010
017f
404f
414a
4448
00fe
0088
5020
1408
5742
425f
4242
8498
f420
20fc
2020
223e
2023
20f8
2120
2021
00fe
2020
fc20
20fc
38e0
2320
2020
2060
2020
fe20
2020
2020
2020
27f8
2020
2720
9090
9e90
9090
9e90
38e0
232c
2121
226c
90d0
9e90
1010
1010
00fc
8484
85fe
8484
4040
80fe
0808
8888
fc84
8484
fc20
4885
8850
5020
2050
8806
1013
10fc
1010
3038
00fe
0808
1010
2864
5491
1210
1010
1010
a222
2020
2020
2020
00ff
0001
030d
31c1
00fe
8000
4030
0c02
0100
3f24
2424
24ff
0000
f848
4848
48fe
4849
4949
497d
4141
40fe
2222
fe22
22fe
4078
494b
4888
8808
4090
10fe
1010
1010
0404
fc04
1ce4
003f
808c
f082
827e
00f8
203f
203f
2020
2020
08f8
08f8
0808
0838
7848
4b48
7849
4949
2020
fe20
20fc
2424
7949
4949
4949
8898
2424
2424
242c
2020
04fc
047c
04fc
05ff
407e
407c
407e
40fe
017f
414f
7f01
ff01
00fc
e404
fc00
fe00
00fe
2828
28fe
aaaa
007c
0404
0404
047c
aace
8282
fe82
82fe
4440
4040
4042
423e
0810
1721
2160
60af
4040
fe08
0890
90fe
2020
2322
2222
2223
0000
fc04
0404
04fc
2020
2721
f920
202f
4040
fe08
0890
90fe
2020
233a
22c2
0203
0000
fc04
0404
04fc
2023
2020
fc44
4444
88fe
8888
f888
88f8
4888
8b50
3028
4982
2020
fe20
70a8
2422
2121
23fa
2421
6171
0000
fe00
00fc
2424
a9a7
2122
2223
2020
24fe
4448
48fe
0830
2127
21f9
2121
7169
10fe
1010
f010
10f0
a0a0
af20
2122
2c20
4040
fee0
5048
4640
2127
2121
a9b1
a1a1
10fc
1010
f010
10f0
2020
2730
4942
8c00
4040
fee0
5048
4640
8851
2151
9109
0919
00fc
0404
04fc
0404
2949
8909
0908
1166
fc04
0404
fc88
0402
007f
4444
7f00
1f10
00fc
4444
fc00
f010
1f10
1f10
101f
0478
f010
f010
10f0
403c
0101
ff01
017f
0000
0000
fe00
00fc
0000
ff80
8404
0810
20c0
fe02
4240
4042
423e
00f8
8b88
88f8
888b
2020
fe88
8888
88fe
f888
8989
f921
5189
0000
fc04
0404
fc04
007c
4548
4850
504b
2020
fe88
8888
50fe
4444
4545
5941
4141
0000
fc04
0404
fc04
4023
000f
4023
0003
00f8
00fe
00f8
00f8
e023
2222
2320
508f
00f8
0808
f800
00fe
2021
2121
f9a9
a8ab
00fc
24fc
24fc
20fe
aafb
a223
2a38
c800
22fe
22fe
2220
223e
18e3
2020
20f9
2260
00fc
2020
a824
2220
70ab
a0a0
2020
2020
20fe
2020
2020
2020
2021
407c
9011
11fd
04e4
2424
24e4
0404
1113
1228
2824
4481
04e4
2424
2424
24c4
0808
ff08
0c70
1111
2020
fe20
0020
2424
fd11
3834
5090
1112
2428
2040
5088
0402
0810
1322
2262
62a2
4080
fe02
0202
0202
2322
2222
2222
2322
fe02
0202
0202
fe02
101e
2222
3c44
04ff
0404
2424
2424
24a4
0849
2a08
2a49
8818
2424
2424
0404
840c
2020
2320
fb22
2322
2c20
fe20
fe22
fe22
2320
2027
2021
2120
fe00
08fe
0808
0818
2020
20fd
2121
2125
2020
40fe
0202
0202
39e1
2121
2121
2161
fe02
0202
0202
fe02
1010
10fd
1111
3139
2020
40fe
0202
0202
5551
9111
1111
1111
fe02
0202
0202
fe02
4020
0007
8444
0404
4040
80fe
0202
0202
2724
2444
4444
8784
fe02
0202
0202
fe02
0001
023f
2020
2020
8000
00f8
0808
0808
3f20
2020
2020
3f20
f808
0808
0808
f808
203e
4889
0020
1302
407e
9008
4080
fc04
4222
0312
1222
2342
0404
fc04
0404
fc04
1010
9252
5410
fe10
1020
fe82
8282
8282
3038
5452
9010
1010
fe82
8282
8282
fe82
0810
7c44
5454
5444
1020
fe82
8282
8282
5ee4
5454
5444
848c
fe82
8282
8282
fe82
08ff
0800
4f20
0784
20fe
2048
fe40
fc44
4704
2720
4f40
8281
fc44
fc08
fe08
0818
8040
2704
0404
e427
4080
fc04
0404
04fc
2424
2424
2720
508f
0404
0404
fc00
00fe
00f3
9293
9293
f197
00fc
04fc
04fc
10fc
919f
92f5
8881
0600
10fe
4854
e250
4cc0
4222
1f02
804f
080f
2020
fe20
00f8
08f8
282f
2040
5f41
829c
08f8
8080
fc40
201c
2023
22ab
aab3
a1a7
00fc
04fc
04fc
10fc
212f
222d
2051
4a80
10fe
4856
e050
48c4
1020
4388
5121
2149
2c20
fe20
fc24
fc24
fd24
23a8
a9a8
a020
fc08
fe08
8848
0838
04ff
0400
3f20
3f20
40fe
4000
f808
f808
3f01
01ff
0204
1860
f800
00fe
4020
1806
007e
4848
7e48
487e
0084
6810
2cc2
0004
4848
7e02
52aa
a20c
8444
2828
1028
4482
017f
0101
3f01
01ff
00fe
0000
f800
00fe
0207
0818
6403
0cf0
00f0
2040
8000
c03c
0000
0000
0000
0000
0101
0101
0101
0101
0000
0000
0000
0000
0101
0101
0101
0101
fd01
0002
0118
1d1d
1d1f
5f5f
5f06
1f1f
1f02
0000
00cf
0f0f
0f00
8000
0000
0200
f574
0175
4214
1b1b
1b1c
5e5e
5e02
1f1f
1f02
0000
002f
0f0f
0f00
8000
0000
0200
fa71
4105
011c
2a0f
1050
0e1f
1407
0c13
1f07
0000
0053
55f5
0500
8000
0000
0200
fc00
0071
4114
141b
1b1f
5f1f
5f0c
0c08
0802
0002
05ef
8f8f
8f00
8000
0000
0200
fd01
0071
711c
1f1f
1f1f
1f1f
1f08
0404
0408
0002
004f
8f8f
8f00
8000
0000
0200
fd02
0123
3116
2021
145f
1e1f
1a0a
0808
0810
0908
086e
892a
7b00
8000
0000
0200
fa01
0123
111b
222b
1690
1646
5609
0c07
0502
0000
0028
0838
1800
8000
0000
0200
c47a
3171
4122
2019
191f
5f9f
5f0a
0a0b
0b02
0005
05ef
ef8f
8f00
8000
0000
0200
fc7a
3171
411c
2017
171f
5f9f
5f0a
0a0b
0b02
0005
05ef
ef8f
8f00
8000
0000
0200
fb73
1111
712a
2320
1098
95d6
d718
130b
1103
1101
012f
0203
1300
8000
0000
0200
ec01
0112
4112
101c
181f
1f1f
1f06
0810
0d00
001f
00f6
f8ff
f700
8000
0000
0200
fc02
0571
7122
251d
1d1f
1f18
1f08
0404
0408
0807
080f
8f8f
8f00
8000
0000
0200
fb07
0104
0224
171f
141f
1f94
9f15
1f1f
0c0b
0005
0516
0f16
1700
8000
0000
0200
db6e
205a
031c
0c30
089e
1e9d
9e1c
1b01
1c05
0101
0545
25f6
4500
8000
0000
0200
f542
7071
411d
1f1f
1f92
5212
5205
0508
0402
0808
0888
8c8c
2c00
8000
0000
0200
fa62
0222
011a
2422
1712
0f12
1212
0808
0800
0908
08ae
892a
7800
8000
0000
0200
fe02
0271
411a
2713
1518
5798
5807
081f
0502
0000
005f
7f0f
8f00
8000
0000
0200
fa01
0142
711c
2528
1314
1f1f
1910
1f1f
1f00
0000
0055
0000
0500
8000
0000
0200
f801
0103
0117
2618
1556
1f1f
5012
1414
1f00
0000
0460
1030
0000
8000
0000
0200
fc77
0277
4420
1026
141c
5e5e
5e04
1f1f
1f02
0000
008f
0f0f
0f00
8000
0000
0200
f904
0011
0020
292d
131f
1f5f
5f10
0911
0907
0000
0078
f8f8
f800
8000
0000
0200
fb0d
0001
0033
1818
149f
1f1f
1f0e
090d
0900
0000
00df
dfdf
df00
8000
0000
0200
e036
3035
311e
163a
15df
9fdf
9f04
0602
0202
0202
0329
1919
f900
8000
0000
0200
f500
6125
0019
242c
1812
1412
1206
0810
0d08
0908
104f
897a
7800
8000
0000
0200
e036
3035
311e
163a
15df
9fdf
9f05
0704
0403
0202
0429
1919
e900
8000
0000
0200
e036
3035
311e
163a
15df
9fdf
9f07
0906
0607
0606
0829
1919
f900
8000
0000
0200
f300
7010
002e
3217
161f
5f5f
5f0d
090a
0818
0f0f
0fb8
f848
f800
8000
0000
0200
fd05
7575
7523
1e1e
1e0d
0e0e
0e00
0e0e
0e00
0000
0006
c7c7
c700
8000
0000
0200
fd04
0404
0418
1a1a
1a1f
1f1f
1f1f
1f1f
1f02
0000
002a
0909
0900
8000
0000
0200
f542
7071
4120
1f1f
1f88
5212
5205
0508
0402
1f1f
1f88
8c8c
2c00
8000
0000
0200
f000
0000
001b
181f
141f
1f1f
1f06
1f1f
1f00
0000
00f0
0000
0100
8000
0000
0200
fa31
6325
0124
2027
155f
1f1f
d908
0405
1f03
0204
0125
1525
0600
8000
0000
0200
0000
0000
0000
0000
0101
0101
0101
0101
0000
0000
0000
0000
0101
0101
0101
0101
00ff
0204
4f40
4844
00fe
0000
94a4
c484
4042
4c50
4340
7f40
c4a4
9484
8404
fc04
407e
4888
0810
10fe
407e
4888
0800
fe82
1010
3058
9410
1010
82fe
8282
fe82
82fe
00fc
2122
2440
78c9
0098
0402
4060
9008
494a
4d49
4979
4101
0402
f808
0808
f800
207e
8901
1f01
01ff
40fe
1000
e810
60fe
0102
070c
37c4
0704
4020
f808
f808
f808
fc00
7d46
7c43
819f
80fc
1090
609c
00f8
01ff
011f
017f
0101
08fe
08f8
00fc
0000
203e
5089
003f
0101
407e
9008
7080
0000
ff01
011f
1010
101f
fe00
00f8
0808
08f8
2020
2724
f524
6575
7840
fe42
f840
fc24
ada5
a524
2529
2923
fc24
fc00
fc54
54fe
2021
20f9
a8ab
a8a9
0cf0
2024
a8fe
a824
aaa9
a921
2121
2121
22fc
2424
fc24
24fc
0079
4949
4979
4949
00f0
1010
1010
1010
4979
4949
4949
8a9a
1010
1010
1012
121e
1010
1012
5252
5490
0000
fe92
9292
9292
1010
1028
2444
4080
fe92
9292
9292
fe00
021f
1010
1f10
101f
00f0
1010
f010
10f0
007f
4141
7f41
417f
00fc
0404
fc04
04fc
0003
0000
0008
0808
00c0
4040
4040
2020
0810
1010
2020
4080
2020
1010
0808
0402
1010
2844
8178
1010
2020
2020
fe20
70a8
7c11
555a
101c
e000
a824
2422
f820
2020
4720
0502
844f
1101
d0a2
1408
0678
4848
2f28
284f
4141
8186
4e00
7c04
2810
2846
1f02
4428
1060
9f04
10a0
4428
100c
f240
0404
ff08
0810
20c0
4040
fe40
4042
423e
00fd
5051
fc95
97b4
00e8
304a
8402
dc54
dd85
85fd
8484
fc85
d600
de44
5448
54a2
3f20
3e20
ff24
2ef2
0810
6408
9224
08b0
01ff
0207
0c32
c10e
00fe
00f0
2040
8078
0810
1020
206f
60a0
4048
4440
7ec0
4044
2020
2020
2020
2126
4428
3020
5090
0a06
007f
4444
7f10
10ff
00fc
4444
fc00
0222
007e
007e
007e
427e
2222
2222
2222
0206
2020
20fb
2020
2020
4040
40fe
8080
fc84
3821
e121
2222
2469
8448
4830
1028
4482
103e
4889
0011
1121
407e
9008
2010
003e
4f60
a020
2021
2e20
c088
90a0
40a2
120c
007e
427e
427e
4044
007e
427e
427e
02a2
485b
6848
4848
4849
92fa
8292
a242
a216
2020
2139
e929
2929
2040
fc04
fc04
fc00
2949
494a
8681
0102
fe00
fe02
5652
420c
0101
f792
9292
9791
0002
dc90
9090
de14
9197
f183
0509
1101
14d4
1494
5424
2444
2020
2f20
23fa
2320
4040
fe00
f808
f800
2724
253d
e505
0404
fc04
f414
f404
040c
0020
2021
faac
a8a8
2050
8804
02f8
0000
a8f9
a121
293d
c500
00fc
0404
04fc
0400
0810
3f61
bf21
3f21
4080
fc00
f800
f800
213f
0101
ff01
0101
00fc
0000
fe00
0000
0812
1221
2160
67a0
4048
4850
5040
fc40
a020
2f20
2020
2020
4040
fe40
4040
4040
0849
492a
2a08
ff08
0202
2222
2222
a222
0808
ff08
0808
0808
2222
a222
2202
0206
0121
1109
0901
7f01
0008
0810
2000
fc00
0101
ff01
0101
0101
0000
fe00
0000
0000
003f
2020
203f
2020
00fe
0000
00f8
1010
2422
2120
4041
4698
2020
4080
c020
1806
1010
5454
9292
7c10
00fe
8080
80fc
8484
101c
f111
2222
4480
a4a8
2810
1028
4482
2023
22fa
aaaa
aaaa
00f8
0808
0808
8888
aaaa
aaaa
aa22
2428
4848
4808
080a
0a0e
4244
4f48
ea4a
4848
003c
a4a4
a4a4
c680
5f68
ca4a
4a48
50d1
c0be
82a4
9488
94a2
01f9
2127
2020
20f4
003e
08c8
0888
88be
2221
2122
3ae4
0800
8808
0888
4808
087e
1011
11fd
1111
3139
00fe
0000
00fc
0404
5551
9111
1112
1215
4444
2828
1028
4482
4020
0302
8242
0202
0000
fc04
0404
0404
1212
1222
2222
4241
0418
0000
0202
02fe
4027
0404
8444
0525
00f0
1010
1010
1010
2424
4444
4888
9020
9090
9010
1012
121e
4849
4949
7d41
4141
00fe
0000
00fc
0444
7949
4949
494a
8a85
4444
2828
1028
4482
8851
2151
9109
0909
00fc
0404
0404
0404
1929
4989
0911
21c0
0438
0000
0002
02fe
00f8
2022
2222
22fa
80be
8888
8888
88be
2222
2220
38e1
0102
8888
8888
8808
083e
0001
fe92
9293
92fe
2024
a8a8
20fe
2020
9293
9292
fe00
0000
20fe
2020
2020
2020
407e
807d
54fe
547d
4040
fe08
4830
4886
0214
0805
7f09
1121
2040
8008
fc22
1008
207c
4454
5455
444e
00f8
8888
8a0e
00fc
f454
5454
5444
848d
0484
8848
5020
5886
08ff
0880
4324
028f
20fe
2018
e044
48fe
4122
040f
2427
4487
5048
04fe
44fc
44fc
00f9
8989
f989
8989
00fe
0000
00fc
0444
f989
8989
f921
528a
4428
2810
1028
4482
407e
8808
10fe
10fe
407e
8808
007e
4242
92fe
92fe
10fe
1010
4242
424e
4040
423e
007f
0111
0909
017f
38c0
0008
1020
00fc
0303
0509
1121
c101
0080
4020
100c
0200
1013
1014
9991
9191
00fe
2020
fc04
04fc
1121
3129
4941
8007
0404
fc04
04fc
8806
000d
2424
4241
80be
00fe
2020
fc84
84fc
1212
1222
2242
8c01
8484
fc84
84fc
4886
1028
4492
7c44
447c
00fe
8080
8080
fc84
4444
7c40
484d
75c2
8484
c4a8
a810
2846
2020
2122
f423
2222
80fc
0810
20fe
2222
32e3
2020
2020
216e
22fe
5050
9090
121e
0000
f98a
8c8b
8afa
80fc
0810
20fe
2222
8a8b
8888
f888
010e
22fe
5050
9090
121e
007f
0111
09ff
0509
38c0
0810
20fe
4020
113f
e121
3f21
213f
10f8
0e08
f808
08f8
207c
4454
fe44
5454
7848
4a8e
00fe
0428
448c
003f
2424
24ff
10ee
00f8
4848
48fe
107c
4454
fe44
5444
784a
8e00
fe04
4830
8c00
7f10
3f50
901f
ce00
fe00
fc04
04fc
04ff
0400
7f11
09ff
40fe
4038
c010
20fe
0509
31df
111f
111f
4020
18f6
10f0
10f0
01ff
0424
4888
1161
00fe
4050
4844
c000
3f21
213f
2101
017e
f808
08f8
0008
fc02
007f
4042
5e42
424e
00fe
0040
7c40
4078
4247
5a42
4c40
7f40
4040
7e40
4000
fe00
0408
7f41
417f
4141
0000
fc04
04fc
0404
7f04
0810
ff00
0000
fc80
8080
fe80
8080
00ff
0003
0509
31c1
00fe
8000
3008
0404
011f
1010
1010
1f10
00f8
0808
0808
f808
2021
20fe
4444
4444
00fc
0404
0404
04fc
4488
4830
1028
4480
8480
8080
8082
827e
0000
3f20
2424
2424
8080
fe00
2020
2026
2724
2424
4444
8798
3820
2020
20a2
221e
1020
2744
9414
2427
4040
fc44
4448
40f8
6464
a524
2424
282b
0808
1090
6050
8806
04fc
0404
7c04
04fc
407e
4040
7c40
407e
0408
3000
0848
488f
4040
4000
8442
12f0
00ff
003f
203f
2022
00fe
00fc
04fc
0040
2e22
2e42
5e42
8498
7e40
7c40
7e40
4040
2222
22fa
2223
2222
1010
1010
12dc
1010
3ae2
2222
2222
236e
1010
1010
1010
d21e
2020
2322
fa22
2223
2020
fe22
2420
20fc
223a
e222
2424
286b
0484
4828
1030
c806
04fc
04fc
04fc
0408
407e
407e
407e
4040
f101
ff08
0601
0678
4000
fe20
4080
601c
2020
2020
203e
2020
8080
8080
8498
e080
2020
2020
2026
38e0
8080
8080
8082
827e
8040
2000
0040
2404
8040
2004
8488
8890
0424
2848
4142
8c90
90a0
c482
828a
88f8
003f
2020
a764
2425
80fe
4040
fe42
40f8
64a4
2424
2448
4996
0808
9050
2050
8806
0101
3f21
2121
3f20
0000
fc04
0800
f808
2024
2221
2041
4698
0810
1020
c020
1806
00fd
1111
1121
213d
20fc
2424
fc24
24fc
6464
a527
2424
3c00
4090
10fe
1010
1010
18e0
2020
20f8
2022
6010
0044
4444
4848
726a
a2a4
2021
222c
5054
6242
c240
447c
1020
408b
5020
48fb
9090
909e
9090
909c
2820
a9aa
a8a1
2224
90d0
909e
9010
1010
007f
4444
7f20
44fe
00fc
4444
fc00
4c70
007e
427e
427e
4246
427e
0040
4c70
427e
007c
4444
447c
4444
00fe
9292
9292
92fe
4444
7c44
4444
848c
8280
8080
8082
827e
2020
fb0a
0a12
1223
2020
fe22
2420
20fc
6ab2
2a22
2224
2429
0484
4828
1030
4886
0078
00fb
0078
007b
9090
909e
9090
909c
0000
784b
4848
794a
9090
d09e
9090
1010
04ff
047f
447f
043f
40fc
44fc
40fe
42f8
203f
203f
203f
0870
08f8
08f8
08f8
201c
8047
2404
0704
e427
0888
be94
9414
3e88
2c24
2424
2720
508f
88be
8888
8800
00fe
0404
fc04
0404
7c04
4040
7e40
4040
7c40
0406
1ce4
0808
1060
4040
7e40
4040
4040
7f00
0af2
2222
22ff
f214
1814
1012
0ee0
2222
2222
2242
4282
2428
3028
2420
120e
2422
20f8
2024
6270
fe04
2810
fe92
92fe
a8a6
2222
2222
2225
9292
fe92
9296
00fe
207e
9009
4444
fe44
207e
9008
10fe
9292
7c44
7c44
fe28
4582
90fc
8484
a898
2442
0917
1121
2f64
65a5
10fc
1010
fe00
fc24
2525
2525
2525
2929
24fc
2424
fc24
242c
007f
4040
7f40
5f41
00fc
0404
fc00
f800
414f
4141
5f41
8180
00fc
0000
fe00
04fc
224a
4a9a
2a2f
4060
1090
a0be
c484
0424
afa5
2525
2529
3020
a424
2828
1090
28c6
2222
22fa
2223
6272
1010
1010
12dc
1010
aaa2
2222
2222
232e
1010
1010
1012
d21e
003f
2121
3f21
213f
00f8
0808
f808
08f8
0020
3e20
2020
2ef0
0084
98e0
8080
827e
00fe
107c
101e
e000
00fe
10fc
1010
fe00
2020
3c20
2020
2ef0
808c
f080
8080
827e
003f
2121
3f20
2724
00fc
0404
fc00
f808
2427
2424
4744
8407
08f8
0808
f808
08f8
0804
7f01
013f
0101
2040
fc00
00f8
0000
7f01
02ff
0408
30c0
fc00
00fe
4020
1806
0000
0000
0000
0000
0101
0101
0101
0101
0000
0000
0000
0000
0101
0101
0101
0101
e408
0818
0808
1012
120f
0f0f
0f06
0900
0cc0
c0c0
c015
f808
f800
8000
0000
0200
c50f
2f1f
3f20
1c1c
1c1f
1f1f
1f06
0900
1000
0000
0c16
f807
2f00
8000
0000
0200
e573
5555
3232
2520
1a11
9edc
db00
0000
0680
0000
916e
ffff
ff00
8000
0000
0200
e573
5555
3232
2520
1a11
9edc
db00
0000
0680
0000
916e
ffff
ff00
8000
0000
0200
fa7c
430f
221b
242c
121a
121f
0a14
141f
0e88
80c0
488f
2f2f
4f00
8000
0000
0200
c0f3
4162
c11a
2018
150b
0c0d
0d12
0f0d
0d0d
0c0c
0c2f
8f8f
8f00
8000
0000
0200
c5f2
4262
c20e
2323
1b0b
0c0d
0d12
0f0d
0d0d
0a0a
0a2f
8f8f
8f00
8000
0000
0200
c00f
0cf2
f418
1814
110b
0a0b
0b0e
0c0c
0c0d
0a0a
0f2f
8f8f
8f00
8000
0000
0200
c502
046f
6a11
181e
200d
0d4b
1f06
0b07
07ca
8acd
0d45
4616
1700
8000
0000
0200
c308
717f
1f20
0828
1418
1518
501f
1f1f
1600
0000
0008
0808
0800
8000
0000
0200
fc00
0801
0f28
1018
181c
0c0b
0a12
190f
1900
0c12
0cf3
0433
0400
8000
0000
0200
fb0f
7002
0c20
0010
121f
1f1f
881f
1f1f
09c0
0f0f
c001
30f1
0600
8000
0000
0200
c40f
0505
0f10
1c0e
061f
9f4a
0000
0000
0000
0000
0005
0508
0800
8000
0000
0200
e909
010f
070a
0e16
131f
5995
0a1f
161c
1f00
0006
0010
4140
0600
8000
0000
0200
f901
0803
0112
1810
139a
9f1d
0b15
0000
0000
0306
0767
24b4
0600
8000
0000
0200
c400
0101
0600
0a1b
1a1f
1a0a
0b12
1c00
0001
0117
0df5
33c3
a600
8000
0000
0200
c700
0600
167f
1b7f
1b00
1f00
1f1f
0b1f
0b0f
0f0f
0fff
37ff
3700
8000
0000
0200
c101
0408
080c
102c
1410
4b5f
0b08
000d
0000
0000
0078
7878
7a00
8000
0000
0200
c271
7e74
1407
1008
150f
4f08
0b14
1014
1407
150b
0727
f627
2700
8000
0000
0200
c401
0103
0304
041b
1b18
180b
0b06
0604
04c0
c0ce
ce6a
6a0a
0a00
8000
0000
0200
f251
030c
0420
1800
111c
191f
8a05
0d0f
0a00
c607
0b16
fc3f
1700
8000
0000
0200
dc00
000f
0f10
1019
1914
180d
0d0a
0f00
020a
0b0a
0b2a
0b0a
1b00
8000
0000
0200
c70c
0c04
041c
1c21
210a
0a0b
0b1f
1f1f
1fc0
c0c0
c007
0707
0700
8000
0000
0200
fc00
0801
0f18
1019
191c
0d0b
0a10
000f
1900
0c12
0cf3
0437
0700
8000
0000
0200
fc01
0802
0f28
1019
191c
0c0b
0a12
1900
0000
0c00
00f3
0407
0700
8000
0000
0200
fc06
0500
010d
1c15
151f
9f5f
1f1f
131f
1f10
1012
0f05
0508
0800
8000
0000
0200
fc06
0500
010d
1c14
141f
9f5f
1f1f
131f
1f10
1012
0f05
0508
0800
8000
0000
0200
ec3f
4141
413a
2918
181f
5f1f
5f0e
0f12
120f
0506
066e
1b18
1800
8000
0000
0200
c731
3e34
711d
2c19
1e5f
9f1f
5f14
1014
1407
150b
0727
f627
2700
8000
0000
0200
c471
4201
3120
2415
1c56
5499
9905
070c
0c06
8606
0664
6415
6500
8000
0000
0200
f305
3123
712d
212f
125d
5e5d
5d06
0707
0605
0606
0854
4645
3700
8000
0000
0200
f14a
4071
402b
192a
151f
5f5f
5f12
0911
0907
0000
00c8
f8f8
f800
8000
0000
0200
0000
0000
0000
0000
0101
0101
0101
0101
0000
0000
0000
0000
0101
0101
0101
0101
083f
203f
203f
007f
00f8
08f8
08f8
00fc
417f
417f
08ff
0870
04fc
04fc
20fe
2020
2020
2021
f923
2470
8080
f888
0810
a040
68a1
a620
2020
2020
a018
0640
2008
30c0
0cf1
1111
11fd
1131
40fe
2222
fe22
22fe
3855
5097
1010
1010
4090
10fe
1010
1010
0000
7f44
4444
4444
0000
fe40
4040
4040
4848
5060
4040
7f40
4044
3c00
0000
fe00
007f
0101
0111
1111
00fc
0408
1000
00f8
1111
2929
4543
8100
0000
0000
0000
fe00
3f20
3e20
ff10
2679
0418
600c
7002
0c70
0848
4f48
4848
4ff0
4040
4c70
4040
423e
01ff
0808
047f
4040
00fe
2020
40fe
4080
434c
4043
4c40
809f
1020
c004
0830
c000
0078
4b48
4878
4948
2020
fe20
68a4
2250
4879
4a48
4848
8998
8804
22a8
20a8
2460
08ff
0801
3f01
ff04
20fe
2000
f800
fe40
1864
0708
3403
0c70
443c
c040
8000
c038
0078
4848
4b78
4849
0808
0808
fe08
0808
4878
4848
4848
8898
8848
0808
0808
0838
0077
1111
1277
4444
00dc
0404
049c
9090
84f7
9414
1414
1760
a0bc
a484
8484
8418
0201
0000
0404
0444
0000
8004
0408
0810
4444
4485
860c
1467
2048
8402
0208
08f8
007f
417f
417f
0909
00fc
04fc
04fc
2020
ff09
093f
017f
0101
fe20
20f8
00fc
0000
407d
9209
3f01
ff01
80fe
2010
f808
fe08
3f01
3f01
ff01
0101
f800
f800
fe00
0000
2017
0003
4222
0300
00fc
00f8
0808
f800
e724
2724
2754
8807
fc44
fc44
fc04
00fe
2020
2020
f922
6570
4040
a090
0804
f200
a8a7
a020
2121
2720
00fe
8080
1078
8404
2021
2121
fd49
4949
00fe
1010
1010
fe02
4989
5131
1129
4581
0202
fe10
1010
10fe
4041
40fc
4848
4948
06f8
00a4
a800
fc40
4b88
5030
1129
4284
fe40
fc84
2810
28c6
1021
4088
5020
204b
00f8
4848
4848
48fe
f820
20a8
a8a9
a127
8888
8888
8810
10fe
00ff
0101
021f
1010
00fe
0000
00f0
1010
1010
1f10
1010
101f
1010
f010
1010
10f0
007b
0102
fc01
7a00
00de
4a52
e64a
5220
7803
0079
4849
784b
d806
6080
30c4
18e0
0810
1720
2067
60a0
4040
fc40
40fc
4040
2f21
2325
2921
2127
fe00
4428
1008
c402
080f
0808
7f48
5e48
0004
0830
8084
1860
4f40
5252
5292
a100
0204
18e0
0002
fe00
2023
20f8
2322
6273
00fe
5050
fe52
52fe
a8a1
2023
2021
2224
00fc
00fe
2028
2462
0141
2111
01fd
0505
0000
0002
8488
5040
0909
1121
4181
0107
2020
1008
0402
0000
402f
0101
8f49
090f
00fe
1010
fe12
12fe
2027
204f
4042
8498
00fc
00fe
4048
44c2
00fe
28fe
aaaa
fe00
1ee8
88a8
a8a8
a8a4
7c00
fe11
5595
1132
a4a4
a422
2a3a
4a00
00ff
047f
4444
7f00
00fe
40fc
4444
fc00
7f00
ff01
1111
2147
fc00
fe00
1010
0804
0101
7f01
013f
0101
0000
fc00
00f8
0000
ff04
0838
c809
0e38
fe80
4448
3090
0806
7003
00f8
0201
f901
00fe
2020
2424
2828
00fb
0000
f888
88f8
20fe
2020
2020
2020
0c30
ca44
2831
c914
2040
40fe
8202
0242
2246
0a12
22c2
0418
2212
1202
0202
021c
017f
4044
5f44
5f51
00fe
0000
7c44
4464
5f51
5f84
bf84
8404
5444
6454
4444
848c
2020
23f8
2020
2322
8888
fe88
8800
fe22
3ae2
2322
2222
2362
2222
fe22
2222
fe02
003f
2020
af60
2027
80fe
0000
fe40
40fc
64a4
2425
2624
4484
4444
a414
0c04
040c
0cf0
1011
11fd
1212
2020
2024
2222
2220
3038
5490
1010
1013
2424
6808
1020
c000
0808
ff08
0800
7f41
2020
fe20
2000
fc04
4141
7f41
4141
7f40
0404
fc04
0404
fc04
1028
2441
40b8
1011
8888
88fe
8888
00fc
7d11
5555
111d
e101
2424
fc24
2424
fc04
1028
2442
807c
1010
001c
e080
80fe
8888
fc10
5554
101c
e102
8888
fe00
5088
0402
04ff
0400
7e00
00fe
40fe
4000
fc00
00fe
1010
5452
9091
1070
1010
5452
9212
1070
2023
2020
f8a8
aba8
00fe
4040
889c
e200
a8f8
a120
2838
c803
2020
fc20
2020
20fe
2020
7948
907f
5455
4040
f244
48fe
80f8
7e54
547c
00aa
aaa0
82fe
00fc
84fc
84fc
001f
1010
1010
1f00
00f0
1010
1010
f000
007e
4242
4242
7e42
007e
4242
4242
7e42
1010
10fb
1031
3956
8082
84e8
9080
c2a4
5292
9410
1010
1010
8890
8082
8488
b080
2020
2320
f817
1191
1014
d210
10fe
1010
5525
2555
5587
8c00
10d0
1008
688a
0602
4027
0404
0487
4404
1ce0
0000
00fe
1010
2424
2f40
4142
8488
1010
fe00
2010
0804
0484
4417
1494
543f
00fe
107c
4444
7cc4
0455
5556
8488
b000
447c
4444
7c28
4482
0910
20df
0408
703f
e010
08f6
1010
20f0
203f
203f
203f
0870
10f0
10f0
10f0
4038
01ff
809f
0931
461f
00fe
02f2
2090
08f0
30df
101f
101f
0830
10f0
10f0
10f0
2018
0808
484e
4848
ff08
00fe
107c
4444
7c44
2a49
8819
0204
18e1
447c
4444
7c28
c402
1020
7e40
813e
2a2a
4040
80fe
0808
8888
2aff
5252
527f
040d
8850
5020
2050
8806
4425
08fe
2424
24ff
00fe
4040
4078
4848
2424
2424
2444
8405
4868
5888
88ba
ca0e
00ff
0001
0303
0509
00fe
8000
0000
2010
1161
8101
0101
0101
0804
0400
0000
0000
0810
1020
2760
60a2
0808
0808
fe08
0808
a120
2020
2020
2020
0888
8808
0808
0838
2020
2322
22fb
2223
4080
f808
08f8
00fc
2222
3be0
000f
0000
0404
fc40
40fe
4040
0101
017f
0101
0101
0000
00fc
0000
0000
ff02
0204
0408
30c0
fe80
8040
2010
0806
2120
20f8
4948
4b4a
fc04
fc04
fc00
fe22
8a89
4931
1129
4080
22fc
2424
242c
2020
01ff
80bf
001f
101f
00fe
02fa
00f0
10f0
003f
2121
3f21
213f
00f8
0808
f808
08f8
00ff
80bf
001f
101f
00fe
02fa
00f0
10f0
003f
2121
3f21
213f
00f8
0808
f808
08f8
0202
02ff
0404
081f
0000
00fe
0080
80fc
1030
5090
1010
0000
8484
8484
848c
8080
0101
7f42
4244
454c
0000
fe08
0808
fe08
4c54
5444
4444
8484
0888
4848
0808
0838
2020
23a8
a8a8
a8a1
2020
fe20
4050
90fe
a224
2020
2020
2020
9292
9292
9296
1010
2020
20fb
2020
2027
4040
40fc
4040
40fe
2038
e020
2121
226c
4040
a090
1008
0402
1410
fe10
fe92
fe92
4040
407e
8404
4444
fe10
fe20
3e22
428c
4428
2810
1028
4482
0810
6804
031c
e01f
2010
2c40
8070
ce00
1010
1f10
1020
4080
0000
fe80
8080
8080
1008
ff04
2424
04ff
1020
fe40
4848
40fe
001f
1010
1f10
101f
00f0
1010
f010
10f0
4027
0004
0280
4700
1ce0
0484
4800
f808
2020
204f
4040
8081
1060
40fe
4040
40c0
0008
1020
4008
0804
0030
0804
0210
1020
0402
0201
020c
30c0
2040
8080
4020
1806
2020
3e48
8400
0808
2020
3e48
8400
0808
1130
5090
1010
1010
fe08
0888
4808
0838
017f
4449
5848
4840
00fe
08fe
08c8
1880
4f48
494a
4849
4a88
f888
4828
8848
2818
0101
7f41
5f40
5f50
f000
fe00
fc40
fc84
5f40
4f48
4f49
8888
fc00
f808
c8f8
0818
0404
ff04
0501
3f01
4040
fe40
4000
f800
0101
7f02
0408
30c0
0000
fc80
4020
1806
7000
03f8
0101
f803
8888
fe50
5454
50fe
00f9
0101
f989
89f9
00fc
0404
fc04
04fc
3f40
803f
2020
3f20
e040
80f8
0808
f808
203f
2020
3f08
10e0
08f8
0808
f820
100e
00fb
888b
88f8
8a8a
0aca
08fe
0888
8888
fa8a
8a8a
fa27
5088
e888
8888
e884
0402
0808
7f08
08ff
0808
0020
2020
20a0
3028
484f
4848
6858
8e81
2422
2020
2020
00fe
083f
2020
3f20
3f20
00f0
1010
f000
f808
203f
0101
ff01
0101
08f8
0000
fe00
0000
0078
4949
4a53
5551
8888
0808
087e
0808
4949
4951
4141
4141
4828
2808
0808
0818
0a12
1324
2863
62a2
0000
fe00
00f8
4848
222f
2424
2427
2020
48fe
8888
88fe
1070
2121
22f3
262a
2237
0000
00fe
a8a8
a8fe
e222
222f
2025
2468
a8a8
a8fe
0024
9292
003e
0000
ff04
0404
2028
2420
fe20
2020
2724
2424
2427
f800
a020
2010
1090
0a06
207f
9212
7f12
127f
00fe
4848
fe48
48fe
103e
42a4
140b
10e0
1010
fe90
90fe
1010
04ff
0410
3f42
bf02
40fe
4000
fc44
f404
3f22
3f22
3f22
2202
e424
e424
e424
6418
04ff
0410
205f
9212
40fe
4000
00fc
4848
ff12
127f
0024
4484
fe48
48fe
0088
4444
0808
ff22
2222
22ff
003e
a222
2224
28a4
0000
7f41
4141
7f41
2222
2222
222c
2020
1010
fe10
1011
fe00
0808
0808
08fe
0808
1010
fe10
1010
1ff0
8848
4848
0808
0838
2027
2424
f524
6575
00fc
0434
c444
f454
ada5
a525
2424
2b28
5454
f444
54f4
1202
007f
4040
5f42
425f
00f8
08c8
0808
08e8
5252
5f42
4243
9e80
2828
e808
48e4
2402
08ff
083f
203f
00ff
20fe
20f8
08f8
00fe
203f
203f
2021
fe00
08f8
08f8
08fe
0808
04ff
0478
4849
4a7c
40fe
4080
f888
9050
1010
535c
5050
5ce0
20d8
06f8
8888
f888
0810
1020
206f
60a0
4048
4444
40fe
4040
2020
2121
2224
2820
a0a0
1010
0804
0200
00ff
0000
7f41
417f
0292
1212
1212
1212
00ff
8888
ff88
88ff
1292
9292
8282
8286
1123
4481
0911
2161
00fe
00fc
04fc
04fc
a021
2122
2420
2027
80fc
0488
5020
d806
2023
20f8
a9a9
a9a9
00fe
0000
fc04
04fc
a8ab
aaaa
2322
2223
00fe
2222
fe22
22fe
007c
4444
4444
7c44
00fe
8282
8e80
80fe
4444
7c44
4444
848c
8282
a2a2
9488
94a2
0000
0000
0000
0000
0101
0101
0101
0101
0000
0000
0000
0000
0101
0101
0101
0101
f501
5160
1119
1b2a
1b8b
124c
4e09
0e08
0304
0000
0078
2618
2800
8000
0000
0200
c001
5060
101e
1625
1698
124c
4e03
0d07
0304
0000
0048
2818
2800
8000
0000
0200
f530
3142
3018
1e1e
245f
9e9f
5e09
0906
0704
040a
047a
164f
1700
8000
0000
0200
e851
1070
4021
1020
141f
1f1f
1c06
1f1f
1f00
0000
00ff
0f0f
0f00
8000
0000
0200
f437
3121
712c
0a17
1c9a
965a
9606
040b
04c4
0308
0337
2426
2500
8000
0000
0200
c731
3e34
711b
1f1f
1f1f
5f1f
1f14
1014
1407
150b
0727
f627
2700
8000
0000
0200
f501
5260
1114
2126
1e8d
154f
5209
0e08
0304
0000
0018
2818
2800
8000
0000
0200
f230
4040
4117
5151
1712
125f
1208
0911
0800
0080
00e9
f8ff
fa00
8000
0000
0200
ec3f
4141
413a
291a
161f
5f1f
5f0e
0f12
120f
0506
066e
1b18
1800
8000
0000
0200
c101
0101
017f
7f7f
181f
1f1f
1f1f
1f1f
1f00
0000
00ff
ffff
ff00
8000
0000
0200
c101
0101
017f
7f7f
181f
1f1f
1f1f
1f1f
1f00
0000
00ff
ffff
ff00
8000
0000
0200
c101
0101
017f
7f7f
181f
1f1f
1f1f
1f1f
1f00
0000
00ff
ffff
ff00
8000
0000
0200
c101
0101
017f
7f7f
181f
1f1f
1f1f
1f1f
1f00
0000
00ff
ffff
ff00
8000
0000
0200
c101
0101
017f
7f7f
181f
1f1f
1f1f
1f1f
1f00
0000
00ff
ffff
ff00
8000
0000
0200
c101
0101
017f
7f7f
181f
1f1f
1f1f
1f1f
1f00
0000
00ff
ffff
ff00
8000
0000
0200
c101
0101
017f
7f7f
181f
1f1f
1f1f
1f1f
1f00
0000
00ff
ffff
ff00
8000
0000
0200
c101
0101
017f
7f7f
181f
1f1f
1f1f
1f1f
1f00
0000
00ff
ffff
ff00
8000
0000
0200
c101
0101
017f
7f7f
181f
1f1f
1f1f
1f1f
1f00
0000
00ff
ffff
ff00
8000
0000
0200
c101
0101
017f
7f7f
181f
1f1f
1f1f
1f1f
1f00
0000
00ff
ffff
ff00
8000
0000
0200
c101
0101
017f
7f7f
181f
1f1f
1f1f
1f1f
1f00
0000
00ff
ffff
ff00
8000
0000
0200
c101
0101
017f
7f7f
181f
1f1f
1f1f
1f1f
1f00
0000
00ff
ffff
ff00
8000
0000
0200
c101
0101
017f
7f7f
181f
1f1f
1f1f
1f1f
1f00
0000
00ff
ffff
ff00
8000
0000
0200
c101
0101
017f
7f7f
181f
1f1f
1f1f
1f1f
1f00
0000
00ff
ffff
ff00
8000
0000
0200
c101
0101
017f
7f7f
181f
1f1f
1f1f
1f1f
1f00
0000
00ff
ffff
ff00
8000
0000
0200
c101
0101
017f
7f7f
181f
1f1f
1f1f
1f1f
1f00
0000
00ff
ffff
ff00
8000
0000
0200
c101
0101
017f
7f7f
181f
1f1f
1f1f
1f1f
1f00
0000
00ff
ffff
ff00
8000
0000
0200
c101
0101
017f
7f7f
181f
1f1f
1f1f
1f1f
1f00
0000
00ff
ffff
ff00
8000
0000
0200
c101
0101
017f
7f7f
181f
1f1f
1f1f
1f1f
1f00
0000
00ff
ffff
ff00
8000
0000
0200
c101
0101
017f
7f7f
181f
1f1f
1f1f
1f1f
1f00
0000
00ff
ffff
ff00
8000
0000
0200
c101
0101
017f
7f7f
181f
1f1f
1f1f
1f1f
1f00
0000
00ff
ffff
ff00
8000
0000
0200
c101
0101
017f
7f7f
181f
1f1f
1f1f
1f1f
1f00
0000
00ff
ffff
ff00
8000
0000
0200
c101
0101
017f
7f7f
181f
1f1f
1f1f
1f1f
1f00
0000
00ff
ffff
ff00
8000
0000
0200
0000
0000
0000
0000
0101
0101
0101
0101
0000
0000
0000
0000
0101
0101
0101
0101
2023
f808
0911
2171
00fe
0000
fc04
04fc
a823
2222
2322
2223
00fe
2222
fe22
22fe
0179
4a4d
4949
7949
00fe
00fc
04fc
04fc
4848
794a
4848
889b
80fc
0488
5020
d806
2121
fa09
0911
2169
00fe
00fc
04fc
04fc
b028
2122
2420
2027
80fc
0488
5020
d806
00ff
047f
447f
2143
00fe
40fc
44fc
00fc
962b
62a3
2429
202f
08f8
08f8
1020
c03c
4929
0909
8f48
080f
2424
2424
3c04
04fc
2828
2f49
4949
9191
0404
3c24
2424
2424
0404
ff04
047f
4444
4040
fc44
44fc
4040
7f44
4408
0810
20c0
fe42
4242
424c
4040
1010
10fc
1010
1010
0010
1010
2020
2040
1cf0
1010
1011
1330
4040
8884
843e
c202
0141
2f01
0181
4f09
2020
fc24
2424
fc20
2929
2f41
4142
828c
2020
fe22
2222
2620
0404
0808
1010
3030
0010
1010
1020
2020
5090
1010
1111
1710
4040
8088
041e
e202
1151
517d
9292
1410
0000
00fe
9292
9292
1df1
1214
1010
1310
1222
2242
4282
0418
2020
7c48
917d
5654
4848
8888
08be
88a8
7c54
547c
00aa
aa80
a8a8
8888
8888
8898
0100
0408
1020
40bf
c040
2020
1008
04fa
0202
0204
0408
30c0
0808
0808
0808
1060
0000
7949
4a4a
4c48
8080
00fe
5252
9292
4949
7a44
0001
0600
2222
2242
8404
0418
0001
00f8
8b88
8889
20fc
2088
fe88
88fc
8989
89f9
8101
0003
04fc
04fc
04fc
8806
0007
2021
2f21
f027
40fc
4010
fe10
00fc
2427
3ce7
0407
020c
04fc
04fc
04fc
0806
2021
20a8
aba8
a8a9
20fc
2088
fe88
00fc
a121
2121
2121
2023
04fc
04fc
04fc
8806
2020
2021
f922
242b
0070
1010
0808
04fa
30e0
2021
2122
2468
8888
8808
0810
1060
1010
fe10
3854
9110
2020
fe20
70a8
2420
1101
1122
0204
1860
2000
18a0
8040
300e
04ff
103f
519f
111f
00fe
90e8
04f2
00f0
111f
003f
213f
213f
00f0
00f8
08f8
08f8
1010
9458
5112
fc11
0030
9088
0804
02fc
3038
5490
1010
1112
4444
4444
8484
0418
097f
0519
20df
111f
10fc
4030
0cf2
10f0
111f
047f
04ff
0870
10f0
40fc
40fe
201c
1020
4088
5122
2049
0038
8884
0402
02fc
fc24
20a8
a8a8
a122
4444
4444
8484
0418
003f
017f
415d
411d
00f8
00fc
0474
0470
0010
20df
0204
1860
00f0
08f6
1010
1060
0101
01ff
0010
1008
0000
00fe
1010
1020
0804
0201
0204
18e0
2040
8000
8040
300e
007e
427e
427e
405f
007e
427e
427e
02fa
4447
4447
4444
5f40
22e2
22e2
22e2
2226
00ff
0101
7f41
4142
00fe
0000
fc04
0484
4444
4850
6040
4040
4424
1414
0404
041c
0910
1027
2161
61a1
0890
20fc
1010
1010
2f21
2121
2222
2428
fe10
1010
1010
1010
001f
1010
101f
1010
6080
0000
00fc
1010
1010
ff00
0810
20c0
2020
fe00
2010
0806
0027
2424
27f5
2427
00fc
0404
fc08
90fc
2424
3764
8909
1204
9090
fe90
1010
1010
0849
2aff
88aa
aac9
2020
3ec4
a498
90a8
8801
3f21
2121
2101
c600
f808
0808
3800
007f
0111
1109
0909
00fc
0008
0810
1020
01ff
0101
0101
0101
00fe
0000
0000
0000
0849
2aff
88aa
aac9
2020
3ea4
c494
8894
8800
0404
ff04
0830
a200
2020
fe20
2020
2023
20f8
2023
6272
00fe
2020
20fe
2222
aaa2
2322
2222
2222
528a
0602
0202
0206
2010
087f
0404
0404
0810
20fc
4040
4044
4424
2414
1404
04ff
4448
4850
5040
40fe
04ff
0408
2a49
ff49
40fe
4020
2040
7ec4
495d
6b49
4949
4943
4444
2828
1028
4482
007e
427e
427e
4040
007e
427e
427e
0282
405f
4041
4244
5841
82fa
8282
8282
8286
00f9
8989
8991
a191
1010
10de
1010
12de
8b88
8889
b080
8083
0020
20fc
2020
20fe
0121
1109
0901
ff03
0008
0810
2000
fe00
0305
0509
1121
c101
8080
4020
1008
0600
007f
0102
1f10
101f
00fc
0000
f010
10f0
1010
1f10
101f
0870
1010
f010
10f0
201c
1017
2424
2447
64a4
1090
90fe
a4a4
24fe
a42f
2c34
3427
2420
1090
90fe
9090
9010
007e
4242
7e40
7ea2
1010
fe44
44fe
1010
a23e
0101
3f01
01ff
fe10
1000
f800
00fe
003f
20af
6828
286f
80fe
0088
be94
9494
a828
2f28
284f
4890
3e08
88be
8888
8808
00fe
1010
7c10
101e
1020
fe82
82fe
8282
f000
ff10
3f50
901f
fe00
fe00
fc04
04fc
00ff
8181
81ff
2020
0202
2222
2222
2222
3f21
2121
2141
4186
2222
2222
0202
020e
082a
7fc9
5d6b
494b
1020
7ea4
1408
1462
001f
101f
101f
101f
00f8
08f8
08f8
08f8
04ff
043f
2424
3f00
40fe
40f8
4848
f800
003f
2028
2440
8007
88fe
8048
5020
d20c
103e
4982
3f21
2224
40fc
1000
f808
8848
0820
203e
2020
2ef0
2080
98e0
8080
827e
1017
2027
6464
a7a4
00fe
00fc
0404
fc00
2427
2626
2b2a
3222
00fe
5252
fe52
5256
01ff
0424
2448
1064
00fe
4048
4444
c000
0708
1462
0102
0cf0
f010
2040
8040
300e
2020
2020
3f20
2020
8080
8080
fe00
0000
3f20
2020
2040
4080
e020
2020
2020
2020
207e
8900
3f20
3f20
40fe
1000
f800
f808
3f20
2f29
4f49
8908
f800
fc24
fc24
240c
1023
408b
5222
234a
00fe
00fe
0202
fe00
fa22
22aa
aaaa
a224
feaa
aafe
aaaa
aa86
4020
1700
0000
f010
0000
fe82
8282
8282
1011
1112
1430
4887
8202
0202
1c00
00fe
0047
2424
0407
04e5
00fe
0000
00fc
0408
2524
2428
2823
508f
0890
6050
8806
00fe
0047
2027
0407
04e5
00fe
00fe
02fe
00fe
2525
2929
2151
8807
5252
fe52
5256
00fe
1017
2027
6464
a724
00fe
40fc
4444
fc44
2427
2021
2021
222c
44fc
4040
8040
300e
207c
4488
11fe
9292
2020
2020
fe22
2222
92fe
2828
2948
4887
2242
4282
0c00
02fe
2020
2122
fc4b
4a4a
8080
f810
20fc
4444
4bd0
3011
2942
8408
fca0
a020
2020
223e
0408
1020
ff00
0808
0020
10f8
0404
2020
ff08
0808
1010
20c0
fe20
2020
2020
2020
28fe
2829
3912
7d55
80fe
9010
7c54
547c
5555
7d11
fd11
1111
5454
7c10
5020
508e
0813
1222
2262
63a0
00fc
0404
0404
fc40
2027
2020
2122
2c20
40fe
40e0
5048
4640
1028
4493
107c
1111
2422
20fe
2020
fc24
fd01
017d
4545
457d
24fc
2424
fc24
242c
1028
2443
807c
1111
2824
20fe
2020
fe22
fd11
5555
111d
f101
22fe
2222
fe22
2226
007f
4041
5f41
5f51
00fe
2212
fa02
fa0a
5f51
5f51
5151
407f
fa0a
fa0a
0a1a
02fe
2020
23f8
2023
2222
2620
fe20
20fe
2222
3be2
2223
2222
2262
fe22
22fe
2222
2226
0111
1111
1111
ff01
0000
fc00
0000
fe00
1121
4187
0000
037c
1008
2422
4280
0000
0101
ff01
013f
2121
3000
fe00
00f8
0808
3f21
213f
2121
2121
f808
08f8
0808
0818
2020
23f8
080b
1222
2620
fe20
20fe
2222
63aa
322b
2222
2222
fe22
22fe
2222
2226
1010
fe10
7c54
547c
1610
fe10
10fe
9292
5454
7c10
fe10
1010
fe92
92fe
9292
9296
0cf3
1011
11fd
1131
20fe
20fc
2424
fc24
3955
5090
1212
1214
24fc
00a0
9482
8af8
08ff
083f
203f
203f
20fe
20f8
08f8
08f8
08ff
122f
c204
0830
00fe
10e8
2620
20c0
08ff
083f
203f
203f
20fe
20f8
08f8
08f8
04ff
0811
2fc1
013f
00fe
2010
e806
00f8
08ff
083f
203f
203f
20fe
20f8
08f8
08f8
04ff
1022
4a92
2206
00fe
1008
8452
4808
0101
013f
2121
2020
1008
00fe
0000
8088
2020
2020
4043
8c00
90a0
4040
a012
0a04
08ff
083f
203f
203f
20fe
20f8
08f8
08f8
04ff
081f
30df
101f
00fe
20f0
18f6
10f0
001f
1013
1010
10ff
00f8
0808
8848
08fe
1221
2020
203f
0000
0808
9090
10fe
1060
207e
9100
0f40
2704
207e
8842
fe40
fc44
8744
0720
2f40
4380
fc44
fc10
fe10
1030
08ff
0801
017f
0808
20fe
2000
00fc
2020
ff00
001f
1010
1f10
fe00
00f0
1010
f010
2222
224f
64a4
a724
1010
20a0
3e64
a4a4
2424
2428
2833
2020
a4a8
a890
9028
4482
0810
1720
2760
af21
4040
fc40
fca0
fe10
2224
2b20
2027
2020
4844
fa40
40fc
4040
1010
3f20
409f
0000
0000
f808
0888
8888
001f
1010
1010
100f
8888
0830
0002
02fe
003f
2020
203f
0001
00f8
0808
08f8
0000
01ff
0103
0519
e101
00fe
0080
4030
0e00
1010
fe10
10fe
4444
00fe
8282
8680
fe82
44fe
1010
fe10
1010
a2a2
9494
8888
94a2
017f
013f
02ff
0409
00fc
00f8
40fe
2010
112f
c101
7f01
0101
08e4
0200
fc00
0000
0101
ff80
8080
bf01
0000
fe02
0202
fa00
0101
3f01
0101
01ff
0000
f800
3008
00fe
2020
21aa
a8a8
a8a8
80fc
0488
5020
5088
aba8
a8a9
f803
0000
26f8
20fc
20fe
2020
2121
3f02
070c
3201
0404
fc00
f010
6080
0ef1
0f01
1f01
7f01
601e
e000
f000
fc00
0121
213f
003e
2222
0004
04fc
007e
4242
3e22
223e
2242
4286
7e42
427e
4242
428e
0000
7f42
4447
4850
8080
fe00
00fc
0404
4744
4447
8484
8403
e424
24e4
1800
02fe
2222
23fa
2429
2020
0000
fe02
02f2
1212
38e1
2121
2121
2160
12f2
0418
0000
02fe
2020
2720
f320
2721
4040
fc40
f890
fe08
32e4
2920
2720
2060
4442
f040
fc40
4040
1010
10fe
2021
203c
4040
407e
8404
4444
2424
2424
2444
4499
4428
2810
1028
4482
0101
01ff
0808
080f
0000
00fe
0000
00f8
0808
0810
1020
4080
0808
0808
0808
10e0
007c
4444
447c
4444
007c
4444
447c
4444
447c
4444
4484
840d
447c
4444
4484
840c
0000
0000
0000
0000
0101
0101
0101
0101
0000
0000
0000
0000
0101
0101
0101
0101
c101
0101
017f
7f7f
181f
1f1f
1f1f
1f1f
1f00
0000
00ff
ffff
ff00
8000
0000
0200
c101
0101
017f
7f7f
181f
1f1f
1f1f
1f1f
1f00
0000
00ff
ffff
ff00
8000
0000
0200
c101
0101
017f
7f7f
181f
1f1f
1f1f
1f1f
1f00
0000
00ff
ffff
ff00
8000
0000
0200
c101
0101
017f
7f7f
181f
1f1f
1f1f
1f1f
1f00
0000
00ff
ffff
ff00
8000
0000
0200
c101
0101
017f
7f7f
181f
1f1f
1f1f
1f1f
1f00
0000
00ff
ffff
ff00
8000
0000
0200
c101
0101
017f
7f7f
181f
1f1f
1f1f
1f1f
1f00
0000
00ff
ffff
ff00
8000
0000
0200
c101
0101
017f
7f7f
181f
1f1f
1f1f
1f1f
1f00
0000
00ff
ffff
ff00
8000
0000
0200
c101
0101
017f
7f7f
181f
1f1f
1f1f
1f1f
1f00
0000
00ff
ffff
ff00
8000
0000
0200
c101
0101
017f
7f7f
181f
1f1f
1f1f
1f1f
1f00
0000
00ff
ffff
ff00
8000
0000
0200
c101
0101
017f
7f7f
181f
1f1f
1f1f
1f1f
1f00
0000
00ff
ffff
ff00
8000
0000
0200
c101
0101
017f
7f7f
181f
1f1f
1f1f
1f1f
1f00
0000
00ff
ffff
ff00
8000
0000
0200
c101
0101
017f
7f7f
181f
1f1f
1f1f
1f1f
1f00
0000
00ff
ffff
ff00
8000
0000
0200
c101
0101
017f
7f7f
181f
1f1f
1f1f
1f1f
1f00
0000
00ff
ffff
ff00
8000
0000
0200
c101
0101
017f
7f7f
181f
1f1f
1f1f
1f1f
1f00
0000
00ff
ffff
ff00
8000
0000
0200
c101
0101
017f
7f7f
181f
1f1f
1f1f
1f1f
1f00
0000
00ff
ffff
ff00
8000
0000
0200
c101
0101
017f
7f7f
181f
1f1f
1f1f
1f1f
1f00
0000
00ff
ffff
ff00
8000
0000
0200
c101
0101
017f
7f7f
181f
1f1f
1f1f
1f1f
1f00
0000
00ff
ffff
ff00
8000
0000
0200
c101
0101
017f
7f7f
181f
1f1f
1f1f
1f1f
1f00
0000
00ff
ffff
ff00
8000
0000
0200
c101
0101
017f
7f7f
181f
1f1f
1f1f
1f1f
1f00
0000
00ff
ffff
ff00
8000
0000
0200
c101
0101
017f
7f7f
181f
1f1f
1f1f
1f1f
1f00
0000
00ff
ffff
ff00
8000
0000
0200
c101
0101
017f
7f7f
181f
1f1f
1f1f
1f1f
1f00
0000
00ff
ffff
ff00
8000
0000
0200
c101
0101
017f
7f7f
181f
1f1f
1f1f
1f1f
1f00
0000
00ff
ffff
ff00
8000
0000
0200
c101
0101
017f
7f7f
181f
1f1f
1f1f
1f1f
1f00
0000
00ff
ffff
ff00
8000
0000
0200
c101
0101
017f
7f7f
181f
1f1f
1f1f
1f1f
1f00
0000
00ff
ffff
ff00
8000
0000
0200
c101
0101
017f
7f7f
181f
1f1f
1f1f
1f1f
1f00
0000
00ff
ffff
ff00
8000
0000
0200
c101
0101
017f
7f7f
181f
1f1f
1f1f
1f1f
1f00
0000
00ff
ffff
ff00
8000
0000
0200
c101
0101
017f
7f7f
181f
1f1f
1f1f
1f1f
1f00
0000
00ff
ffff
ff00
8000
0000
0200
c101
0101
017f
7f7f
181f
1f1f
1f1f
1f1f
1f00
0000
00ff
ffff
ff00
8000
0000
0200
c101
0101
017f
7f7f
181f
1f1f
1f1f
1f1f
1f00
0000
00ff
ffff
ff00
8000
0000
0200
c101
0101
017f
7f7f
181f
1f1f
1f1f
1f1f
1f00
0000
00ff
ffff
ff00
8000
0000
0200
c101
0101
017f
7f7f
181f
1f1f
1f1f
1f1f
1f00
0000
00ff
ffff
ff00
8000
0000
0200
c101
0101
017f
7f7f
181f
1f1f
1f1f
1f1f
1f00
0000
00ff
ffff
ff00
8000
0000
0200
0000
0000
0000
0000
0101
0101
0101
0101
0000
0000
0000
0000
0101
0101
0101
0101
4020
0007
8040
000f
4040
40fc
4040
40fe
2020
2141
4242
8f80
8080
0010
0878
8404
4121
0207
0890
4700
0000
00fc
0404
e424
2020
2744
4444
8483
2424
e408
3002
02fe
01ff
001f
101f
007f
00fe
00f0
10f0
00fc
0001
0101
0324
2442
08f0
0000
0044
4222
01fd
2122
2021
4078
0000
fe02
02f2
1212
4849
c949
4949
7900
12f2
0204
1800
02fe
1022
4288
5026
224a
3c44
8428
1028
c610
fa22
22aa
aaa2
a528
fe10
7c10
fe10
00fe
0179
494a
4879
4848
0000
fe02
02f2
1212
4879
4949
4949
8998
12f2
0204
1800
02fe
0808
ff08
0901
ff04
2020
fe20
2000
fe00
0407
0404
0810
20c0
00f8
0808
0808
1060
08ff
0808
007c
4444
20fe
2020
fc84
84fc
7c44
4444
7c01
0102
8484
fc84
8404
040c
04ff
0401
2315
0043
40fe
4000
f810
e018
2c03
e023
2027
508f
46f8
40f8
40fc
40fe
2020
21fa
a8a8
a8ab
4080
fc88
5020
d806
f8a1
2028
38eb
0000
20fc
20f8
20fe
2020
01ff
0013
2263
a02f
00fe
00f8
08f8
40fe
222c
0106
18e8
0b3c
4846
0088
b040
b00e
7800
00fd
0000
fc00
2020
20fe
4040
407c
00fc
0000
fc84
84fd
4444
4444
4484
8418
047f
447f
447f
00ff
40fc
44fc
44fc
00fe
003f
2020
3f04
04ff
00f8
0808
f840
40fe
0808
7f08
0808
7f08
007e
4242
4444
4844
0808
7f08
1010
20c0
4242
4242
5c40
4040
1010
2844
817a
1011
4040
7c88
5020
508c
7a10
5454
101d
e000
22f8
20f8
20fe
2020
1028
4491
7c44
447c
8080
fe02
02f2
1212
4444
7c40
4844
5ce2
12f2
828c
8080
827e
007f
405f
424f
484f
00f8
08e8
0888
8888
484f
484f
4095
9500
88e8
08e8
286a
2ac4
0077
5555
5577
5555
1020
7c44
7c44
7c40
5555
7755
5555
95b5
7e40
7e02
5252
aa0c
007f
0101
013f
0000
18e0
0000
00f8
1020
0000
0122
3428
4483
4080
0000
0000
00fe
0101
01ff
2020
2020
0000
00fe
0000
0000
2020
2020
2020
201f
0000
0000
0000
00fc
0810
1721
216f
68a8
4040
fc10
10fe
4242
2721
2121
2122
222c
fc00
00f8
0808
0830
0808
ff22
2222
22ff
0202
a222
2222
22a2
0000
7f41
4141
7f41
2222
2222
2202
0206
0020
2027
20f8
2020
4040
40fe
8080
80fc
2020
2038
e101
0204
8484
8484
0404
0418
2020
2021
fe24
4444
2020
20fe
4040
407c
4488
4830
1028
4982
4444
4444
8484
0418
2023
22fb
aaab
a8a9
00fe
02fe
02fe
00fc
a9a9
a921
2121
2121
0404
fc04
fc04
04fc
0101
ff10
1010
100f
0000
fe00
0000
00f8
0001
0848
4848
4887
0000
8844
4202
10f0
2020
20ab
a9a9
a9a9
2020
20fe
0000
0000
a121
2121
2121
2120
0000
0000
0000
00fe
007f
003f
2020
3f20
00fe
00fc
0404
fc80
202f
2121
2142
4498
80fe
00f8
0808
0830
003f
203f
203f
047f
00f8
08f8
08f8
40fc
04ff
0911
2dc1
0933
40fe
2010
6806
2018
1010
fe40
4040
403e
007e
427e
427e
4242
00ff
0101
3f01
01ff
84fe
0000
f800
00fe
08ff
0808
0f08
080f
20fe
2020
e020
20e0
0101
ff03
0509
31c1
0000
fe80
4020
1806
2020
23f8
2120
6370
2020
fe20
fc50
fe88
a9a2
2420
2320
2020
2422
f820
fe20
2020
007f
407f
407f
001f
00fc
04fc
04fc
00f0
1010
1f10
1f10
101f
1010
f010
f010
10f0
1020
408b
5020
2048
2020
20fe
4040
407c
fc24
20a8
a8a8
a122
4444
4444
8484
0418
007c
4445
447c
4444
2020
20fe
4040
407c
447c
4444
4444
848d
4444
4444
4484
8418
007b
4848
4b78
4b4a
82e4
8880
e000
e224
4a7b
484a
4a49
8b98
28e0
0020
2042
e418
7003
00f8
0000
f800
88fe
8888
f888
88f8
00f8
0300
f888
89fa
2020
fe20
70a8
2422
38c0
2195
4931
c909
2040
fc04
04fc
0404
35c4
0c34
c408
0932
fc90
9090
9092
121e
0678
4044
5ee2
003f
00fe
2222
428c
00f8
203f
203f
203f
0870
08f8
08f8
08f8
201c
1028
2440
837c
1010
2040
4884
fc02
a0a0
fd11
5554
111c
f000
fc20
2020
fe20
2020
007c
4447
4848
5050
2020
20fe
8080
80fc
4844
4444
5941
4244
8484
8484
0404
0418
0000
f888
888b
8888
4048
4440
40fe
40a0
8888
f881
0102
0418
a0a0
9010
0808
0402
1011
10fe
1052
5254
00fe
20fc
8484
fc84
b49a
1028
2442
8003
84fc
8484
fc48
8402
0004
0404
0404
fc04
4040
4040
4040
7e40
0404
0404
0c14
24c4
4040
4040
4042
423e
1412
202f
6261
af20
a4a8
a0fe
0810
fe40
2720
2f20
2021
222c
fc40
fe40
a010
0806
0404
0404
0406
0504
0000
0000
0000
8060
0404
0404
0404
0404
1008
0000
0000
0000
003f
213f
213f
013f
00f8
08f8
08f8
00f8
01ff
4489
013f
01ff
00fe
4422
00f8
00fe
2221
20fb
2020
2320
5254
50fe
8850
fe20
39e0
2320
2020
2166
fc20
fe20
5088
0402
0808
0808
ff08
182c
2020
2020
2030
2824
2a49
4888
0808
0808
2220
2020
2020
2020
1050
507c
9191
1210
8080
80fe
0808
0888
1cf0
1010
1010
1013
8850
5020
2050
8806
00f0
9390
90f7
9191
4040
fc40
40fe
2022
96f0
9093
90f0
9007
3e40
40fc
4040
40fe
0cf1
1111
11fd
1030
40fc
04fc
04fc
20ac
595a
5097
9013
1017
2268
30c4
18e2
0cf0
1028
2442
807c
1010
00fc
8484
8484
8484
fe10
1454
501e
f000
8484
8484
84fc
8480
1010
fe10
10fe
8282
2020
2020
fc24
2424
7808
101e
f010
1132
2424
2444
4484
0418
2013
0202
0244
2007
00f0
1012
121e
00f8
1011
1120
2020
434c
0808
10a0
40a0
1806
00fe
1010
203c
2544
2020
4048
8484
fe02
44a9
1909
1111
2141
00fc
0404
0404
fc04
0023
2222
fb22
2222
00fe
0202
fe00
1092
2222
3ae2
0404
0810
9292
fe10
9292
92fe
2023
22fb
aaab
a8aa
00fc
04fc
04fc
4048
a9a8
aba8
2021
222c
5040
fe90
9010
121e
0202
ff04
0911
2fc1
0000
fe40
2010
e806
0909
ff08
0810
1060
2020
fe20
2020
2020
0101
01ff
0103
0305
0000
00fe
0000
8040
0911
6181
1f01
0101
2010
0806
f000
0000
06f8
1092
54fe
3854
00ee
2222
aa66
2222
9310
fe93
fe92
fe82
266a
b222
2222
2266
001f
1010
1014
1212
00e0
2020
2020
2020
1111
1120
2020
4080
2020
2020
2222
221e
0108
0810
2f42
820c
c040
2010
f814
1210
7000
3f24
2424
24ff
6000
f848
4848
48fe
007f
445f
444e
5544
80fe
107c
1038
5410
404f
404f
405f
8083
08f0
80f8
80fc
8080
017f
4044
7f44
4e55
00fe
0010
7e10
3854
6440
7f42
474c
9487
5200
fe00
f808
08f8
007f
447f
4655
644f
80fe
107c
3054
92f8
484f
484f
4242
8498
88f8
88f8
a0b8
8afe
0000
7f40
4444
5f44
8080
fe00
1010
7c10
4c4e
5564
4484
8404
3038
5492
1010
1010
2023
2222
23fa
2223
00fe
2222
fe22
22fe
2020
2021
38c0
0007
2020
20fc
2020
20fe
2020
20fd
4848
484b
2020
20fc
2020
20fe
8890
5030
2929
4280
6070
a8a8
2424
2220
00f0
9093
9090
f097
4040
40f8
4040
40fe
9090
9191
f282
0400
c0e0
5050
4848
4440
1010
10fc
1111
3238
8080
80fe
0808
0888
5450
9010
1010
1013
8850
5020
2050
8806
2020
7f80
003f
2121
0000
fe00
00f8
0808
21ff
2242
427f
0000
08fe
0810
10fc
10e0
0003
f292
9392
9293
00fc
4444
fc44
44fc
9090
f087
0000
000f
4040
40fc
4040
40fe
2020
2720
fb22
6372
4040
fc40
f808
f808
aba2
a320
2720
232c
f808
f800
fe00
1806
08ff
083f
203f
203f
20fe
20f8
08f8
08f8
08ff
1021
5f91
1111
00fe
1008
f412
1030
007b
4848
4979
4949
88fe
8800
fc04
fc04
4978
484b
4848
889b
fc20
20fe
2050
8806
1010
10fd
1111
3139
2020
20fe
2222
2222
5450
9010
1010
1116
3050
5050
9092
121e
203c
4990
7c54
557d
2020
fe40
80fc
4444
5454
7c00
aaaa
a800
7c44
447c
4444
444c
2027
20f8
2060
62b2
00fe
4040
4040
407c
aaaa
2222
2222
222f
4040
4040
4040
40fe
203d
4891
7d55
557d
88fc
50fc
549c
04fc
5555
7c01
a8aa
aaa0
04fc
08fe
0888
4818
2121
2223
fa24
6462
0808
0888
bca8
a8a8
b2a9
a121
2222
2420
a828
7e08
0808
0808
0101
01ff
0404
2424
0000
00fe
4040
5048
2444
4488
0810
20c1
4844
4442
4240
40c0
0813
1222
2263
60a0
00f8
0808
08f8
0000
a720
202f
2020
2126
fc40
40fe
40a0
100c
007f
0008
0808
0404
00f8
0810
1020
2040
0402
0102
0c30
c000
4080
0080
6018
0600
2020
20fb
2020
2021
2020
20fe
2020
20fc
38e0
2020
2122
2460
2070
70a8
2824
2220
0101
01ff
0101
013f
0000
00fe
0000
00f8
0103
0509
1121
c101
0080
4020
1008
0600
4020
000f
8040
0027
4040
40fe
4040
40fc
2020
4041
4284
9800
40c0
e050
4846
4040
4122
0304
8847
0000
0000
fc00
00fc
0830
00e3
2424
2320
508f
c000
0202
fc00
00fe
1013
1222
2243
62a2
00fc
0404
04fc
2420
a222
2424
2429
2820
1090
4824
0280
6010
08ff
0800
ff89
91e5
20fe
2000
fe02
2222
a991
a5fd
91b5
d591
faaa
aafa
222a
fa06
007f
447f
4c56
6444
80fe
107c
3854
9210
4f48
4f41
5f50
9f90
f808
f800
fc04
fc04
0000
ff02
0202
0302
0000
fe00
0000
f808
0204
0408
0810
2040
0808
0808
0808
1060
2023
22ab
aaab
a0a7
00fc
04fc
04fc
00fe
a427
2023
2020
2027
92fe
00fc
0890
609c
4121
0f01
018f
4000
1010
fe10
10fe
4040
2f28
2a4a
4a4b
8a88
fe42
4a4a
4afa
0206
0000
0000
0000
0000
0101
0101
0101
0101
0000
0000
0000
0000
0101
0101
0101
0101
c101
0101
017f
7f7f
181f
1f1f
1f1f
1f1f
1f00
0000
00ff
ffff
ff00
8000
0000
0200
c101
0101
017f
7f7f
181f
1f1f
1f1f
1f1f
1f00
0000
00ff
ffff
ff00
8000
0000
0200
c101
0101
017f
7f7f
181f
1f1f
1f1f
1f1f
1f00
0000
00ff
ffff
ff00
8000
0000
0200
c101
0101
017f
7f7f
181f
1f1f
1f1f
1f1f
1f00
0000
00ff
ffff
ff00
8000
0000
0200
c101
0101
017f
7f7f
181f
1f1f
1f1f
1f1f
1f00
0000
00ff
ffff
ff00
8000
0000
0200
c101
0101
017f
7f7f
181f
1f1f
1f1f
1f1f
1f00
0000
00ff
ffff
ff00
8000
0000
0200
c101
0101
017f
7f7f
181f
1f1f
1f1f
1f1f
1f00
0000
00ff
ffff
ff00
8000
0000
0200
c101
0101
017f
7f7f
181f
1f1f
1f1f
1f1f
1f00
0000
00ff
ffff
ff00
8000
0000
0200
c101
0101
017f
7f7f
181f
1f1f
1f1f
1f1f
1f00
0000
00ff
ffff
ff00
8000
0000
0200
c101
0101
017f
7f7f
181f
1f1f
1f1f
1f1f
1f00
0000
00ff
ffff
ff00
8000
0000
0200
c101
0101
017f
7f7f
181f
1f1f
1f1f
1f1f
1f00
0000
00ff
ffff
ff00
8000
0000
0200
c101
0101
017f
7f7f
181f
1f1f
1f1f
1f1f
1f00
0000
00ff
ffff
ff00
8000
0000
0200
c101
0101
017f
7f7f
181f
1f1f
1f1f
1f1f
1f00
0000
00ff
ffff
ff00
8000
0000
0200
c101
0101
017f
7f7f
181f
1f1f
1f1f
1f1f
1f00
0000
00ff
ffff
ff00
8000
0000
0200
c101
0101
017f
7f7f
181f
1f1f
1f1f
1f1f
1f00
0000
00ff
ffff
ff00
8000
0000
0200
c101
0101
017f
7f7f
181f
1f1f
1f1f
1f1f
1f00
0000
00ff
ffff
ff00
8000
0000
0200
c101
0101
017f
7f7f
181f
1f1f
1f1f
1f1f
1f00
0000
00ff
ffff
ff00
8000
0000
0200
c101
0101
017f
7f7f
181f
1f1f
1f1f
1f1f
1f00
0000
00ff
ffff
ff00
8000
0000
0200
c101
0101
017f
7f7f
181f
1f1f
1f1f
1f1f
1f00
0000
00ff
ffff
ff00
8000
0000
0200
c101
0101
017f
7f7f
181f
1f1f
1f1f
1f1f
1f00
0000
00ff
ffff
ff00
8000
0000
0200
c101
0101
017f
7f7f
181f
1f1f
1f1f
1f1f
1f00
0000
00ff
ffff
ff00
8000
0000
0200
c101
0101
017f
7f7f
181f
1f1f
1f1f
1f1f
1f00
0000
00ff
ffff
ff00
8000
0000
0200
c101
0101
017f
7f7f
181f
1f1f
1f1f
1f1f
1f00
0000
00ff
ffff
ff00
8000
0000
0200
c101
0101
017f
7f7f
181f
1f1f
1f1f
1f1f
1f00
0000
00ff
ffff
ff00
8000
0000
0200
c101
0101
017f
7f7f
181f
1f1f
1f1f
1f1f
1f00
0000
00ff
ffff
ff00
8000
0000
0200
c101
0101
017f
7f7f
181f
1f1f
1f1f
1f1f
1f00
0000
00ff
ffff
ff00
8000
0000
0200
c101
0101
017f
7f7f
181f
1f1f
1f1f
1f1f
1f00
0000
00ff
ffff
ff00
8000
0000
0200
c101
0101
017f
7f7f
181f
1f1f
1f1f
1f1f
1f00
0000
00ff
ffff
ff00
8000
0000
0200
c101
0101
017f
7f7f
181f
1f1f
1f1f
1f1f
1f00
0000
00ff
ffff
ff00
8000
0000
0200
c101
0101
017f
7f7f
181f
1f1f
1f1f
1f1f
1f00
0000
00ff
ffff
ff00
8000
0000
0200
c101
0101
017f
7f7f
181f
1f1f
1f1f
1f1f
1f00
0000
00ff
ffff
ff00
8000
0000
0200
c101
0101
017f
7f7f
181f
1f1f
1f1f
1f1f
1f00
0000
00ff
ffff
ff00
8000
0000
0200
0000
0000
0000
0000
0101
0101
0101
0101
0000
0000
0000
0000
0101
0101
0101
0101
4023
0203
8243
0007
00fc
04fc
04fc
00fe
2427
2047
4140
808f
92fe
00fc
0890
609e
04ff
041f
101f
107f
40fe
40f0
10f0
10fc
447f
003f
0804
07f8
44fc
00f0
20c0
00fe
0000
f889
8888
888b
2020
20fc
2020
20fe
8888
8888
f98a
0000
2020
70a8
2422
2020
0101
013f
0101
01ff
0000
00f8
0000
00fe
0103
0509
1121
c101
0080
4020
1008
0600
20fe
9292
fe92
92fe
1010
7c10
1010
fe10
5052
5254
5457
908f
3854
9210
9090
02fe
003f
2020
2020
203f
00f8
0808
0808
08f8
2020
2020
2020
201f
0800
0000
0002
02fe
407e
9010
087f
080f
407e
8808
20fc
20e0
080f
0808
ff08
1020
20e0
2020
fe20
1008
2023
22aa
aaab
aaaa
00fe
2222
22fe
2222
aaab
a8a8
a8f8
0000
22fe
2020
2020
2020
01ff
8281
0424
2445
00fe
0202
2048
8412
0ff0
0121
2121
3f20
f200
0008
0808
f808
01ff
8194
2506
1be1
00fe
0242
8824
e200
013f
213f
2101
01ff
00f8
08f8
0008
fc02
4020
0f00
0780
4f01
4040
fe40
fca0
fe10
2225
2840
4340
8186
08f4
4240
f8a0
100c
04ff
0401
ff00
1f10
40fe
4000
fe00
f010
ff10
1f02
1ce8
0b3c
fe10
f088
5020
9806
18e0
2021
22f8
2120
2050
8804
fa00
fc04
6070
a8a0
2222
2224
0810
80a4
9282
84fc
0078
4949
4979
4949
0638
c006
18e0
4052
4979
4949
494a
8a8c
5458
5048
4844
4442
2020
2020
fc45
4544
2020
28a4
a222
2020
4488
4830
1028
4186
2222
6408
1060
8000
2020
ab70
20f8
2360
001c
e040
407c
c040
70a8
aba0
2020
2020
407e
c040
4042
423e
003f
2020
3f21
2121
00fc
0404
fc04
0000
3f20
2020
2023
3ce0
fe80
8040
4022
120e
00f3
9292
92f3
9292
00fc
0404
04fc
2020
92f3
9292
92f2
9207
20fe
2020
1010
ca06
00fe
0445
2810
08fe
8080
fc08
4850
30ce
1232
3550
9010
1033
2020
fc24
4444
8418
08ff
083f
2424
3f00
20fe
20f8
4848
f800
ff82
8708
3402
017e
fe02
f210
2040
8000
0810
3f52
1212
ff12
0000
fe48
4848
fe48
1212
7f00
0024
4282
4848
fe00
0044
2222
0204
0810
7f00
0911
0020
1078
8404
0000
3f41
0101
ff01
0101
f800
0000
fe00
0000
001f
0001
0000
7f00
00f8
0810
a040
fe82
0102
0408
1060
0003
8488
9080
8080
8080
007f
01ff
9100
fe05
00fc
00fe
1240
fe48
2811
fe32
5490
1031
30ce
20fe
2222
428c
0407
7404
ff24
24a4
1020
fc84
fc84
fc80
b4a4
a4a4
bae2
8100
fe80
fe02
aa52
028c
2020
2027
f820
6372
4040
40fc
0000
f808
aaaa
a320
2224
2820
0808
f840
4844
42c0
2023
20f9
494a
4c48
00fe
2238
20a0
7e00
8989
4931
1129
4181
fc04
fc04
fc04
040c
2020
2121
fd45
4545
2020
fc04
04fc
0404
4589
4929
1129
4187
fc20
2428
1010
c806
007f
4040
5f10
1f10
00fc
0404
f410
f010
1f11
01ff
0004
1860
f010
00fe
0040
300c
0102
0708
106c
0300
0000
f808
1020
4080
0107
0c34
c404
0704
00fc
0404
0404
fc04
0102
0408
102f
c000
0080
4020
10e8
0600
3c24
2424
243c
0000
f888
8888
8888
b080
00f8
8888
8888
f888
00fc
8484
84fc
8484
8888
88f8
8001
0102
84fc
8484
8404
040c
007c
4444
7c44
447c
00fc
84fc
84fc
8484
4102
003f
2424
24ff
040c
00f8
4848
48fe
8040
2402
0100
e720
4040
4448
5040
fc40
2021
2224
2020
508f
e050
4844
4040
00fe
1028
4480
7c11
1010
2020
7e42
8444
2810
fc10
5455
5450
1ce0
207e
c242
4242
7e42
0003
f292
9392
9293
80f8
0808
f808
08f8
9293
92f3
800a
0a12
00fe
00fe
02a2
924c
2023
2020
fc24
2744
00fe
4040
8884
fe02
4848
ab10
2840
8007
2020
fc20
2020
20fe
0808
4848
487e
8888
4040
4040
4458
6040
880e
38c8
0808
0808
4040
4040
4242
423e
4020
0f08
088f
490d
1610
fe10
10d0
1252
2d29
294a
4c48
9091
5494
0888
582a
4682
0407
0810
205f
1010
00f0
2040
80fc
8484
101f
0202
0408
30c0
84fc
4040
4040
423e
2023
2222
fb22
6273
80f8
0808
f808
08f8
a8a0
a724
2424
2420
4040
fc44
4444
4c40
1021
4189
5121
2149
40fc
0404
fc04
04fc
f820
23aa
aaaa
a220
2020
fe22
2222
2620
1027
4088
5023
4afa
00fe
4040
80fc
9494
2a22
aaaa
aaa2
2322
f494
94f4
9494
fc04
00ff
0204
7f44
4444
00fe
0000
fc44
4444
4744
4447
4444
447f
c444
44c4
4444
44fc
10fe
1054
54ba
1034
00fe
1020
feaa
aaba
4290
3e62
9408
36c1
aaaa
baaa
aafe
00fe
2027
20f8
2322
233a
90fe
9090
fc04
fc04
e320
202f
2021
226c
fc40
40fe
a010
0806
2027
20f8
2322
6372
90fe
9090
fc04
fc04
aba0
2027
2021
222c
fc40
40fe
a010
0806
0808
ff08
0901
017f
2020
fe20
2804
00fe
4140
4040
4040
838c
0084
8850
60a2
120e
0101
ff10
101f
0002
0000
fe00
00f8
0000
04ff
0408
1700
0778
00fe
2020
4080
700c
001f
0001
00ff
0000
00f8
20c0
80fe
8080
0300
3f24
2424
24ff
8000
f848
4848
48fe
007f
0202
0203
7e02
3cc0
0000
00fc
0000
0203
fe02
0202
0201
00fe
0000
0002
02fe
8853
2050
9017
1030
00fc
0830
20fe
2020
3050
9312
1212
22cf
e000
fc94
9494
94fe
0101
ff40
403f
003f
0000
fe00
00fc
00f8
2020
3f20
3f20
203f
0808
f808
f808
08f8
1023
428a
5223
224a
00fe
028a
52fe
0222
fa22
22aa
aaaa
a222
22fa
4242
427a
0206
1010
fe10
10fe
1010
0cf0
2020
3ce0
2020
fe11
3038
5492
1010
3ee0
2020
2022
221e
04ff
047f
405f
007f
40fe
40fc
04f4
00fc
001f
610e
7007
f803
8008
b040
e058
4680
202c
205f
4040
dec0
2020
fa24
2830
fe40
5e41
405e
5252
5e52
9800
7c44
7c44
447c
0101
0101
ff01
0303
0000
0000
fe00
0080
0509
1121
4181
0101
4020
1008
0600
0000
00fe
9292
fe92
92fe
1014
1210
fe10
1010
10fe
101e
e044
4282
2824
4282
0044
2222
003f
2020
203f
2020
00f8
0808
08f8
0808
203f
2020
2020
3f20
08f8
0808
0808
f808
0101
01ff
0509
0911
0000
00fc
4020
2010
21c0
1f01
0101
01ff
0806
f000
0000
00fc
0808
101f
2242
8404
0000
00fc
4444
4444
0810
6001
020c
7000
4484
8404
0408
0830
1028
447a
817c
447c
0488
4810
fe48
4848
457c
407c
407c
4142
fe48
4848
8888
0808
0101
0101
ff01
0202
0020
1000
fe00
8080
0204
0408
0810
20c0
8080
8080
8082
827e
00ff
003f
2020
3f20
00fe
00fc
0404
fc00
203f
2021
2244
48b0
80fe
8040
2010
0806
2020
aba8
22fa
2161
0000
f848
4848
4848
70a8
a8a0
2122
2420
c848
a898
0c12
1060
11ff
1111
101f
003f
10fe
10f0
00fc
00f8
203f
203f
203f
0870
08f8
08f8
08f8
201c
007e
4242
7e42
427e
007e
4242
7e42
427e
4047
4444
4447
4440
02e2
2222
22e2
2206
007e
4242
7e42
427e
007e
4242
7e42
427e
4041
4454
5454
5340
0202
920a
0a22
e20e
1020
408b
5021
2148
2020
20fe
0404
0488
fc24
20a8
a8a8
a126
8850
2020
5088
0402
007e
4242
7e42
427e
007e
4242
7e42
427e
4040
4040
4040
4040
0202
0202
0202
020e
0808
0f10
1028
4845
0000
f888
8888
8808
8502
0504
0830
c001
0810
9070
1816
6080
0010
1010
1010
17f8
8080
8080
80bc
c484
1010
1010
1010
100f
8484
8498
8000
02fe
0040
2121
020f
0020
8080
1008
04fe
0200
2027
4444
4484
8704
00fc
0404
0404
fc04
0101
ff08
0810
1121
0000
fe80
80f8
0848
62a5
2020
2020
232c
2810
90a0
40a0
1806
0830
cc03
1ce0
00fe
300c
6280
700e
00fc
447c
447c
445c
e404
8488
9088
8484
b880
00ff
4242
7e42
4242
007e
4244
4448
4844
7e42
4242
5ee2
0202
4242
4242
5c40
4040
00fe
9292
fe92
92fe
00fe
0428
1008
fe12
1010
fe10
101e
f000
1212
1410
1010
1070
00f8
0809
0979
4240
8080
8000
fe20
2020
81f9
890a
0a08
0870
2424
2222
2220
2060
1010
3f21
4181
01ff
0000
f800
0000
00fe
0102
0204
0810
20c0
0080
8040
2010
0806
003f
2020
2724
2424
00fe
0000
f808
0808
2424
2424
2444
4380
0870
0000
0202
fe00
1121
4189
1212
2423
f010
1010
121e
00f8
60a0
2121
2020
212e
0808
1010
a040
b00c
1020
4089
5122
2044
8080
80fe
0202
0282
fc10
1054
5494
9010
4222
2202
0202
0438
08ff
0881
4f28
0f28
20fe
2002
e428
e028
cf01
01ff
0509
31c1
e600
00fe
4020
1806
7000
00fc
0000
f800
00fe
8282
8282
fe90
00f8
0000
f889
89fa
9090
8888
8804
0402
00fb
888b
88fb
2020
00de
42de
42de
4488
21bb
a1a1
a1b9
e101
fe10
fe10
fe10
fe00
0020
2320
fd48
4b48
4040
fc40
f840
fe00
4949
5151
5de1
0101
f808
f808
f808
0818
2023
22fa
2222
6272
c01e
1252
5252
5252
aaa2
2223
2620
2023
5252
52d6
5050
9010
04ff
0449
2aff
1c2a
40fe
4020
2040
7ea4
c810
ff22
245c
12e0
2424
2828
1010
28c6
2025
5389
f025
22f8
20fc
24fc
20fe
00fc
2026
aaaa
a23a
e508
84fc
80fc
84fc
00fe
2020
31aa
a4ab
a0a7
40a0
1008
04fa
00c4
a427
2427
2424
2424
54d4
54d4
5454
44cc
1f02
0c30
cf00
3e22
0080
6018
e600
2448
3a22
3a22
0948
488f
9048
2424
0088
24e4
4020
0000
0f88
4808
4040
4040
fe42
4242
282f
2848
4848
8f88
42fe
4242
4242
fe02
003f
20a1
6639
2027
80fe
c020
18e6
0084
64a7
2427
4442
8a93
a4a4
a484
8c40
14f2
0000
0000
0000
0000
0101
0101
0101
0101
0000
0000
0000
0000
0101
0101
0101
0101
c101
0101
017f
7f7f
181f
1f1f
1f1f
1f1f
1f00
0000
00ff
ffff
ff00
8000
0000
0200
c101
0101
017f
7f7f
181f
1f1f
1f1f
1f1f
1f00
0000
00ff
ffff
ff00
8000
0000
0200
c101
0101
017f
7f7f
181f
1f1f
1f1f
1f1f
1f00
0000
00ff
ffff
ff00
8000
0000
0200
c101
0101
017f
7f7f
181f
1f1f
1f1f
1f1f
1f00
0000
00ff
ffff
ff00
8000
0000
0200
c101
0101
017f
7f7f
181f
1f1f
1f1f
1f1f
1f00
0000
00ff
ffff
ff00
8000
0000
0200
c101
0101
017f
7f7f
181f
1f1f
1f1f
1f1f
1f00
0000
00ff
ffff
ff00
8000
0000
0200
c101
0101
017f
7f7f
181f
1f1f
1f1f
1f1f
1f00
0000
00ff
ffff
ff00
8000
0000
0200
c101
0101
017f
7f7f
181f
1f1f
1f1f
1f1f
1f00
0000
00ff
ffff
ff00
8000
0000
0200
c101
0101
017f
7f7f
181f
1f1f
1f1f
1f1f
1f00
0000
00ff
ffff
ff00
8000
0000
0200
c101
0101
017f
7f7f
181f
1f1f
1f1f
1f1f
1f00
0000
00ff
ffff
ff00
8000
0000
0200
c101
0101
017f
7f7f
181f
1f1f
1f1f
1f1f
1f00
0000
00ff
ffff
ff00
8000
0000
0200
c101
0101
017f
7f7f
181f
1f1f
1f1f
1f1f
1f00
0000
00ff
ffff
ff00
8000
0000
0200
c101
0101
017f
7f7f
181f
1f1f
1f1f
1f1f
1f00
0000
00ff
ffff
ff00
8000
0000
0200
c101
0101
017f
7f7f
181f
1f1f
1f1f
1f1f
1f00
0000
00ff
ffff
ff00
8000
0000
0200
c101
0101
017f
7f7f
181f
1f1f
1f1f
1f1f
1f00
0000
00ff
ffff
ff00
8000
0000
0200
c101
0101
017f
7f7f
181f
1f1f
1f1f
1f1f
1f00
0000
00ff
ffff
ff00
8000
0000
0200
c101
0101
017f
7f7f
181f
1f1f
1f1f
1f1f
1f00
0000
00ff
ffff
ff00
8000
0000
0200
c101
0101
017f
7f7f
181f
1f1f
1f1f
1f1f
1f00
0000
00ff
ffff
ff00
8000
0000
0200
c101
0101
017f
7f7f
181f
1f1f
1f1f
1f1f
1f00
0000
00ff
ffff
ff00
8000
0000
0200
c101
0101
017f
7f7f
181f
1f1f
1f1f
1f1f
1f00
0000
00ff
ffff
ff00
8000
0000
0200
c101
0101
017f
7f7f
181f
1f1f
1f1f
1f1f
1f00
0000
00ff
ffff
ff00
8000
0000
0200
c101
0101
017f
7f7f
181f
1f1f
1f1f
1f1f
1f00
0000
00ff
ffff
ff00
8000
0000
0200
c101
0101
017f
7f7f
181f
1f1f
1f1f
1f1f
1f00
0000
00ff
ffff
ff00
8000
0000
0200
c101
0101
017f
7f7f
181f
1f1f
1f1f
1f1f
1f00
0000
00ff
ffff
ff00
8000
0000
0200
c101
0101
017f
7f7f
181f
1f1f
1f1f
1f1f
1f00
0000
00ff
ffff
ff00
8000
0000
0200
c101
0101
017f
7f7f
181f
1f1f
1f1f
1f1f
1f00
0000
00ff
ffff
ff00
8000
0000
0200
c101
0101
017f
7f7f
181f
1f1f
1f1f
1f1f
1f00
0000
00ff
ffff
ff00
8000
0000
0200
c101
0101
017f
7f7f
181f
1f1f
1f1f
1f1f
1f00
0000
00ff
ffff
ff00
8000
0000
0200
c101
0101
017f
7f7f
181f
1f1f
1f1f
1f1f
1f00
0000
00ff
ffff
ff00
8000
0000
0200
c101
0101
017f
7f7f
181f
1f1f
1f1f
1f1f
1f00
0000
00ff
ffff
ff00
8000
0000
0200
c101
0101
017f
7f7f
181f
1f1f
1f1f
1f1f
1f00
0000
00ff
ffff
ff00
8000
0000
0200
c101
0101
017f
7f7f
181f
1f1f
1f1f
1f1f
1f00
0000
00ff
ffff
ff00
8000
0000
0200
0000
0000
0000
0000
0101
0101
0101
0101
0000
0000
0000
0000
0101
0101
0101
0101
7000
01fa
0500
f302
6090
0804
fa00
c252
02f3
0202
f392
92f2
52d2
5252
d252
42c6
2020
f821
faa9
a8fb
2050
8804
02fc
00c4
aaab
fa23
fa22
2222
54d4
54d4
5454
44cc
0101
f293
969a
9392
1010
20fe
2020
fe20
9292
9392
f292
0302
2020
fe20
2020
fe00
1010
1020
2f41
61a2
4040
8080
fe00
0000
a2a5
2529
2121
2121
00fc
0404
0404
fc04
1017
2023
6263
a2af
00fe
80fc
04fc
04fe
2822
2421
232d
202f
aa80
fc00
f810
e01e
003f
0006
013f
213f
00f8
1060
80f8
08f8
213f
017f
0204
1860
08f8
00fc
0404
0418
0202
02ff
0202
0407
0000
00fe
0000
00f0
0408
0a11
2041
8618
1010
2040
8040
300c
0101
ff80
02ff
0408
0000
fe02
00fe
0000
1f28
cf08
0f08
0808
f808
f808
f808
0838
0101
8189
89d1
a195
0000
0212
12a2
422a
8991
a1a5
fd85
81ff
1222
424a
fa0a
02fe
0810
1024
2465
a424
4040
40fe
8848
4830
2424
2100
2524
4487
1068
8600
8844
12f2
00ff
043f
203f
20ff
00fe
00f8
08f8
08fe
89a8
4f04
1a61
0678
028a
f424
4080
601c
2021
21f9
2120
2721
00fc
0404
fc00
fe04
39e1
2121
2127
2060
fc04
fc04
0ef4
0404
0202
ff04
080f
1828
0000
fe00
00f8
0808
4f88
080f
0808
0808
f808
08f8
0808
0838
2020
2020
fb22
6272
2020
2020
fe22
2222
aaa3
a222
2222
2322
22fe
2222
2222
fe02
4027
0001
8047
0407
00fc
0890
60fc
44fc
2427
204f
4041
8698
44fc
80fe
8202
021c
4027
0001
8047
0404
00fc
0890
60fc
4444
2724
2447
4444
8484
fc44
44fc
4444
444c
8950
2750
9013
1232
0890
fe90
90fc
9494
5292
1312
1312
22c3
9494
1c04
fc04
04fc
4428
ff28
28fe
aaaa
1014
1210
fe10
1010
aaae
c282
fe82
82ff
1028
2828
4844
8402
0101
0101
3f21
2121
0000
0000
fc04
0404
213f
2121
2121
3f20
04fc
0404
0404
fc04
1010
fc05
0408
0810
2020
20fe
2020
4040
3854
9112
1410
1010
fc84
8484
8484
fc84
2021
fa08
0810
216a
8804
0220
5088
0402
b029
2121
2121
2121
00fc
0404
0404
fc04
7001
00fc
0300
f801
0cf0
2020
fe70
a824
02f9
0000
f888
89fa
22f8
484e
9282
020c
8242
2f04
0407
04e4
1010
9e20
00be
8488
2424
2428
2821
508f
8888
be88
8898
00fe
003f
2020
3f00
007f
00f8
0808
f800
00fc
4141
7f40
4040
403f
0404
fc00
0002
02fe
03fc
0808
ff49
49ff
803e
2222
a424
28a4
4949
ff08
080f
f000
2222
a222
2c20
2020
1010
10fe
1112
2028
4448
88fe
9090
90fe
2848
5090
9226
7900
9090
90fe
9090
90fe
00ff
007e
4242
7e00
1010
107e
5252
5252
ffa5
a5c7
81bd
9193
527e
1010
141c
6202
0404
0708
0810
304c
0000
f808
0808
1010
0201
0000
0106
18e0
2020
c080
0000
0000
003f
000c
0201
00ff
00f8
1020
4080
40fe
0000
0000
0000
0003
8284
8880
8080
8080
0102
0408
1020
5f81
0080
4020
1008
f402
0101
3f01
0911
21c7
0000
f800
2010
0806
0808
0f10
1010
1f20
0000
f800
0000
f010
0000
ff00
0000
0003
1010
fe20
2020
4080
2211
ff08
1320
5f80
1020
fe20
9008
f402
0f00
0f00
1f10
101f
e000
e000
f010
10f0
1167
4147
7547
4547
00dc
04c4
5cc4
44c4
7147
41ff
0004
1860
1cc4
04fe
0020
1806
00fb
0851
2111
fd25
00fe
20fc
0404
fc04
2921
2121
2120
2162
04fc
0404
fc88
0402
1017
1425
2447
64a5
40fe
20fc
24fe
24fc
a425
2525
2525
2929
20fc
24fc
24fc
242c
0808
1010
a242
2414
2020
2020
fe22
2222
0810
1422
2ff1
0001
2222
2222
4242
8418
2020
2320
f848
484b
001c
e020
2020
20fe
8888
4830
1029
4284
2050
5088
8804
0402
0101
7f40
4811
2244
0000
fc04
2410
8844
0810
20df
1010
101f
2010
08f6
1010
10f0
017f
404f
405f
404f
00fe
80f8
88fe
88f8
404f
484f
488f
8888
80fc
84fc
84fc
849c
2021
21f9
2121
2027
00fc
04fc
04fc
00fe
39e3
2428
2122
2c61
00fe
9292
2222
428c
2027
20f4
2220
2720
0cf0
0484
4800
fc40
30ef
2024
2424
2764
40fe
4044
4444
fc04
2020
2ff0
2224
282d
4040
fe00
2448
fe48
2232
e42f
2122
226c
487e
4848
7e48
487e
00f7
9097
9097
91f2
00bc
84bc
84bc
0810
9396
9392
93f2
8302
fc20
fc20
fc20
fe00
2021
21f9
2121
6077
00fc
04fc
04fc
00fe
a8a1
a224
2122
2023
80fe
5292
2242
821c
2120
23f8
2021
6070
0488
fe20
20fc
2020
aba0
2320
2021
2620
fe20
2428
b028
24e2
4221
000f
0080
4007
0810
a0fe
4040
40fc
2020
204f
4040
8080
4040
40fe
4040
4040
402f
0809
0284
4001
40fe
0212
0844
a010
2224
2843
4242
8283
0804
02f8
0808
08f8
2020
2322
aab0
a1a2
2020
fe02
0288
2452
2021
2255
5189
8101
8804
02fc
0404
fc04
003f
2121
213f
2121
00f8
0808
08f8
0808
213f
2121
2141
4180
08f8
0808
0808
0838
01ff
8488
7004
7f01
00fe
4242
3c40
fc00
013f
0101
ff00
4482
00f8
0000
fe00
4422
1008
047f
0101
013f
1020
40fc
0000
00f8
0101
01ff
0101
0101
0000
00fe
0000
0000
2023
a8ab
a820
fb10
00de
c65a
42c6
5a42
5153
5551
5599
b181
20fe
20fc
20fc
20fe
08ff
0821
ff21
2120
20fe
2008
fe08
f800
3f01
01ff
0509
31c1
fc00
00fe
4020
1806
04ff
0401
7f40
4419
40fe
4000
fc04
4430
020c
30df
1010
1f10
8060
18f6
1010
f010
00ff
0404
7f44
447f
00fe
4040
fc44
44fc
0204
ff10
2c03
06f8
0000
fe20
20c0
6018
7003
00fa
0100
fb00
06f8
0044
2800
fe20
00fb
0002
fa8a
8bfa
20fe
2022
2222
fe02
00fb
8888
88fb
2222
00fe
0468
10fe
2222
23ba
a2a3
a2a2
bac2
fe22
22fe
2222
2226
8047
2004
0207
00e0
1ce0
0484
48fc
4040
2f20
2424
2720
508f
fe40
4444
fc00
00fe
0079
4949
5151
6053
00fc
04fc
04fc
00fe
4849
4a4c
7146
4043
80fe
4a8a
1222
c20c
0804
7f01
3f01
ff11
2040
fc00
f800
fe10
2f48
8f08
0f08
0e38
e824
e220
e488
503c
2241
8814
2240
be22
2040
7ea2
a428
2050
223e
0009
4848
8807
4886
0008
8402
12f0
2023
22fa
2222
2222
c000
3e22
2222
2222
3ae2
2222
232e
2060
2222
2222
ac20
2020
0014
2241
0008
1422
4040
407e
4292
1410
4180
3e22
2222
3e22
1090
1028
2844
4482
4020
0700
0080
400f
003c
c040
4040
40fe
2020
2041
4142
8498
40a0
a010
1008
0402
4122
0400
8041
0204
1008
0440
a010
0804
2823
2242
4242
8382
02f8
0808
0808
f808
00fd
0485
4414
24cc
00fc
0404
9424
c40c
0101
7f00
1008
08ff
0000
fc20
2040
40fe
007e
221a
623f
213f
00fc
4434
c4f8
08f8
213f
087f
08ff
0870
08f8
20fc
20fe
201c
4020
0f08
0887
4000
4040
fe02
02fc
4040
2024
2444
4645
8890
4078
4040
4040
c07e
007f
4444
7f24
4830
00fc
4444
fc48
90fe
1125
fc12
5454
9210
9090
fc90
fc90
90fe
2023
22fb
aaab
a8a8
00fe
22fe
22fe
4088
f9a0
2328
2839
ca00
10a4
fe22
a824
2220
2021
f909
0911
2121
00fc
2424
fc24
24fc
68b0
2b20
2020
2122
2020
fe20
70a8
2422
0101
7f01
1109
0901
0000
fc00
1010
2000
ff03
0509
1121
c101
fe80
4020
1008
0600
0404
ff04
017f
0111
4040
fe40
00fc
0010
1129
4305
0931
c101
1028
8440
2018
0600
1011
fe10
10fe
9292
00fe
2020
fc84
84fc
fe10
3038
5490
1011
8484
fc84
84fc
4886
007f
01ff
81bd
81bd
00fc
00fe
027a
027a
003f
2121
3f21
213f
00f8
0808
f808
08f8
4122
0304
0980
4000
0000
f808
10a0
40a0
232c
2342
4242
8382
1806
f808
0808
f808
1020
4089
5220
2048
4040
fc04
8850
6090
f926
21a9
a9a9
a121
0806
f808
0808
f808
08ff
0849
2102
8540
20fe
2020
f808
10a0
0021
2e20
4342
8283
40b0
0e00
f808
08f8
00fe
2828
28fe
aaaa
203e
2244
8428
1028
ce82
82fe
8282
fe82
c600
fe82
8282
fe82
037c
0808
08ff
0808
2020
2020
20a0
2020
087f
4141
4141
7f41
2020
2020
2222
221e
0e70
4042
524a
4a4a
007e
4242
524a
4a4a
4a42
5ee2
0404
0830
4a4a
4242
424c
4040
4141
7f00
3f20
2f22
0404
fc00
f010
d010
2f2a
2a2f
2242
5f80
d050
50d0
084a
ea24
2023
22fb
2223
6272
00de
52de
52de
22fa
aaa2
2222
2222
2222
22fa
aafa
aafa
72aa
009f
521f
1090
5f12
1090
109e
a0a0
803c
1f20
2f49
4989
893f
8000
f848
4848
48fe
04ff
047f
487f
417f
40fe
4020
207e
4000
487f
003f
2424
24ff
7c00
00f8
4848
48fe
08ff
087c
447c
447c
20fe
207c
447c
447c
415f
415f
555f
4549
04f4
04f4
54f4
442c
fe90
fc84
fd90
fe00
4040
7e80
007e
0000
3f20
3f23
203f
04f8
f808
88f8
08f8
427e
06f8
1010
10fe
1030
0404
4444
4444
4444
3854
5290
1010
1010
4444
4444
4404
041c
0101
ff01
017f
4141
0000
fe00
00fc
0404
7f01
120a
0406
19e0
fc00
0000
0000
c03e
007f
407f
4951
6345
00fe
02fe
00fe
04fc
4959
6849
4b48
888b
04fc
80fc
04c8
30ce
0101
ff05
0911
21c1
0000
fe40
2010
0806
1f00
0101
ff01
0106
e040
8000
fe00
0000
0678
08ff
081c
2ac8
0444
4444
4444
4404
0901
ff03
0509
31c1
0c00
fe80
4020
1806
00fb
2222
2223
22fa
00fc
4444
44fc
4444
2223
2020
3be0
0007
44fc
4040
fc40
40fe
00f8
2720
2222
fa23
4040
fe00
9464
94fc
2027
243c
e405
0404
40fe
4292
baca
020e
0000
0000
0000
0000
0101
0101
0101
0101
0000
0000
0000
0000
0101
0101
0101
0101
c101
0101
017f
7f7f
181f
1f1f
1f1f
1f1f
1f00
0000
00ff
ffff
ff00
8000
0000
0200
c101
0101
017f
7f7f
181f
1f1f
1f1f
1f1f
1f00
0000
00ff
ffff
ff00
8000
0000
0200
c101
0101
017f
7f7f
181f
1f1f
1f1f
1f1f
1f00
0000
00ff
ffff
ff00
8000
0000
0200
c101
0101
017f
7f7f
181f
1f1f
1f1f
1f1f
1f00
0000
00ff
ffff
ff00
8000
0000
0200
c101
0101
017f
7f7f
181f
1f1f
1f1f
1f1f
1f00
0000
00ff
ffff
ff00
8000
0000
0200
c101
0101
017f
7f7f
181f
1f1f
1f1f
1f1f
1f00
0000
00ff
ffff
ff00
8000
0000
0200
c101
0101
017f
7f7f
181f
1f1f
1f1f
1f1f
1f00
0000
00ff
ffff
ff00
8000
0000
0200
c101
0101
017f
7f7f
181f
1f1f
1f1f
1f1f
1f00
0000
00ff
ffff
ff00
8000
0000
0200
c101
0101
017f
7f7f
181f
1f1f
1f1f
1f1f
1f00
0000
00ff
ffff
ff00
8000
0000
0200
c101
0101
017f
7f7f
181f
1f1f
1f1f
1f1f
1f00
0000
00ff
ffff
ff00
8000
0000
0200
c101
0101
017f
7f7f
181f
1f1f
1f1f
1f1f
1f00
0000
00ff
ffff
ff00
8000
0000
0200
c101
0101
017f
7f7f
181f
1f1f
1f1f
1f1f
1f00
0000
00ff
ffff
ff00
8000
0000
0200
c101
0101
017f
7f7f
181f
1f1f
1f1f
1f1f
1f00
0000
00ff
ffff
ff00
8000
0000
0200
c101
0101
017f
7f7f
181f
1f1f
1f1f
1f1f
1f00
0000
00ff
ffff
ff00
8000
0000
0200
c101
0101
017f
7f7f
181f
1f1f
1f1f
1f1f
1f00
0000
00ff
ffff
ff00
8000
0000
0200
c101
0101
017f
7f7f
181f
1f1f
1f1f
1f1f
1f00
0000
00ff
ffff
ff00
8000
0000
0200
c101
0101
017f
7f7f
181f
1f1f
1f1f
1f1f
1f00
0000
00ff
ffff
ff00
8000
0000
0200
c101
0101
017f
7f7f
181f
1f1f
1f1f
1f1f
1f00
0000
00ff
ffff
ff00
8000
0000
0200
c101
0101
017f
7f7f
181f
1f1f
1f1f
1f1f
1f00
0000
00ff
ffff
ff00
8000
0000
0200
c101
0101
017f
7f7f
181f
1f1f
1f1f
1f1f
1f00
0000
00ff
ffff
ff00
8000
0000
0200
c101
0101
017f
7f7f
181f
1f1f
1f1f
1f1f
1f00
0000
00ff
ffff
ff00
8000
0000
0200
c101
0101
017f
7f7f
181f
1f1f
1f1f
1f1f
1f00
0000
00ff
ffff
ff00
8000
0000
0200
c101
0101
017f
7f7f
181f
1f1f
1f1f
1f1f
1f00
0000
00ff
ffff
ff00
8000
0000
0200
c101
0101
017f
7f7f
181f
1f1f
1f1f
1f1f
1f00
0000
00ff
ffff
ff00
8000
0000
0200
c101
0101
017f
7f7f
181f
1f1f
1f1f
1f1f
1f00
0000
00ff
ffff
ff00
8000
0000
0200
c101
0101
017f
7f7f
181f
1f1f
1f1f
1f1f
1f00
0000
00ff
ffff
ff00
8000
0000
0200
c101
0101
017f
7f7f
181f
1f1f
1f1f
1f1f
1f00
0000
00ff
ffff
ff00
8000
0000
0200
c101
0101
017f
7f7f
181f
1f1f
1f1f
1f1f
1f00
0000
00ff
ffff
ff00
8000
0000
0200
c101
0101
017f
7f7f
181f
1f1f
1f1f
1f1f
1f00
0000
00ff
ffff
ff00
8000
0000
0200
c101
0101
017f
7f7f
181f
1f1f
1f1f
1f1f
1f00
0000
00ff
ffff
ff00
8000
0000
0200
c101
0101
017f
7f7f
181f
1f1f
1f1f
1f1f
1f00
0000
00ff
ffff
ff00
8000
0000
0200
c101
0101
017f
7f7f
181f
1f1f
1f1f
1f1f
1f00
0000
00ff
ffff
ff00
8000
0000
0200
0000
0000
0000
0000
0101
0101
0101
0101
0000
0000
0000
0000
0101
0101
0101
0101
003f
20a0
6f21
212f
40fe
00c2
1212
12d2
61a3
2325
2549
4181
1212
9252
1202
0206
01ff
003f
213f
213f
00fe
00f8
08f8
08f8
017f
01ff
0438
cb1c
00fc
00fe
8850
201e
2021
21f9
0911
1125
00fc
2424
fc24
24fc
69b0
2825
2020
2023
2420
20fc
2020
20fe
003f
2121
213f
2121
00f8
0808
08f8
0808
213f
0101
3f01
01ff
08f8
0000
f800
00fe
10fe
00aa
93aa
fe10
4848
90fe
9090
90fe
fe92
92a2
aafa
8a86
9090
90fe
9090
90fe
0078
4948
5053
6050
2020
fc20
20fe
8888
494a
4849
7040
4043
0a2e
20fc
2020
20fe
1023
2048
9710
2063
40fc
4444
fe44
44fc
60a0
2720
202f
2020
4040
fc40
40fe
4040
01ff
01ca
2402
1122
00fe
0002
4c80
1008
c40f
0001
ff01
0101
46e0
2000
fe00
0000
0101
017f
0000
1010
0000
00fc
2020
2020
1008
0808
0800
ff00
2020
4040
4040
fe00
04ff
0410
2043
9017
20fe
2040
40fc
44fe
2063
a027
202f
2020
44fc
40fc
40fe
4040
1010
13fc
1011
1111
2020
fe00
00fc
0404
1df1
1010
1011
1630
04fc
2020
a824
2260
00f8
a8a9
aaa8
a8f8
4040
fc04
0890
6090
a9ae
a9a9
a9f9
0101
0806
f808
0808
f808
1067
4252
7485
1826
0484
a4a4
a4a4
2424
41be
087f
084a
2ff0
a424
2424
0404
840c
4020
0f00
0182
4700
4040
fe80
083c
c400
2222
2242
4244
8488
4848
4848
4848
4a0e
432c
0809
098f
5800
007e
1212
1222
ce00
2724
2447
4444
8784
fc44
44fc
4444
fc04
00f8
2320
2020
23f8
2020
fe40
849e
e200
2121
2121
39e2
0204
2424
2424
2424
2406
0c71
4040
485c
e500
00fc
4444
4484
1800
3f21
213f
2121
3f20
f808
08f8
0808
f808
00fc
1310
1020
213c
2020
fe40
889c
e400
64a4
2424
243d
2102
a8a8
a8a8
a828
2a0e
1010
9254
5310
fd11
4040
4040
fe08
0808
3138
5454
9010
1013
0888
8890
9090
10fe
0078
494a
5050
6053
80fc
0850
2050
8826
4949
494a
7040
4043
20fc
2020
f820
20fe
017f
0804
ff00
3f21
00f8
2040
fe00
f808
213f
2121
3f01
0100
08f8
0808
f802
02fe
1010
fe44
44fe
007c
8080
fc80
80fc
04fc
4444
7c44
7c44
444c
80f8
80f8
80fa
82fe
0809
0911
1131
5050
00fc
0404
04fc
2040
9093
1212
1212
1312
40fe
0202
0202
fe02
0101
7f42
5f40
5f51
f000
fe02
f084
fc08
5f51
5f40
4149
8991
f808
f800
4422
0af8
2020
20fd
4240
7c44
8080
fe00
1020
40a2
4546
4444
4444
8498
a4a8
9090
9088
8886
0302
7f42
5f41
4f48
f800
fe02
f200
f888
4f48
4f40
5f81
8638
f888
f880
f808
0830
007f
0000
0000
0100
00fc
0810
2040
8080
0000
0000
0000
0007
8080
8080
8080
8000
0101
ff00
3f20
3f00
0000
fe00
f808
f800
ff80
8404
0808
1060
fe02
8480
8080
827e
0810
1720
2966
64ab
4040
fca0
120c
04fa
2223
2223
2022
2428
08f8
08f8
4048
44c2
00ff
0101
7f41
4149
00fe
0000
fc04
0424
4949
4949
4f48
4040
2424
2424
e424
040c
0047
2000
0f21
2224
40fc
4040
fe20
223e
4841
4385
9800
011e
8000
f810
a040
b00e
01ff
8081
1f02
4428
00fe
0202
f880
4428
1f28
cf08
0f01
1163
f028
e620
e000
100c
1010
9252
5410
fe10
0808
4828
0808
4828
3038
5495
1010
1010
080e
38c8
0808
0808
4027
8042
1411
232c
00f0
9094
9212
1060
4101
ff05
0931
c101
0000
fe40
2018
0600
4020
0f00
0087
4404
4040
fe00
00fc
0404
2427
2040
4242
8488
04fc
4040
4844
42c2
9452
2053
920a
0a1b
8448
10f8
4848
48f8
1a2a
4a8b
0a0a
1264
4848
48f8
4848
4a06
003f
2020
2fa1
6a27
80fe
0080
fe10
0afc
2a63
a223
2022
4488
0af8
08f8
4048
44c2
0078
4b48
4a79
4b49
2020
fe50
8a04
fe04
4979
4948
4879
4a00
fc04
fc20
a824
2260
18e3
2020
23f8
2161
40f8
4040
fca0
243c
72a8
a122
2420
2126
80f8
0890
a040
b00e
2021
21a9
7123
fc21
00fc
04fc
04fe
00fc
6171
a9a1
2021
2023
24fc
24fc
20fc
20fe
0101
1f10
101f
1010
0000
f808
08f8
0808
1f10
1211
1016
18e0
f800
0810
a040
300e
7000
03fc
0001
f901
2020
fe00
00fc
0404
f901
00f8
8889
8af8
04fc
2020
a824
2260
8047
2005
0207
0ae3
40fe
a014
08fc
0af8
2223
2022
2450
8807
08f8
4048
44c0
00fe
003f
203f
20ff
003f
00f8
08f8
08fe
00f8
213f
213f
017f
01ff
08f8
08f8
00fc
00fe
0079
4848
5350
6051
20fc
2020
fe90
921e
4a48
494a
7040
4047
40fc
0488
5020
d806
1029
4482
7800
00fe
00fe
2020
fc84
84fc
2222
2222
2c20
2023
84fc
8484
fc48
8402
0202
0202
ff02
0202
0000
0000
fc04
0404
0204
0408
0810
20c0
0404
0404
0404
0830
1021
4088
5120
204b
00fc
0404
fc04
04fe
f821
20a8
a8ab
a020
2024
a830
a824
2260
0810
1122
246b
60a0
40a0
1008
04fa
0000
2724
2427
2424
2424
fe92
92fe
9292
9296
007f
404f
4848
4f48
00fe
00f8
8888
f888
484f
4040
4f40
80bf
88f8
8080
f880
80fe
1010
1010
fd10
1038
2020
2020
fe20
2070
3454
5091
1210
1010
70a8
a824
2220
2020
4424
0404
1f84
4404
1010
1010
7c10
1030
2e2d
3454
5444
8484
3854
5492
9210
1010
2221
2027
a9aa
b4a0
4850
40fc
5048
4440
a223
2452
4981
820c
08bc
a8a8
7e08
0808
0101
f921
2721
21fb
0808
0808
be08
0818
2325
2525
31c1
0101
9c2c
2a4a
4a08
0808
01f9
a2a0
a1f9
8989
00fe
0000
fc04
04fc
8888
fba2
a2a2
fb82
0000
de52
5252
de52
2020
fc21
faa9
a8fb
2050
8804
02f8
00fc
aaaa
fa23
fa22
2222
a4a4
a4fc
a4a4
a4ac
0178
484b
5051
6251
24a8
20fe
a824
2204
494a
4a4b
7440
4146
de54
54d4
be84
0404
4178
9023
f8a9
aaf8
24a8
20fe
a824
2220
a9a9
fa05
50a9
aa00
04de
5454
be04
0404
1010
fea8
feaa
aafe
1054
54fe
3854
9210
a8a9
bdaa
a9b8
ad02
04de
5454
be84
0404
00fb
2222
2223
f620
803e
1292
92a2
4c00
2322
2223
3ac2
0302
fe22
22fe
2222
fe02
003f
213f
213f
8070
00f8
08f8
08f8
021c
000c
31c1
3f01
01ff
0060
1806
f800
00fe
402f
000f
0888
4f08
00fe
00fe
0202
fe00
2828
2b48
4848
9093
2020
fe20
5048
8402
003f
213f
2121
3f02
00f8
08f8
0808
f800
1408
05ff
0109
1161
4088
04fe
0230
0804
9254
10fe
1054
9200
00fe
2020
fe82
82fe
10fe
1010
1028
4482
82fe
8282
fe28
4482
0102
0408
1020
5f80
0080
4020
1008
f402
003f
0202
0202
0202
00f8
0808
0808
3000
0808
1112
2225
68a0
8080
4020
10e8
0600
af21
2121
2121
2121
f808
0808
0830
0000
1017
2222
6362
a4a6
02e2
0212
d252
5252
2529
2020
2021
222c
5252
9292
9202
0206
0000
4122
240b
0010
40a0
1008
04fa
0000
1710
2020
2040
4000
fc84
8484
8498
8080
007f
4040
407f
4848
1010
1010
7e92
1212
4f49
4949
4951
91a6
1212
1212
1222
224c
4141
7f00
1128
4482
0404
fc00
fe20
fc84
7c00
fe22
2222
2c20
fc84
fc84
fc48
4884
2020
20b0
a9a2
a5a8
4040
a0a0
1008
f402
2027
2020
2020
2020
00fc
8484
8498
8080
00f8
2122
2520
20fb
40a0
1008
f600
00fc
2020
2020
38e0
0000
8484
8484
8498
8080
1010
fe02
0204
0810
4040
4040
4040
4040
3854
9210
1010
1010
4040
4040
4042
423e
0808
ff08
0304
0817
4040
fc40
0080
40a0
20c0
3f04
0404
0404
1806
f010
1010
e000
1028
4481
02fc
1010
2050
8804
02fc
0000
fd10
5454
5450
1ce0
fe42
4242
424c
4040
1010
fd10
7d00
7d00
2020
fc24
fe24
fc20
fe10
1054
5491
1030
20b2
b428
a824
2260
007f
01ff
81bd
81bd
00fc
00fe
027a
027a
020c
37c0
1f02
0202
8060
d806
f010
3000
007f
01ff
81bd
81bd
00fc
00fe
027a
027a
803f
007f
0424
14ff
02f8
00fc
4048
50fe
00fe
007c
4455
017f
00fe
007c
4454
00fe
447f
447f
484f
889f
20fc
24fc
4078
427e
1050
5e50
fe00
92d6
1010
2844
827c
0000
ba92
fe92
bad6
92fe
fe22
2222
222c
2020
007f
445f
444e
5564
00fe
107c
1038
5492
404f
4848
4f48
888f
00f8
0808
f808
08f8
007f
4444
7f44
4e55
00fe
1010
7e10
3854
6444
4044
4444
849f
9210
8080
f880
80fe
00ff
1010
1f11
2121
02c2
0222
2222
2222
3a46
0204
0408
30c0
2222
2222
2202
0206
0111
2141
8301
0e70
0018
0422
4080
0080
007f
0101
0204
1860
80fc
0404
0404
0438
00ff
1010
3f21
42a2
02a2
2222
2222
2222
1408
1060
0024
4282
2222
020e
0044
2222
00ff
103e
42a2
1418
0404
4444
4444
4444
e101
ff04
38c8
0b3c
0c00
fe88
5020
9806
007f
4241
5f41
4f41
80fe
1020
fe20
fc24
5f41
4f41
4345
8991
fe24
fc20
3028
2422
0101
ff04
0424
2448
0000
fe40
4050
4844
8830
0008
4848
4887
44c0
0088
4442
12f0
2221
20b7
a9a2
aca2
4448
40fe
5048
4608
2724
2825
2322
2428
bea8
a828
7e08
0808
4028
0500
1189
4101
2020
fc20
fc24
fc24
1d25
2425
444a
9180
fc24
20fc
2020
00fe
2020
2f20
a8b7
a4a5
4040
fe40
40fc
4454
2527
2050
4982
8c00
54fc
40e0
5048
4640
203e
4881
7f44
7f42
40fe
9000
fe20
fe40
5f42
5f42
5f46
8ab2
f848
fc48
f860
504c
1020
4388
5121
2149
2020
fe20
fc24
24fc
f921
21a8
a8a9
a220
2424
fc70
a824
2220
01fd
4a4b
7849
4a7b
084a
529c
8408
52de
484a
4a7b
ca08
0809
0052
52de
5250
9010
0000
0000
0000
0000
0101
0101
0101
0101
0000
0000
0000
0000
0101
0101
0101
0101
c101
0101
017f
7f7f
181f
1f1f
1f1f
1f1f
1f00
0000
00ff
ffff
ff00
8000
0000
0200
c101
0101
017f
7f7f
181f
1f1f
1f1f
1f1f
1f00
0000
00ff
ffff
ff00
8000
0000
0200
c101
0101
017f
7f7f
181f
1f1f
1f1f
1f1f
1f00
0000
00ff
ffff
ff00
8000
0000
0200
c101
0101
017f
7f7f
181f
1f1f
1f1f
1f1f
1f00
0000
00ff
ffff
ff00
8000
0000
0200
c101
0101
017f
7f7f
181f
1f1f
1f1f
1f1f
1f00
0000
00ff
ffff
ff00
8000
0000
0200
c101
0101
017f
7f7f
181f
1f1f
1f1f
1f1f
1f00
0000
00ff
ffff
ff00
8000
0000
0200
c101
0101
017f
7f7f
181f
1f1f
1f1f
1f1f
1f00
0000
00ff
ffff
ff00
8000
0000
0200
c101
0101
017f
7f7f
181f
1f1f
1f1f
1f1f
1f00
0000
00ff
ffff
ff00
8000
0000
0200
c101
0101
017f
7f7f
181f
1f1f
1f1f
1f1f
1f00
0000
00ff
ffff
ff00
8000
0000
0200
c101
0101
017f
7f7f
181f
1f1f
1f1f
1f1f
1f00
0000
00ff
ffff
ff00
8000
0000
0200
c101
0101
017f
7f7f
181f
1f1f
1f1f
1f1f
1f00
0000
00ff
ffff
ff00
8000
0000
0200
c101
0101
017f
7f7f
181f
1f1f
1f1f
1f1f
1f00
0000
00ff
ffff
ff00
8000
0000
0200
c101
0101
017f
7f7f
181f
1f1f
1f1f
1f1f
1f00
0000
00ff
ffff
ff00
8000
0000
0200
c101
0101
017f
7f7f
181f
1f1f
1f1f
1f1f
1f00
0000
00ff
ffff
ff00
8000
0000
0200
c101
0101
017f
7f7f
181f
1f1f
1f1f
1f1f
1f00
0000
00ff
ffff
ff00
8000
0000
0200
c101
0101
017f
7f7f
181f
1f1f
1f1f
1f1f
1f00
0000
00ff
ffff
ff00
8000
0000
0200
c101
0101
017f
7f7f
181f
1f1f
1f1f
1f1f
1f00
0000
00ff
ffff
ff00
8000
0000
0200
c101
0101
017f
7f7f
181f
1f1f
1f1f
1f1f
1f00
0000
00ff
ffff
ff00
8000
0000
0200
c101
0101
017f
7f7f
181f
1f1f
1f1f
1f1f
1f00
0000
00ff
ffff
ff00
8000
0000
0200
c101
0101
017f
7f7f
181f
1f1f
1f1f
1f1f
1f00
0000
00ff
ffff
ff00
8000
0000
0200
c101
0101
017f
7f7f
181f
1f1f
1f1f
1f1f
1f00
0000
00ff
ffff
ff00
8000
0000
0200
c101
0101
017f
7f7f
181f
1f1f
1f1f
1f1f
1f00
0000
00ff
ffff
ff00
8000
0000
0200
c101
0101
017f
7f7f
181f
1f1f
1f1f
1f1f
1f00
0000
00ff
ffff
ff00
8000
0000
0200
c101
0101
017f
7f7f
181f
1f1f
1f1f
1f1f
1f00
0000
00ff
ffff
ff00
8000
0000
0200
c101
0101
017f
7f7f
181f
1f1f
1f1f
1f1f
1f00
0000
00ff
ffff
ff00
8000
0000
0200
c101
0101
017f
7f7f
181f
1f1f
1f1f
1f1f
1f00
0000
00ff
ffff
ff00
8000
0000
0200
c101
0101
017f
7f7f
181f
1f1f
1f1f
1f1f
1f00
0000
00ff
ffff
ff00
8000
0000
0200
c101
0101
017f
7f7f
181f
1f1f
1f1f
1f1f
1f00
0000
00ff
ffff
ff00
8000
0000
0200
c101
0101
017f
7f7f
181f
1f1f
1f1f
1f1f
1f00
0000
00ff
ffff
ff00
8000
0000
0200
c101
0101
017f
7f7f
181f
1f1f
1f1f
1f1f
1f00
0000
00ff
ffff
ff00
8000
0000
0200
c101
0101
017f
7f7f
181f
1f1f
1f1f
1f1f
1f00
0000
00ff
ffff
ff00
8000
0000
0200
c101
0101
017f
7f7f
181f
1f1f
1f1f
1f1f
1f00
0000
00ff
ffff
ff00
8000
0000
0200
0000
0000
0000
0000
0101
0101
0101
0101
0000
0000
0000
0000
0101
0101
0101
0101
08ff
0840
2f00
4724
20fe
2040
fe40
fc44
07e4
2720
2f20
508f
fc44
fc40
fe40
40fe
8040
2f00
0704
e724
4040
fe40
fc44
fc44
2724
202f
2020
508f
fc44
40fe
4040
00fe
0010
2b44
817d
1111
2020
fe20
fc24
24fc
7d11
5554
101d
e200
2424
fc70
a824
2220
001f
1010
1010
1f01
00f8
0808
0808
f800
0102
3f20
2020
203f
0000
fc04
0404
04fc
103f
40bf
213f
213f
00e0
80fc
04fc
04fc
2442
803f
203f
203f
8844
02f8
08f8
08f8
2021
2227
fa23
2273
80f8
10fc
44fc
44fc
6aa4
a023
2223
2223
a492
00fc
04fc
04fc
2023
2028
abaa
b2a2
00fe
0000
fc04
0404
a3a2
2232
2a44
4488
fc04
0000
0000
0000
007c
4444
457c
4444
2040
7c84
8448
3028
7c45
4644
7c28
4480
4482
fc84
8484
fc84
007c
4444
4544
7c10
2040
7c84
8448
3048
105d
5050
5050
5ee0
8402
fc84
8484
fc84
007f
01ff
81b9
9d00
00fc
00fe
0272
3a00
fc84
fd10
5c51
5ce0
7c84
4830
4cfe
84fc
0022
1111
ff80
8101
0808
1020
fe02
0200
7f01
0202
0408
30c0
fc04
0404
0404
0870
013f
21ff
213f
013f
00f8
08fe
08f8
00f8
213f
08ff
300c
037c
08f8
00fe
2040
8070
017f
4444
5f51
515f
00fe
007c
4444
4848
5151
5f50
5257
b980
5048
4444
4458
4040
007f
0101
3f01
01ff
00fc
0000
f800
00fe
0404
7f04
0808
1060
2020
fe20
2020
2020
1010
7e42
427e
4242
007e
4242
427e
4242
7e40
4844
445a
e201
427e
4242
4282
8206
2120
20fb
2021
6270
24a8
20fe
a824
2220
a8a0
2721
2220
2027
8080
fe08
9060
d804
2121
27fc
2427
6474
001e
9292
9494
9894
afa4
a525
2427
2c20
9252
9212
9c90
5010
4020
0704
0487
4404
8080
f808
08f8
0808
2724
2444
4444
859e
f800
8448
3010
c806
402f
0808
0f88
480b
00fe
0202
fe00
00fe
282b
2a4a
4a4a
9292
20fe
22aa
aa22
aaaa
0101
7f40
4109
113f
0000
fc04
0400
00f8
4101
01ff
0101
0101
0000
00fe
0000
0000
9050
2151
9109
0919
2020
fc04
04fc
0404
1929
4989
0909
1167
fc00
4448
3010
c806
103e
4881
7f08
04ff
207e
9000
fc20
40fe
003f
213f
213f
0101
00f8
08f8
08f8
02fe
0202
7f02
0202
ff01
0004
e408
1020
fe00
0204
0c37
c404
0403
0018
e000
0000
02fe
10fe
28fe
4474
5c44
80fc
80fc
84f0
80fe
00ff
101f
1310
ff00
00fc
1090
f010
fe10
2122
21f8
abaa
aaaa
2448
2400
fc94
6494
abfa
a322
2b3a
c306
fc48
6848
6848
da64
1010
7e42
427e
4242
007c
4444
4848
5048
7e40
4442
4659
e100
4442
4242
5c40
4040
0101
0101
ff00
0008
0000
0000
fe00
0020
0808
1010
2040
8000
1008
0804
0404
0000
10fe
3058
9501
7f44
20fc
70a8
2600
fe40
7f44
7f48
4f88
8f38
fc44
fc40
7840
423c
2023
20f8
0910
1027
00f8
0808
f808
08fe
306a
a120
2021
2620
2022
3468
a824
2260
0078
4848
4b78
4848
4040
4040
fc44
4444
4878
4848
4849
899a
4444
8484
8404
0418
1028
4480
7c10
10fd
00fc
0404
fc04
04fe
1010
5454
5410
1de0
1094
5810
5894
1230
0070
0001
fa00
f003
2050
8804
fa00
00fe
f202
02f3
9292
f292
5252
52fe
5252
5256
1017
2020
4f60
a1a6
18e0
4040
fee0
504c
2820
2f21
2320
2126
0280
fe10
10e0
9806
06f8
1010
10fe
1030
0000
00fc
8484
8484
3854
5490
1010
1010
8484
8484
84fc
8400
00f9
0000
fc03
f800
0cf0
2020
20fe
2020
f800
01f9
8989
f989
2020
fc04
0404
fc04
00ff
0003
0d31
c100
00fe
8000
6018
0400
7f01
1111
1111
11ff
fc00
00f8
0000
00fe
00f8
888b
88f8
8889
2020
40fe
4080
fc84
89fa
8c88
88f8
5088
84fc
8484
fc84
848c
007b
4848
4878
4b48
40fc
4444
8484
1800
4979
4f49
4949
8a9a
0808
de4a
4a4a
52d6
0101
ff00
7e42
427e
1800
fe80
8444
4830
001d
e003
0848
488f
5a86
0008
8402
12f0
2020
2320
f821
6172
4040
f090
9010
120e
a8a8
a720
2020
2020
2020
fe20
2020
2020
10ff
447c
10d5
127f
147e
1030
529e
00f8
427f
407f
407f
29c4
08f8
00fc
00fe
2296
007f
0404
0708
080b
00fc
0000
f010
1010
0810
1611
0000
ff00
9010
20a0
2020
fe00
007f
0000
1f10
101f
00fc
0000
f010
10f0
1010
101f
0000
ff00
1010
10f0
0000
fe00
203d
4991
7d54
557c
00dc
5454
dc00
fc00
5754
7c00
aaaa
a000
fe40
40fc
8404
0438
7800
03fe
0200
7b00
4040
fc04
0418
e040
7800
0378
4848
7848
407c
c040
4042
423e
04ff
0401
ff10
1f00
40fe
4000
fe10
f000
7f50
5f01
ff05
19e1
fc14
f400
fe40
300e
04ff
0400
7f40
514a
40fe
4000
fc00
203e
7f44
5555
5f44
8890
5294
1028
2844
4482
2020
2724
f521
6372
4040
fc04
0400
bca4
aca4
ab21
2122
2428
a4a4
242c
2020
223e
004f
2105
0589
4200
40fe
1014
1212
3000
2720
2744
4748
8080
fc04
fc00
fe02
027c
00f8
2724
2541
417a
4040
fe02
0200
de52
caca
4d48
7841
420c
5252
5296
9010
121e
0078
4b4a
4a78
4b4a
2020
fe02
0200
de52
4a7a
4a4d
4848
899a
5252
5256
9090
121e
0000
0000
0000
0000
0101
0101
0101
0101
0000
0000
0000
0000
0101
0101
0101
0101
0000
0000
0000
0000
0101
0101
0101
0101
0000
0000
0000
0000
0101
0101
0101
0101
0000
0000
0000
0000
0101
0101
0101
0101
0000
0000
0000
0000
0101
0101
0101
0101
0000
0000
0000
0000
0101
0101
0101
0101
0000
0000
0000
0000
0101
0101
0101
0101
0000
0000
0000
0000
0101
0101
0101
0101
0000
0000
0000
0000
0101
0101
0101
0101
0000
0000
0000
0000
0101
0101
0101
0101
0000
0000
0000
0000
0101
0101
0101
0101
0000
0000
0000
0000
0101
0101
0101
0101
0000
0000
0000
0000
0101
0101
0101
0101
0000
0000
0000
0000
0101
0101
0101
0101
0000
0000
0000
0000
0101
0101
0101
0101
0000
0000
0000
0000
0101
0101
0101
0101
0000
0000
0000
0000
0101
0101
0101
0101
0000
0000
0000
0000
0101
0101
0101
0101
0000
0000
0000
0000
0101
0101
0101
0101
0000
0000
0000
0000
0101
0101
0101
0101
0000
0000
0000
0000
0101
0101
0101
0101
0000
0000
0000
0000
0101
0101
0101
0101
0000
0000
0000
0000
0101
0101
0101
0101
0000
0000
0000
0000
0101
0101
0101
0101
0000
0000
0000
0000
0101
0101
0101
0101
0000
0000
0000
0000
0101
0101
0101
0101
0000
0000
0000
0000
0101
0101
0101
0101
0000
0000
0000
0000
0101
0101
0101
0101
0000
0000
0000
0000
0101
0101
0101
0101
0000
0000
0000
0000
0101
0101
0101
0101
0000
0000
0000
0000
0101
0101
0101
0101
0000
0000
0000
0000
0101
0101
0101
0101
0000
0000
0000
0000
0101
0101
0101
0101
0000
0000
0000
0000
0101
0101
0101
0101
0000
0000
0000
0000
0101
0101
0101
0101
0000
0000
0000
0000
0101
0101
0101
0101
0000
0000
0000
0000
0101
0101
0101
0101
0000
0000
0000
0000
0101
0101
0101
0101
0000
0000
0000
0000
0101
0101
0101
0101
0000
0000
0000
0000
0101
0101
0101
0101
0000
0000
0000
0000
0101
0101
0101
0101
0000
0000
0000
0000
0101
0101
0101
0101
0000
0000
0000
0000
0101
0101
0101
0101
0000
0000
0000
0000
0101
0101
0101
0101
0000
0000
0000
0000
0101
0101
0101
0101
0000
0000
0000
0000
0101
0101
0101
0101
0000
0000
0000
0000
0101
0101
0101
0101
0000
0000
0000
0000
0101
0101
0101
0101
0000
0000
0000
0000
0101
0101
0101
0101
0000
0000
0000
0000
0101
0101
0101
0101
0000
0000
0000
0000
0101
0101
0101
0101
0000
0000
0000
0000
0101
0101
0101
0101
0000
0000
0000
0000
0101
0101
0101
0101
0000
0000
0000
0000
0101
0101
0101
0101
0000
0000
0000
0000
0101
0101
0101
0101
0000
0000
0000
0000
0101
0101
0101
0101
0000
0000
0000
0000
0101
0101
0101
0101
0000
0000
0000
0000
0101
0101
0101
0101
0000
0000
0000
0000
0101
0101
0101
0101
0000
0000
0000
0000
0101
0101
0101
0101
0000
0000
0000
0000
0101
0101
0101
0101
0000
0000
0000
0000
0101
0101
0101
0101
0000
0000
0000
0000
0101
0101
0101
0101
0000
0000
0000
0000
0101
0101
0101
0101
0000
0000
0000
0000
0101
0101
0101
0101
0000
0000
0000
0000
0101
0101
0101
0101
0000
0000
0000
0000
0101
0101
0101
0101
0000
0000
0000
0000
0101
0101
0101
0101
0000
0000
0000
0000
0101
0101
0101
0101
0000
0000
0000
0000
0101
0101
0101
0101
0000
0000
0000
0000
0101
0101
0101
0101
0000
0000
0000
0000
0101
0101
0101
0101
0000
0000
0000
0000
0101
0101
0101
0101
0000
0000
0000
0000
0101
0101
0101
0101
0000
0000
0000
0000
0101
0101
0101
0101
0000
0000
0000
0000
0101
0101
0101
0101
0000
0000
0000
0000
0101
0101
0101
0101
0000
0000
0000
0000
0101
0101
0101
0101
0000
0000
0000
0000
0101
0101
0101
0101
0000
0000
0000
0000
0101
0101
0101
0101
0000
0000
0000
0000
0101
0101
0101
0101
0000
0000
0000
0000
0101
0101
0101
0101
0000
0000
0000
0000
0101
0101
0101
0101
0000
0000
0000
0000
0101
0101
0101
0101
0000
0000
0000
0000
0101
0101
0101
0101
0000
0000
0000
0000
0101
0101
0101
0101
0000
0000
0000
0000
0101
0101
0101
0101
